[15:38:41] [main/INFO] (FabricLoader/GameProvider) Loading Minecraft 1.20.1 with Fabric Loader 0.15.11
[15:38:41] [main/DEBUG] (FabricLoader/GamePatch) Found game constructor: net.minecraft.server.Main -> net/minecraft/server/Main
[15:38:41] [main/DEBUG] (FabricLoader/GamePatch) Patching game constructor main([Ljava/lang/String;)V
[15:38:41] [main/DEBUG] (FabricLoader/GamePatch) 20w22a+ detected, patching main method...
[15:38:41] [main/DEBUG] (FabricLoader/GamePatch) Detected version above 20w22a
[15:38:41] [main/DEBUG] (FabricLoader/GamePatch) Applying brand name hook to net/minecraft/client/ClientBrandRetriever::getClientModName
[15:38:41] [main/DEBUG] (FabricLoader/GamePatch) Applying brand name hook to net/minecraft/server/MinecraftServer::getServerModName
[15:38:41] [main/DEBUG] (FabricLoader/GamePatch) Patched 3 classs
[15:38:42] [main/DEBUG] (FabricLoader/Discovery) Mod discovery time: 1057.3 ms
[15:38:43] [main/DEBUG] (FabricLoader/Resolution) Mod resolution time: 750.3 ms
[15:38:43] [main/INFO] (FabricLoader) Loading 48 mods:
	- battlemanager 1.0
	- fabric-api 0.92.2+1.20.1
	- fabric-api-base 0.4.31+1802ada577
	- fabric-api-lookup-api-v1 1.6.36+1802ada577
	- fabric-biome-api-v1 13.0.13+1802ada577
	- fabric-block-api-v1 1.0.11+1802ada577
	- fabric-block-view-api-v2 1.0.1+1802ada577
	- fabric-command-api-v1 1.2.34+f71b366f77
	- fabric-command-api-v2 2.2.13+1802ada577
	- fabric-commands-v0 0.2.51+df3654b377
	- fabric-containers-v0 0.1.64+df3654b377
	- fabric-content-registries-v0 4.0.11+1802ada577
	- fabric-convention-tags-v1 1.5.5+1802ada577
	- fabric-crash-report-info-v1 0.2.19+1802ada577
	- fabric-data-attachment-api-v1 1.0.0+de0fd6d177
	- fabric-data-generation-api-v1 12.3.4+1802ada577
	- fabric-dimensions-v1 2.1.54+1802ada577
	- fabric-entity-events-v1 1.6.0+1c78457f77
	- fabric-events-interaction-v0 0.6.2+1802ada577
	- fabric-events-lifecycle-v0 0.2.63+df3654b377
	- fabric-game-rule-api-v1 1.0.40+1802ada577
	- fabric-gametest-api-v1 1.2.13+1802ada577
	- fabric-item-api-v1 2.1.28+1802ada577
	- fabric-item-group-api-v1 4.0.12+1802ada577
	- fabric-lifecycle-events-v1 2.2.22+1802ada577
	- fabric-loot-api-v2 1.2.1+1802ada577
	- fabric-loot-tables-v1 1.1.45+9e7660c677
	- fabric-message-api-v1 5.1.9+1802ada577
	- fabric-mining-level-api-v1 2.1.50+1802ada577
	- fabric-networking-api-v1 1.3.11+1802ada577
	- fabric-networking-v0 0.3.51+df3654b377
	- fabric-object-builder-api-v1 11.1.3+1802ada577
	- fabric-particles-v1 1.1.2+1802ada577
	- fabric-recipe-api-v1 1.0.21+1802ada577
	- fabric-registry-sync-v0 2.3.3+1802ada577
	- fabric-rendering-data-attachment-v1 0.3.37+92a0d36777
	- fabric-rendering-fluids-v1 3.0.28+1802ada577
	- fabric-resource-conditions-api-v1 2.3.8+1802ada577
	- fabric-resource-loader-v0 0.11.10+1802ada577
	- fabric-screen-handler-api-v1 1.3.30+1802ada577
	- fabric-transfer-api-v1 3.3.5+8dd72ea377
	- fabric-transitive-access-wideners-v1 4.3.1+1802ada577
	- fabricloader 0.15.11
	- java 17
	- luckperms 5.4.88
	   \-- fabric-permissions-api-v0 0.2-SNAPSHOT
	- minecraft 1.20.1
	- mixinextras 0.3.5
[15:38:45] [main/DEBUG] (FabricLoader/Mappings) Loading mappings took 1514 ms
[15:39:23] [main/WARN] (FabricLoader/ModRemap) Error deleting temporary input jar true
java.nio.file.FileSystemException: .\.fabric\tmp\fabric-permissions-api-v0100370399370043493.jar: The process cannot access the file because it is being used by another process
	at sun.nio.fs.WindowsException.translateToIOException(WindowsException.java:92) ~[?:?]
	at sun.nio.fs.WindowsException.rethrowAsIOException(WindowsException.java:103) ~[?:?]
	at sun.nio.fs.WindowsException.rethrowAsIOException(WindowsException.java:108) ~[?:?]
	at sun.nio.fs.WindowsFileSystemProvider.implDelete(WindowsFileSystemProvider.java:275) ~[?:?]
	at sun.nio.fs.AbstractFileSystemProvider.deleteIfExists(AbstractFileSystemProvider.java:110) ~[?:?]
	at java.nio.file.Files.deleteIfExists(Files.java:1191) ~[?:?]
	at net.fabricmc.loader.impl.discovery.RuntimeModRemapper.remap(RuntimeModRemapper.java:194) ~[fabric-loader-0.15.11.jar:?]
	at net.fabricmc.loader.impl.FabricLoaderImpl.setup(FabricLoaderImpl.java:242) ~[fabric-loader-0.15.11.jar:?]
	at net.fabricmc.loader.impl.FabricLoaderImpl.load(FabricLoaderImpl.java:192) ~[fabric-loader-0.15.11.jar:?]
	at net.fabricmc.loader.impl.launch.knot.Knot.init(Knot.java:146) ~[fabric-loader-0.15.11.jar:?]
	at net.fabricmc.loader.impl.launch.knot.Knot.launch(Knot.java:68) ~[fabric-loader-0.15.11.jar:?]
	at net.fabricmc.loader.impl.launch.knot.KnotServer.main(KnotServer.java:23) ~[fabric-loader-0.15.11.jar:?]
	at net.fabricmc.devlaunchinjector.Main.main(Main.java:86) ~[?:?]
[15:39:23] [main/DEBUG] (FabricLoader/Knot) Adding C:\Users\fynnkunz\IdeaProjects\BattleManager\.gradle\loom-cache\remapped_mods\net_fabricmc_yarn_1_20_1_1_20_1_build_10_v2\net\fabricmc\fabric-api\fabric-particles-v1\1.1.2+1802ada577\fabric-particles-v1-1.1.2+1802ada577.jar to classpath.
[15:39:23] [main/DEBUG] (FabricLoader/Knot) Adding C:\Users\fynnkunz\IdeaProjects\BattleManager\.gradle\loom-cache\remapped_mods\net_fabricmc_yarn_1_20_1_1_20_1_build_10_v2\net\fabricmc\fabric-api\fabric-rendering-data-attachment-v1\0.3.37+92a0d36777\fabric-rendering-data-attachment-v1-0.3.37+92a0d36777.jar to classpath.
[15:39:23] [main/DEBUG] (FabricLoader/Knot) Adding C:\Users\fynnkunz\IdeaProjects\BattleManager\.gradle\loom-cache\remapped_mods\net_fabricmc_yarn_1_20_1_1_20_1_build_10_v2\net\fabricmc\fabric-api\fabric-biome-api-v1\13.0.13+1802ada577\fabric-biome-api-v1-13.0.13+1802ada577.jar to classpath.
[15:39:23] [main/DEBUG] (FabricLoader/Knot) Adding C:\Users\fynnkunz\IdeaProjects\BattleManager\.gradle\loom-cache\remapped_mods\net_fabricmc_yarn_1_20_1_1_20_1_build_10_v2\net\fabricmc\fabric-api\fabric-entity-events-v1\1.6.0+1c78457f77\fabric-entity-events-v1-1.6.0+1c78457f77.jar to classpath.
[15:39:23] [main/DEBUG] (FabricLoader/Knot) Adding C:\Users\fynnkunz\IdeaProjects\BattleManager\.gradle\loom-cache\remapped_mods\net_fabricmc_yarn_1_20_1_1_20_1_build_10_v2\net\fabricmc\fabric-api\fabric-item-api-v1\2.1.28+1802ada577\fabric-item-api-v1-2.1.28+1802ada577.jar to classpath.
[15:39:23] [main/DEBUG] (FabricLoader/Knot) Adding C:\Users\fynnkunz\IdeaProjects\BattleManager\.gradle\loom-cache\remapped_mods\net_fabricmc_yarn_1_20_1_1_20_1_build_10_v2\net\fabricmc\fabric-api\fabric-dimensions-v1\2.1.54+1802ada577\fabric-dimensions-v1-2.1.54+1802ada577.jar to classpath.
[15:39:23] [main/DEBUG] (FabricLoader/Knot) Adding C:\Users\fynnkunz\IdeaProjects\BattleManager\.gradle\loom-cache\remapped_mods\net_fabricmc_yarn_1_20_1_1_20_1_build_10_v2\net\fabricmc\fabric-api\fabric-rendering-fluids-v1\3.0.28+1802ada577\fabric-rendering-fluids-v1-3.0.28+1802ada577.jar to classpath.
[15:39:23] [main/DEBUG] (FabricLoader/Knot) Adding C:\Users\fynnkunz\IdeaProjects\BattleManager\.gradle\loom-cache\remapped_mods\net_fabricmc_yarn_1_20_1_1_20_1_build_10_v2\net\fabricmc\fabric-api\fabric-gametest-api-v1\1.2.13+1802ada577\fabric-gametest-api-v1-1.2.13+1802ada577.jar to classpath.
[15:39:23] [main/DEBUG] (FabricLoader/Knot) Adding C:\Users\fynnkunz\IdeaProjects\BattleManager\.gradle\loom-cache\remapped_mods\net_fabricmc_yarn_1_20_1_1_20_1_build_10_v2\net\fabricmc\fabric-api\fabric-game-rule-api-v1\1.0.40+1802ada577\fabric-game-rule-api-v1-1.0.40+1802ada577.jar to classpath.
[15:39:23] [main/DEBUG] (FabricLoader/Knot) Adding C:\Users\fynnkunz\IdeaProjects\BattleManager\.gradle\loom-cache\remapped_mods\net_fabricmc_yarn_1_20_1_1_20_1_build_10_v2\net\fabricmc\fabric-api\fabric-containers-v0\0.1.64+df3654b377\fabric-containers-v0-0.1.64+df3654b377.jar to classpath.
[15:39:23] [main/DEBUG] (FabricLoader/Knot) Adding C:\Users\fynnkunz\IdeaProjects\BattleManager\.gradle\loom-cache\remapped_mods\net_fabricmc_yarn_1_20_1_1_20_1_build_10_v2\net\fabricmc\fabric-api\fabric-command-api-v2\2.2.13+1802ada577\fabric-command-api-v2-2.2.13+1802ada577.jar to classpath.
[15:39:23] [main/DEBUG] (FabricLoader/Knot) Adding C:\Users\fynnkunz\IdeaProjects\BattleManager\.gradle\loom-cache\remapped_mods\net_fabricmc_yarn_1_20_1_1_20_1_build_10_v2\net\fabricmc\fabric-api\fabric-events-interaction-v0\0.6.2+1802ada577\fabric-events-interaction-v0-0.6.2+1802ada577.jar to classpath.
[15:39:23] [main/DEBUG] (FabricLoader/Knot) Adding C:\Users\fynnkunz\IdeaProjects\BattleManager\.gradle\loom-cache\remapped_mods\net_fabricmc_yarn_1_20_1_1_20_1_build_10_v2\net\fabricmc\fabric-api\fabric-block-api-v1\1.0.11+1802ada577\fabric-block-api-v1-1.0.11+1802ada577.jar to classpath.
[15:39:23] [main/DEBUG] (FabricLoader/Knot) Adding C:\Users\fynnkunz\IdeaProjects\BattleManager\.gradle\loom-cache\remapped_mods\net_fabricmc_yarn_1_20_1_1_20_1_build_10_v2\net\fabricmc\fabric-api\fabric-loot-api-v2\1.2.1+1802ada577\fabric-loot-api-v2-1.2.1+1802ada577.jar to classpath.
[15:39:23] [main/DEBUG] (FabricLoader/Knot) Adding C:\Users\fynnkunz\IdeaProjects\BattleManager\.gradle\loom-cache\remapped_mods\net_fabricmc_yarn_1_20_1_1_20_1_build_10_v2\net\fabricmc\fabric-api\fabric-data-generation-api-v1\12.3.4+1802ada577\fabric-data-generation-api-v1-12.3.4+1802ada577.jar to classpath.
[15:39:23] [main/DEBUG] (FabricLoader/Knot) Adding C:\Users\fynnkunz\IdeaProjects\BattleManager\.gradle\loom-cache\remapped_mods\net_fabricmc_yarn_1_20_1_1_20_1_build_10_v2\net\fabricmc\fabric-api\fabric-transitive-access-wideners-v1\4.3.1+1802ada577\fabric-transitive-access-wideners-v1-4.3.1+1802ada577.jar to classpath.
[15:39:23] [main/DEBUG] (FabricLoader/Knot) Adding C:\Users\fynnkunz\IdeaProjects\BattleManager\.gradle\loom-cache\remapped_mods\net_fabricmc_yarn_1_20_1_1_20_1_build_10_v2\net\fabricmc\fabric-api\fabric-loot-tables-v1\1.1.45+9e7660c677\fabric-loot-tables-v1-1.1.45+9e7660c677.jar to classpath.
[15:39:23] [main/DEBUG] (FabricLoader/Knot) Adding C:\Users\fynnkunz\IdeaProjects\BattleManager\.gradle\loom-cache\remapped_mods\net_fabricmc_yarn_1_20_1_1_20_1_build_10_v2\net\fabricmc\fabric-api\fabric-registry-sync-v0\2.3.3+1802ada577\fabric-registry-sync-v0-2.3.3+1802ada577.jar to classpath.
[15:39:23] [main/DEBUG] (FabricLoader/Knot) Adding C:\Users\fynnkunz\IdeaProjects\BattleManager\.gradle\loom-cache\remapped_mods\net_fabricmc_yarn_1_20_1_1_20_1_build_10_v2\net\fabricmc\fabric-api\fabric-object-builder-api-v1\11.1.3+1802ada577\fabric-object-builder-api-v1-11.1.3+1802ada577.jar to classpath.
[15:39:23] [main/DEBUG] (FabricLoader/Knot) Adding C:\Users\fynnkunz\IdeaProjects\BattleManager\.gradle\loom-cache\remapped_mods\net_fabricmc_yarn_1_20_1_1_20_1_build_10_v2\net\fabricmc\fabric-api\fabric-lifecycle-events-v1\2.2.22+1802ada577\fabric-lifecycle-events-v1-2.2.22+1802ada577.jar to classpath.
[15:39:23] [main/DEBUG] (FabricLoader/Knot) Adding C:\Users\fynnkunz\IdeaProjects\BattleManager\.gradle\loom-cache\remapped_mods\net_fabricmc_yarn_1_20_1_1_20_1_build_10_v2\net\fabricmc\fabric-api\fabric-resource-loader-v0\0.11.10+1802ada577\fabric-resource-loader-v0-0.11.10+1802ada577.jar to classpath.
[15:39:23] [main/DEBUG] (FabricLoader/Knot) Adding C:\Users\fynnkunz\IdeaProjects\BattleManager\.gradle\loom-cache\remapped_mods\net_fabricmc_yarn_1_20_1_1_20_1_build_10_v2\net\fabricmc\fabric-api\fabric-commands-v0\0.2.51+df3654b377\fabric-commands-v0-0.2.51+df3654b377.jar to classpath.
[15:39:23] [main/DEBUG] (FabricLoader/Knot) Adding C:\Users\fynnkunz\IdeaProjects\BattleManager\.gradle\loom-cache\remapped_mods\net_fabricmc_yarn_1_20_1_1_20_1_build_10_v2\net\fabricmc\fabric-api\fabric-mining-level-api-v1\2.1.50+1802ada577\fabric-mining-level-api-v1-2.1.50+1802ada577.jar to classpath.
[15:39:23] [main/DEBUG] (FabricLoader/Knot) Adding C:\Users\fynnkunz\IdeaProjects\BattleManager\.gradle\loom-cache\remapped_mods\net_fabricmc_yarn_1_20_1_1_20_1_build_10_v2\net\fabricmc\fabric-api\fabric-api-base\0.4.31+1802ada577\fabric-api-base-0.4.31+1802ada577.jar to classpath.
[15:39:23] [main/DEBUG] (FabricLoader/Knot) Adding C:\Users\fynnkunz\IdeaProjects\BattleManager\.gradle\loom-cache\remapped_mods\net_fabricmc_yarn_1_20_1_1_20_1_build_10_v2\net\fabricmc\fabric-api\fabric-networking-v0\0.3.51+df3654b377\fabric-networking-v0-0.3.51+df3654b377.jar to classpath.
[15:39:23] [main/DEBUG] (FabricLoader/Knot) Adding C:\Users\fynnkunz\IdeaProjects\BattleManager\build\resources\main to classpath.
[15:39:23] [main/DEBUG] (FabricLoader/Knot) Adding C:\Users\fynnkunz\IdeaProjects\BattleManager\.gradle\loom-cache\remapped_mods\net_fabricmc_yarn_1_20_1_1_20_1_build_10_v2\net\fabricmc\fabric-api\fabric-events-lifecycle-v0\0.2.63+df3654b377\fabric-events-lifecycle-v0-0.2.63+df3654b377.jar to classpath.
[15:39:23] [main/DEBUG] (FabricLoader/Knot) Adding C:\Users\fynnkunz\IdeaProjects\BattleManager\.gradle\loom-cache\remapped_mods\net_fabricmc_yarn_1_20_1_1_20_1_build_10_v2\net\fabricmc\fabric-api\fabric-screen-handler-api-v1\1.3.30+1802ada577\fabric-screen-handler-api-v1-1.3.30+1802ada577.jar to classpath.
[15:39:23] [main/DEBUG] (FabricLoader/Knot) Adding C:\Users\fynnkunz\IdeaProjects\BattleManager\.gradle\loom-cache\remapped_mods\net_fabricmc_yarn_1_20_1_1_20_1_build_10_v2\net\fabricmc\fabric-api\fabric-item-group-api-v1\4.0.12+1802ada577\fabric-item-group-api-v1-4.0.12+1802ada577.jar to classpath.
[15:39:23] [main/DEBUG] (FabricLoader/Knot) Adding C:\Users\fynnkunz\IdeaProjects\BattleManager\.gradle\loom-cache\remapped_mods\net_fabricmc_yarn_1_20_1_1_20_1_build_10_v2\net\fabricmc\fabric-api\fabric-command-api-v1\1.2.34+f71b366f77\fabric-command-api-v1-1.2.34+f71b366f77.jar to classpath.
[15:39:23] [main/DEBUG] (FabricLoader/Knot) Adding .\.fabric\processedMods\fabric-permissions-api-v0-0.2-SNAPSHOT-4dccd28795ed08cf.jar to classpath.
[15:39:23] [main/DEBUG] (FabricLoader/Knot) Adding C:\Users\fynnkunz\IdeaProjects\BattleManager\.gradle\loom-cache\remapped_mods\net_fabricmc_yarn_1_20_1_1_20_1_build_10_v2\net\fabricmc\fabric-api\fabric-message-api-v1\5.1.9+1802ada577\fabric-message-api-v1-5.1.9+1802ada577.jar to classpath.
[15:39:23] [main/DEBUG] (FabricLoader/Knot) Adding C:\Users\fynnkunz\.gradle\caches\modules-2\files-2.1\io.github.llamalad7\mixinextras-fabric\0.3.5\3b577be20ea942610b3045e4f0cd909fa415a9d3\mixinextras-fabric-0.3.5.jar to classpath.
[15:39:23] [main/DEBUG] (FabricLoader/Knot) Adding C:\Users\fynnkunz\IdeaProjects\BattleManager\.gradle\loom-cache\remapped_mods\net_fabricmc_yarn_1_20_1_1_20_1_build_10_v2\net\fabricmc\fabric-api\fabric-recipe-api-v1\1.0.21+1802ada577\fabric-recipe-api-v1-1.0.21+1802ada577.jar to classpath.
[15:39:23] [main/DEBUG] (FabricLoader/Knot) Adding C:\Users\fynnkunz\IdeaProjects\BattleManager\.gradle\loom-cache\remapped_mods\net_fabricmc_yarn_1_20_1_1_20_1_build_10_v2\net\fabricmc\fabric-api\fabric-transfer-api-v1\3.3.5+8dd72ea377\fabric-transfer-api-v1-3.3.5+8dd72ea377.jar to classpath.
[15:39:23] [main/DEBUG] (FabricLoader/Knot) Adding C:\Users\fynnkunz\IdeaProjects\BattleManager\.gradle\loom-cache\remapped_mods\net_fabricmc_yarn_1_20_1_1_20_1_build_10_v2\net\fabricmc\fabric-api\fabric-api-lookup-api-v1\1.6.36+1802ada577\fabric-api-lookup-api-v1-1.6.36+1802ada577.jar to classpath.
[15:39:23] [main/DEBUG] (FabricLoader/Knot) Adding C:\Users\fynnkunz\IdeaProjects\BattleManager\.gradle\loom-cache\remapped_mods\net_fabricmc_yarn_1_20_1_1_20_1_build_10_v2\net\fabricmc\fabric-api\fabric-convention-tags-v1\1.5.5+1802ada577\fabric-convention-tags-v1-1.5.5+1802ada577.jar to classpath.
[15:39:23] [main/DEBUG] (FabricLoader/Knot) Adding C:\Users\fynnkunz\IdeaProjects\BattleManager\.gradle\loom-cache\remapped_mods\net_fabricmc_yarn_1_20_1_1_20_1_build_10_v2\net\fabricmc\fabric-api\fabric-content-registries-v0\4.0.11+1802ada577\fabric-content-registries-v0-4.0.11+1802ada577.jar to classpath.
[15:39:23] [main/DEBUG] (FabricLoader/Knot) Adding C:\Users\fynnkunz\IdeaProjects\BattleManager\.gradle\loom-cache\remapped_mods\net_fabricmc_yarn_1_20_1_1_20_1_build_10_v2\net\fabricmc\fabric-api\fabric-networking-api-v1\1.3.11+1802ada577\fabric-networking-api-v1-1.3.11+1802ada577.jar to classpath.
[15:39:23] [main/DEBUG] (FabricLoader/Knot) Adding C:\Users\fynnkunz\IdeaProjects\BattleManager\.gradle\loom-cache\remapped_mods\net_fabricmc_yarn_1_20_1_1_20_1_build_10_v2\net\fabricmc\fabric-api\fabric-data-attachment-api-v1\1.0.0+de0fd6d177\fabric-data-attachment-api-v1-1.0.0+de0fd6d177.jar to classpath.
[15:39:23] [main/DEBUG] (FabricLoader/Knot) Adding C:\Users\fynnkunz\IdeaProjects\BattleManager\.gradle\loom-cache\remapped_mods\net_fabricmc_yarn_1_20_1_1_20_1_build_10_v2\net\fabricmc\fabric-api\fabric-api\0.92.2+1.20.1\fabric-api-0.92.2+1.20.1.jar to classpath.
[15:39:23] [main/DEBUG] (FabricLoader/Knot) Adding C:\Users\fynnkunz\IdeaProjects\BattleManager\.gradle\loom-cache\remapped_mods\net_fabricmc_yarn_1_20_1_1_20_1_build_10_v2\net\fabricmc\fabric-api\fabric-crash-report-info-v1\0.2.19+1802ada577\fabric-crash-report-info-v1-0.2.19+1802ada577.jar to classpath.
[15:39:23] [main/DEBUG] (FabricLoader/Knot) Adding .\.fabric\processedMods\luckperms-5.4.88-64b5720b4b825f21.jar to classpath.
[15:39:23] [main/DEBUG] (FabricLoader/Knot) Adding C:\Users\fynnkunz\IdeaProjects\BattleManager\.gradle\loom-cache\remapped_mods\net_fabricmc_yarn_1_20_1_1_20_1_build_10_v2\net\fabricmc\fabric-api\fabric-resource-conditions-api-v1\2.3.8+1802ada577\fabric-resource-conditions-api-v1-2.3.8+1802ada577.jar to classpath.
[15:39:23] [main/DEBUG] (FabricLoader/Knot) Adding C:\Users\fynnkunz\IdeaProjects\BattleManager\.gradle\loom-cache\remapped_mods\net_fabricmc_yarn_1_20_1_1_20_1_build_10_v2\net\fabricmc\fabric-api\fabric-block-view-api-v2\1.0.1+1802ada577\fabric-block-view-api-v2-1.0.1+1802ada577.jar to classpath.
[15:39:23] [main/DEBUG] (FabricLoader/Entrypoint) Registering new-style initializer net.fabricmc.fabric.impl.gametest.FabricGameTestModInitializer for mod fabric-gametest-api-v1 (key main)
[15:39:23] [main/DEBUG] (FabricLoader/Entrypoint) Registering new-style initializer net.fabricmc.fabric.impl.client.container.ScreenProviderRegistryImpl::init for mod fabric-containers-v0 (key client)
[15:39:23] [main/DEBUG] (FabricLoader/Entrypoint) Registering new-style initializer net.fabricmc.fabric.impl.event.interaction.InteractionEventsRouterClient for mod fabric-events-interaction-v0 (key client)
[15:39:23] [main/DEBUG] (FabricLoader/Entrypoint) Registering new-style initializer net.fabricmc.fabric.impl.event.interaction.InteractionEventsRouter for mod fabric-events-interaction-v0 (key main)
[15:39:23] [main/DEBUG] (FabricLoader/Entrypoint) Registering new-style initializer net.fabricmc.fabric.impl.loot.table.LootTablesV1Init for mod fabric-loot-tables-v1 (key main)
[15:39:23] [main/DEBUG] (FabricLoader/Entrypoint) Registering new-style initializer net.fabricmc.fabric.impl.client.registry.sync.FabricRegistryClientInit for mod fabric-registry-sync-v0 (key client)
[15:39:23] [main/DEBUG] (FabricLoader/Entrypoint) Registering new-style initializer net.fabricmc.fabric.impl.registry.sync.FabricRegistryInit for mod fabric-registry-sync-v0 (key main)
[15:39:23] [main/DEBUG] (FabricLoader/Entrypoint) Registering new-style initializer net.fabricmc.fabric.impl.client.event.lifecycle.ClientLifecycleEventsImpl for mod fabric-lifecycle-events-v1 (key client)
[15:39:23] [main/DEBUG] (FabricLoader/Entrypoint) Registering new-style initializer net.fabricmc.fabric.impl.event.lifecycle.LifecycleEventsImpl for mod fabric-lifecycle-events-v1 (key main)
[15:39:23] [main/DEBUG] (FabricLoader/Entrypoint) Registering new-style initializer net.fabricmc.fabric.impl.client.networking.v0.OldClientNetworkingHooks for mod fabric-networking-v0 (key client)
[15:39:23] [main/DEBUG] (FabricLoader/Entrypoint) Registering new-style initializer net.fabricmc.fabric.impl.networking.v0.OldNetworkingHooks for mod fabric-networking-v0 (key main)
[15:39:23] [main/DEBUG] (FabricLoader/Entrypoint) Registering new-style initializer gg.cnmc.battlemanager.BattleManager for mod battlemanager (key main)
[15:39:23] [main/DEBUG] (FabricLoader/Entrypoint) Registering new-style initializer net.fabricmc.fabric.impl.event.lifecycle.v0.client.LegacyClientEventInvokers for mod fabric-events-lifecycle-v0 (key client)
[15:39:23] [main/DEBUG] (FabricLoader/Entrypoint) Registering new-style initializer net.fabricmc.fabric.impl.event.lifecycle.v0.LegacyEventInvokers for mod fabric-events-lifecycle-v0 (key main)
[15:39:23] [main/DEBUG] (FabricLoader/Entrypoint) Registering new-style initializer net.fabricmc.fabric.impl.screenhandler.client.ClientNetworking for mod fabric-screen-handler-api-v1 (key client)
[15:39:23] [main/DEBUG] (FabricLoader/Entrypoint) Registering new-style initializer net.fabricmc.fabric.impl.command.v1.LegacyHandler for mod fabric-command-api-v1 (key main)
[15:39:23] [main/DEBUG] (FabricLoader/Entrypoint) Registering new-style initializer net.fabricmc.fabric.impl.recipe.ingredient.client.CustomIngredientSyncClient for mod fabric-recipe-api-v1 (key client)
[15:39:23] [main/DEBUG] (FabricLoader/Entrypoint) Registering new-style initializer net.fabricmc.fabric.impl.recipe.ingredient.CustomIngredientInit for mod fabric-recipe-api-v1 (key main)
[15:39:23] [main/DEBUG] (FabricLoader/Entrypoint) Registering new-style initializer net.fabricmc.fabric.impl.recipe.ingredient.CustomIngredientSync for mod fabric-recipe-api-v1 (key main)
[15:39:23] [main/DEBUG] (FabricLoader/Entrypoint) Registering new-style initializer net.fabricmc.fabric.impl.lookup.ApiLookupImpl for mod fabric-api-lookup-api-v1 (key main)
[15:39:23] [main/DEBUG] (FabricLoader/Entrypoint) Registering new-style initializer net.fabricmc.fabric.impl.networking.client.ClientNetworkingImpl::clientInit for mod fabric-networking-api-v1 (key client)
[15:39:23] [main/DEBUG] (FabricLoader/Entrypoint) Registering new-style initializer net.fabricmc.fabric.impl.networking.NetworkingImpl::init for mod fabric-networking-api-v1 (key main)
[15:39:23] [main/DEBUG] (FabricLoader/Entrypoint) Registering new-style initializer net.fabricmc.fabric.impl.attachment.AttachmentEntrypoint for mod fabric-data-attachment-api-v1 (key main)
[15:39:23] [main/DEBUG] (FabricLoader/Entrypoint) Registering new-style initializer me.lucko.luckperms.fabric.LPFabricBootstrap for mod luckperms (key server)
[15:39:24] [main/INFO] (FabricLoader/Mixin) SpongePowered MIXIN Subsystem Version=0.8.5 Source=file:/C:/Users/fynnkunz/.gradle/caches/modules-2/files-2.1/net.fabricmc/sponge-mixin/0.13.3+mixin.0.8.5/9527e6b0d2449408958fd1302594dc65ec5ade9c/sponge-mixin-0.13.3+mixin.0.8.5.jar Service=Knot/Fabric Env=SERVER
[15:39:24] [main/DEBUG] (FabricLoader/Mixin) Error cleaning class output directory: .mixin.out
[15:39:24] [main/DEBUG] (FabricLoader/Mixin) Initialising Mixin Platform Manager
[15:39:24] [main/DEBUG] (FabricLoader/Mixin) Adding mixin platform agents for container ContainerHandleURI(file:///C:/Users/fynnkunz/.gradle/caches/modules-2/files-2.1/net.fabricmc/fabric-loader/0.15.11/9c2be53d84ec5c4fb58bb5b8d9c8a629047c9ee9/fabric-loader-0.15.11.jar)
[15:39:24] [main/DEBUG] (FabricLoader/Mixin) Instancing new MixinPlatformAgentDefault for ContainerHandleURI(file:///C:/Users/fynnkunz/.gradle/caches/modules-2/files-2.1/net.fabricmc/fabric-loader/0.15.11/9c2be53d84ec5c4fb58bb5b8d9c8a629047c9ee9/fabric-loader-0.15.11.jar)
[15:39:24] [main/DEBUG] (FabricLoader/Mixin) MixinPlatformAgentDefault accepted container ContainerHandleURI(file:///C:/Users/fynnkunz/.gradle/caches/modules-2/files-2.1/net.fabricmc/fabric-loader/0.15.11/9c2be53d84ec5c4fb58bb5b8d9c8a629047c9ee9/fabric-loader-0.15.11.jar)
[15:39:24] [main/DEBUG] (FabricLoader/Mixin) Instancing new MixinPlatformAgentDefault for ContainerHandleURI(file:///C:/Users/fynnkunz/.gradle/caches/modules-2/files-2.1/net.fabricmc/fabric-loader/0.15.11/9c2be53d84ec5c4fb58bb5b8d9c8a629047c9ee9/fabric-loader-0.15.11.jar)
[15:39:24] [main/DEBUG] (FabricLoader/Mixin) MixinPlatformAgentDefault accepted container ContainerHandleURI(file:///C:/Users/fynnkunz/.gradle/caches/modules-2/files-2.1/net.fabricmc/fabric-loader/0.15.11/9c2be53d84ec5c4fb58bb5b8d9c8a629047c9ee9/fabric-loader-0.15.11.jar)
[15:39:24] [main/DEBUG] (FabricLoader/Mixin) Processing prepare() for PlatformAgent[MixinPlatformAgentDefault:ContainerHandleURI(file:///C:/Users/fynnkunz/.gradle/caches/modules-2/files-2.1/net.fabricmc/fabric-loader/0.15.11/9c2be53d84ec5c4fb58bb5b8d9c8a629047c9ee9/fabric-loader-0.15.11.jar)]
[15:39:24] [main/DEBUG] (FabricLoader/Mixin) Processing prepare() for PlatformAgent[MixinPlatformAgentDefault:ContainerHandleURI(file:///C:/Users/fynnkunz/.gradle/caches/modules-2/files-2.1/net.fabricmc/fabric-loader/0.15.11/9c2be53d84ec5c4fb58bb5b8d9c8a629047c9ee9/fabric-loader-0.15.11.jar)]
[15:39:24] [main/INFO] (FabricLoader/Mixin) Loaded Fabric development mappings for mixin remapper!
[15:39:25] [main/DEBUG] (FabricLoader/Mixin) Compatibility level JAVA_17 specified by fabric-rendering-data-attachment-v1.mixins.json is higher than the maximum level supported by this version of mixin (JAVA_13).
[15:39:25] [main/INFO] (FabricLoader/Mixin) Compatibility level set to JAVA_17
[15:39:25] [main/DEBUG] (FabricLoader/Mixin) Mixin config fabric-rendering-data-attachment-v1.mixins.json does not specify "minVersion" property
[15:39:25] [main/DEBUG] (FabricLoader/Mixin) Compatibility level JAVA_16 specified by fabric-biome-api-v1.mixins.json is higher than the maximum level supported by this version of mixin (JAVA_13).
[15:39:25] [main/DEBUG] (FabricLoader/Mixin) Mixin config fabric-biome-api-v1.mixins.json does not specify "minVersion" property
[15:39:25] [main/DEBUG] (FabricLoader/Mixin) Compatibility level JAVA_16 specified by fabric-entity-events-v1.mixins.json is higher than the maximum level supported by this version of mixin (JAVA_13).
[15:39:25] [main/DEBUG] (FabricLoader/Mixin) Mixin config fabric-entity-events-v1.mixins.json does not specify "minVersion" property
[15:39:25] [main/DEBUG] (FabricLoader/Mixin) Compatibility level JAVA_16 specified by fabric-item-api-v1.mixins.json is higher than the maximum level supported by this version of mixin (JAVA_13).
[15:39:25] [main/DEBUG] (FabricLoader/Mixin) Mixin config fabric-item-api-v1.mixins.json does not specify "minVersion" property
[15:39:25] [main/DEBUG] (FabricLoader/Mixin) Compatibility level JAVA_16 specified by fabric-dimensions-v1.mixins.json is higher than the maximum level supported by this version of mixin (JAVA_13).
[15:39:25] [main/DEBUG] (FabricLoader/Mixin) Mixin config fabric-dimensions-v1.mixins.json does not specify "minVersion" property
[15:39:25] [main/DEBUG] (FabricLoader/Mixin) Compatibility level JAVA_16 specified by fabric-gametest-api-v1.mixins.json is higher than the maximum level supported by this version of mixin (JAVA_13).
[15:39:25] [main/DEBUG] (FabricLoader/Mixin) Mixin config fabric-gametest-api-v1.mixins.json does not specify "minVersion" property
[15:39:25] [main/DEBUG] (FabricLoader/Mixin) Compatibility level JAVA_16 specified by fabric-game-rule-api-v1.mixins.json is higher than the maximum level supported by this version of mixin (JAVA_13).
[15:39:25] [main/DEBUG] (FabricLoader/Mixin) Mixin config fabric-game-rule-api-v1.mixins.json does not specify "minVersion" property
[15:39:25] [main/DEBUG] (FabricLoader/Mixin) Compatibility level JAVA_16 specified by fabric-containers-v0.mixins.json is higher than the maximum level supported by this version of mixin (JAVA_13).
[15:39:25] [main/DEBUG] (FabricLoader/Mixin) Mixin config fabric-containers-v0.mixins.json does not specify "minVersion" property
[15:39:25] [main/DEBUG] (FabricLoader/Mixin) Compatibility level JAVA_16 specified by fabric-containers-v0.accurate.mixins.json is higher than the maximum level supported by this version of mixin (JAVA_13).
[15:39:25] [main/DEBUG] (FabricLoader/Mixin) Mixin config fabric-containers-v0.accurate.mixins.json does not specify "minVersion" property
[15:39:25] [main/DEBUG] (FabricLoader/Mixin) Compatibility level JAVA_16 specified by fabric-command-api-v2.mixins.json is higher than the maximum level supported by this version of mixin (JAVA_13).
[15:39:25] [main/DEBUG] (FabricLoader/Mixin) Mixin config fabric-command-api-v2.mixins.json does not specify "minVersion" property
[15:39:25] [main/DEBUG] (FabricLoader/Mixin) Compatibility level JAVA_16 specified by fabric-events-interaction-v0.mixins.json is higher than the maximum level supported by this version of mixin (JAVA_13).
[15:39:25] [main/DEBUG] (FabricLoader/Mixin) Mixin config fabric-events-interaction-v0.mixins.json does not specify "minVersion" property
[15:39:25] [main/DEBUG] (FabricLoader/Mixin) Mixin config fabric-block-api-v1.mixins.json does not specify "minVersion" property
[15:39:25] [main/DEBUG] (FabricLoader/Mixin) Mixin config fabric-loot-api-v2.mixins.json does not specify "minVersion" property
[15:39:25] [main/DEBUG] (FabricLoader/Mixin) Compatibility level JAVA_16 specified by fabric-data-generation-api-v1.mixins.json is higher than the maximum level supported by this version of mixin (JAVA_13).
[15:39:25] [main/DEBUG] (FabricLoader/Mixin) Mixin config fabric-data-generation-api-v1.mixins.json does not specify "minVersion" property
[15:39:25] [main/DEBUG] (FabricLoader/Mixin) Compatibility level JAVA_16 specified by fabric-loot-tables-v1.mixins.json is higher than the maximum level supported by this version of mixin (JAVA_13).
[15:39:25] [main/DEBUG] (FabricLoader/Mixin) Mixin config fabric-loot-tables-v1.mixins.json does not specify "minVersion" property
[15:39:25] [main/DEBUG] (FabricLoader/Mixin) Compatibility level JAVA_16 specified by fabric-registry-sync-v0.mixins.json is higher than the maximum level supported by this version of mixin (JAVA_13).
[15:39:25] [main/DEBUG] (FabricLoader/Mixin) Mixin config fabric-registry-sync-v0.mixins.json does not specify "minVersion" property
[15:39:25] [main/DEBUG] (FabricLoader/Mixin) Compatibility level JAVA_16 specified by fabric-object-builder-v1.mixins.json is higher than the maximum level supported by this version of mixin (JAVA_13).
[15:39:25] [main/DEBUG] (FabricLoader/Mixin) Mixin config fabric-object-builder-v1.mixins.json does not specify "minVersion" property
[15:39:25] [main/DEBUG] (FabricLoader/Mixin) Compatibility level JAVA_16 specified by fabric-lifecycle-events-v1.mixins.json is higher than the maximum level supported by this version of mixin (JAVA_13).
[15:39:25] [main/DEBUG] (FabricLoader/Mixin) Mixin config fabric-lifecycle-events-v1.mixins.json does not specify "minVersion" property
[15:39:25] [main/DEBUG] (FabricLoader/Mixin) Compatibility level JAVA_16 specified by fabric-resource-loader-v0.mixins.json is higher than the maximum level supported by this version of mixin (JAVA_13).
[15:39:25] [main/DEBUG] (FabricLoader/Mixin) Mixin config fabric-resource-loader-v0.mixins.json does not specify "minVersion" property
[15:39:25] [main/DEBUG] (FabricLoader/Mixin) Compatibility level JAVA_16 specified by fabric-mining-level-api-v1.mixins.json is higher than the maximum level supported by this version of mixin (JAVA_13).
[15:39:25] [main/DEBUG] (FabricLoader/Mixin) Mixin config fabric-mining-level-api-v1.mixins.json does not specify "minVersion" property
[15:39:25] [main/DEBUG] (FabricLoader/Mixin) Compatibility level JAVA_16 specified by fabric-screen-handler-api-v1.mixins.json is higher than the maximum level supported by this version of mixin (JAVA_13).
[15:39:25] [main/DEBUG] (FabricLoader/Mixin) Mixin config fabric-screen-handler-api-v1.mixins.json does not specify "minVersion" property
[15:39:25] [main/DEBUG] (FabricLoader/Mixin) Mixin config fabric-item-group-api-v1.mixins.json does not specify "minVersion" property
[15:39:25] [main/DEBUG] (FabricLoader/Mixin) Compatibility level JAVA_16 specified by fabric-message-api-v1.mixins.json is higher than the maximum level supported by this version of mixin (JAVA_13).
[15:39:25] [main/DEBUG] (FabricLoader/Mixin) Mixin config fabric-message-api-v1.mixins.json does not specify "minVersion" property
[15:39:25] [main/DEBUG] (FabricLoader/Mixin) Mixin config fabric-recipe-api-v1.mixins.json does not specify "minVersion" property
[15:39:25] [main/DEBUG] (FabricLoader/Mixin) Compatibility level JAVA_16 specified by fabric-transfer-api-v1.mixins.json is higher than the maximum level supported by this version of mixin (JAVA_13).
[15:39:25] [main/DEBUG] (FabricLoader/Mixin) Mixin config fabric-transfer-api-v1.mixins.json does not specify "minVersion" property
[15:39:25] [main/DEBUG] (FabricLoader/Mixin) Compatibility level JAVA_16 specified by fabric-api-lookup-api-v1.mixins.json is higher than the maximum level supported by this version of mixin (JAVA_13).
[15:39:25] [main/DEBUG] (FabricLoader/Mixin) Mixin config fabric-api-lookup-api-v1.mixins.json does not specify "minVersion" property
[15:39:25] [main/DEBUG] (FabricLoader/Mixin) Compatibility level JAVA_16 specified by fabric-content-registries-v0.mixins.json is higher than the maximum level supported by this version of mixin (JAVA_13).
[15:39:25] [main/DEBUG] (FabricLoader/Mixin) Mixin config fabric-content-registries-v0.mixins.json does not specify "minVersion" property
[15:39:25] [main/DEBUG] (FabricLoader/Mixin) Compatibility level JAVA_16 specified by fabric-networking-api-v1.mixins.json is higher than the maximum level supported by this version of mixin (JAVA_13).
[15:39:25] [main/DEBUG] (FabricLoader/Mixin) Mixin config fabric-networking-api-v1.mixins.json does not specify "minVersion" property
[15:39:25] [main/DEBUG] (FabricLoader/Mixin) Mixin config fabric-data-attachment-api-v1.mixins.json does not specify "minVersion" property
[15:39:25] [main/DEBUG] (FabricLoader/Mixin) Compatibility level JAVA_16 specified by fabric-crash-report-info-v1.mixins.json is higher than the maximum level supported by this version of mixin (JAVA_13).
[15:39:25] [main/DEBUG] (FabricLoader/Mixin) Mixin config fabric-crash-report-info-v1.mixins.json does not specify "minVersion" property
[15:39:25] [main/DEBUG] (FabricLoader/Mixin) Mixin config luckperms.mixins.json does not specify "minVersion" property
[15:39:25] [main/DEBUG] (FabricLoader/Mixin) Compatibility level JAVA_16 specified by fabric-resource-conditions-api-v1.mixins.json is higher than the maximum level supported by this version of mixin (JAVA_13).
[15:39:25] [main/DEBUG] (FabricLoader/Mixin) Mixin config fabric-resource-conditions-api-v1.mixins.json does not specify "minVersion" property
[15:39:25] [main/DEBUG] (FabricLoader/Mixin) Mixin config fabric-block-view-api-v2.mixins.json does not specify "minVersion" property
[15:39:25] [main/DEBUG] (FabricLoader/Knot) Adding C:\Users\fynnkunz\IdeaProjects\BattleManager\.gradle\loom-cache\minecraftMaven\net\minecraft\minecraft-merged-4060f3af86\1.20.1-net.fabricmc.yarn.1_20_1.1.20.1+build.10-v2\minecraft-merged-4060f3af86-1.20.1-net.fabricmc.yarn.1_20_1.1.20.1+build.10-v2.jar to classpath.
[15:39:25] [main/DEBUG] (FabricLoader/Knot) Adding C:\Users\fynnkunz\IdeaProjects\BattleManager\build\classes\java\main to classpath.
[15:39:25] [main/DEBUG] (FabricLoader/Knot) Adding C:\Users\fynnkunz\IdeaProjects\BattleManager\build\resources\main to classpath.
[15:39:25] [main/DEBUG] (FabricLoader/Knot) Adding C:\Users\fynnkunz\.gradle\caches\fabric-loom\1.20.1\net.fabricmc.yarn.1_20_1.1.20.1+build.10-v2\mappings.jar to classpath.
[15:39:25] [main/DEBUG] (FabricLoader/Knot) Adding C:\Users\fynnkunz\.gradle\caches\modules-2\files-2.1\io.github.llamalad7\mixinextras-fabric\0.3.5\3b577be20ea942610b3045e4f0cd909fa415a9d3\mixinextras-fabric-0.3.5.jar to classpath.
[15:39:25] [main/DEBUG] (FabricLoader/Knot) Adding C:\Users\fynnkunz\.gradle\caches\modules-2\files-2.1\net.fabricmc\dev-launch-injector\0.2.1+build.8\da8bef7e6e2f952da707f282bdb46882a0fce5e3\dev-launch-injector-0.2.1+build.8.jar to classpath.
[15:39:25] [main/DEBUG] (FabricLoader/Knot) Adding C:\Users\fynnkunz\.gradle\caches\modules-2\files-2.1\com.github.oshi\oshi-core\6.2.2\54f5efc19bca95d709d9a37d19ffcbba3d21c1a6\oshi-core-6.2.2.jar to classpath.
[15:39:25] [main/DEBUG] (FabricLoader/Knot) Adding C:\Users\fynnkunz\.gradle\caches\modules-2\files-2.1\com.google.guava\failureaccess\1.0.1\1dcf1de382a0bf95a3d8b0849546c88bac1292c9\failureaccess-1.0.1.jar to classpath.
[15:39:25] [main/DEBUG] (FabricLoader/Knot) Adding C:\Users\fynnkunz\.gradle\caches\modules-2\files-2.1\com.google.guava\guava\31.1-jre\60458f877d055d0c9114d9e1a2efb737b4bc282c\guava-31.1-jre.jar to classpath.
[15:39:25] [main/DEBUG] (FabricLoader/Knot) Adding C:\Users\fynnkunz\.gradle\caches\modules-2\files-2.1\com.ibm.icu\icu4j\71.1\9e7d3304c23f9ba5cb71915f7cce23231a57a445\icu4j-71.1.jar to classpath.
[15:39:25] [main/DEBUG] (FabricLoader/Knot) Adding C:\Users\fynnkunz\.gradle\caches\modules-2\files-2.1\com.mojang\blocklist\1.0.10\5c685c5ffa94c4cd39496c7184c1d122e515ecef\blocklist-1.0.10.jar to classpath.
[15:39:25] [main/DEBUG] (FabricLoader/Knot) Adding C:\Users\fynnkunz\.gradle\caches\modules-2\files-2.1\com.mojang\brigadier\1.1.8\5244ce82c3337bba4a196a3ce858bfaecc74404a\brigadier-1.1.8.jar to classpath.
[15:39:25] [main/DEBUG] (FabricLoader/Knot) Adding C:\Users\fynnkunz\.gradle\caches\modules-2\files-2.1\com.mojang\datafixerupper\6.0.8\3ba4a30557a9b057760af4011f909ba619fc5125\datafixerupper-6.0.8.jar to classpath.
[15:39:25] [main/DEBUG] (FabricLoader/Knot) Adding C:\Users\fynnkunz\.gradle\caches\modules-2\files-2.1\com.mojang\patchy\2.2.10\da05971b07cbb379d002cf7eaec6a2048211fefc\patchy-2.2.10.jar to classpath.
[15:39:25] [main/DEBUG] (FabricLoader/Knot) Adding C:\Users\fynnkunz\.gradle\caches\modules-2\files-2.1\com.mojang\text2speech\1.17.9\3cad216e3a7f0c19b4b394388bc9ffc446f13b14\text2speech-1.17.9.jar to classpath.
[15:39:25] [main/DEBUG] (FabricLoader/Knot) Adding C:\Users\fynnkunz\.gradle\caches\modules-2\files-2.1\commons-codec\commons-codec\1.15\49d94806b6e3dc933dacbd8acb0fdbab8ebd1e5d\commons-codec-1.15.jar to classpath.
[15:39:25] [main/DEBUG] (FabricLoader/Knot) Adding C:\Users\fynnkunz\.gradle\caches\modules-2\files-2.1\commons-io\commons-io\2.11.0\a2503f302b11ebde7ebc3df41daebe0e4eea3689\commons-io-2.11.0.jar to classpath.
[15:39:25] [main/DEBUG] (FabricLoader/Knot) Adding C:\Users\fynnkunz\.gradle\caches\modules-2\files-2.1\commons-logging\commons-logging\1.2\4bfc12adfe4842bf07b657f0369c4cb522955686\commons-logging-1.2.jar to classpath.
[15:39:25] [main/DEBUG] (FabricLoader/Knot) Adding C:\Users\fynnkunz\.gradle\caches\modules-2\files-2.1\io.netty\netty-buffer\4.1.82.Final\a544270cf1ae8b8077082f5036436a9a9971ea71\netty-buffer-4.1.82.Final.jar to classpath.
[15:39:25] [main/DEBUG] (FabricLoader/Knot) Adding C:\Users\fynnkunz\.gradle\caches\modules-2\files-2.1\io.netty\netty-codec\4.1.82.Final\b77200379acb345a9ffdece1c605e591ac3e4e0a\netty-codec-4.1.82.Final.jar to classpath.
[15:39:25] [main/DEBUG] (FabricLoader/Knot) Adding C:\Users\fynnkunz\.gradle\caches\modules-2\files-2.1\io.netty\netty-common\4.1.82.Final\22d148e85c3f5ebdacc0ce1f5aabb1d420f73f3\netty-common-4.1.82.Final.jar to classpath.
[15:39:25] [main/DEBUG] (FabricLoader/Knot) Adding C:\Users\fynnkunz\.gradle\caches\modules-2\files-2.1\io.netty\netty-handler\4.1.82.Final\644041d1fa96a5d3130a29e8978630d716d76e38\netty-handler-4.1.82.Final.jar to classpath.
[15:39:25] [main/DEBUG] (FabricLoader/Knot) Adding C:\Users\fynnkunz\.gradle\caches\modules-2\files-2.1\io.netty\netty-resolver\4.1.82.Final\38f665ae8dcd29032eea31245ba7806bed2e0fa8\netty-resolver-4.1.82.Final.jar to classpath.
[15:39:25] [main/DEBUG] (FabricLoader/Knot) Adding C:\Users\fynnkunz\.gradle\caches\modules-2\files-2.1\io.netty\netty-transport-classes-epoll\4.1.82.Final\e7c7dd18deac93105797f30057c912651ea76521\netty-transport-classes-epoll-4.1.82.Final.jar to classpath.
[15:39:25] [main/DEBUG] (FabricLoader/Knot) Adding C:\Users\fynnkunz\.gradle\caches\modules-2\files-2.1\io.netty\netty-transport-native-unix-common\4.1.82.Final\3e895b35ca1b8a0eca56cacff4c2dde5d2c6abce\netty-transport-native-unix-common-4.1.82.Final.jar to classpath.
[15:39:25] [main/DEBUG] (FabricLoader/Knot) Adding C:\Users\fynnkunz\.gradle\caches\modules-2\files-2.1\io.netty\netty-transport\4.1.82.Final\e431a218d91acb6476ccad5f5aafde50aa3945ca\netty-transport-4.1.82.Final.jar to classpath.
[15:39:25] [main/DEBUG] (FabricLoader/Knot) Adding C:\Users\fynnkunz\.gradle\caches\modules-2\files-2.1\it.unimi.dsi\fastutil\8.5.9\bb7ea75ecdb216654237830b3a96d87ad91f8cc5\fastutil-8.5.9.jar to classpath.
[15:39:25] [main/DEBUG] (FabricLoader/Knot) Adding C:\Users\fynnkunz\.gradle\caches\modules-2\files-2.1\net.java.dev.jna\jna-platform\5.12.1\97406a297c852f4a41e688a176ec675f72e8329\jna-platform-5.12.1.jar to classpath.
[15:39:25] [main/DEBUG] (FabricLoader/Knot) Adding C:\Users\fynnkunz\.gradle\caches\modules-2\files-2.1\net.java.dev.jna\jna\5.12.1\b1e93a735caea94f503e95e6fe79bf9cdc1e985d\jna-5.12.1.jar to classpath.
[15:39:25] [main/DEBUG] (FabricLoader/Knot) Adding C:\Users\fynnkunz\.gradle\caches\modules-2\files-2.1\net.sf.jopt-simple\jopt-simple\5.0.4\4fdac2fbe92dfad86aa6e9301736f6b4342a3f5c\jopt-simple-5.0.4.jar to classpath.
[15:39:25] [main/DEBUG] (FabricLoader/Knot) Adding C:\Users\fynnkunz\.gradle\caches\modules-2\files-2.1\org.apache.commons\commons-compress\1.21\4ec95b60d4e86b5c95a0e919cb172a0af98011ef\commons-compress-1.21.jar to classpath.
[15:39:25] [main/DEBUG] (FabricLoader/Knot) Adding C:\Users\fynnkunz\.gradle\caches\modules-2\files-2.1\org.apache.commons\commons-lang3\3.12.0\c6842c86792ff03b9f1d1fe2aab8dc23aa6c6f0e\commons-lang3-3.12.0.jar to classpath.
[15:39:25] [main/DEBUG] (FabricLoader/Knot) Adding C:\Users\fynnkunz\.gradle\caches\modules-2\files-2.1\org.apache.httpcomponents\httpclient\4.5.13\e5f6cae5ca7ecaac1ec2827a9e2d65ae2869cada\httpclient-4.5.13.jar to classpath.
[15:39:25] [main/DEBUG] (FabricLoader/Knot) Adding C:\Users\fynnkunz\.gradle\caches\modules-2\files-2.1\org.apache.httpcomponents\httpcore\4.4.15\7f2e0c573eaa7a74bac2e89b359e1f73d92a0a1d\httpcore-4.4.15.jar to classpath.
[15:39:25] [main/DEBUG] (FabricLoader/Knot) Adding C:\Users\fynnkunz\.gradle\caches\modules-2\files-2.1\org.joml\joml\1.10.5\22566d58af70ad3d72308bab63b8339906deb649\joml-1.10.5.jar to classpath.
[15:39:25] [main/DEBUG] (FabricLoader/Knot) Adding C:\Users\fynnkunz\.gradle\caches\modules-2\files-2.1\org.lwjgl\lwjgl-glfw\3.3.2\757920418805fb90bfebb3d46b1d9e7669fca2eb\lwjgl-glfw-3.3.2.jar to classpath.
[15:39:25] [main/DEBUG] (FabricLoader/Knot) Adding C:\Users\fynnkunz\.gradle\caches\modules-2\files-2.1\org.lwjgl\lwjgl-glfw\3.3.2\1251e3cb7e5d6159334cfb9244f789ce992f03b\lwjgl-glfw-3.3.2-natives-windows.jar to classpath.
[15:39:25] [main/DEBUG] (FabricLoader/Knot) Adding C:\Users\fynnkunz\.gradle\caches\modules-2\files-2.1\org.lwjgl\lwjgl-glfw\3.3.2\e79c4857a887bd79ba78bdf2d422a7d333028a2d\lwjgl-glfw-3.3.2-natives-windows-arm64.jar to classpath.
[15:39:25] [main/DEBUG] (FabricLoader/Knot) Adding C:\Users\fynnkunz\.gradle\caches\modules-2\files-2.1\org.lwjgl\lwjgl-glfw\3.3.2\17e1f9ec031ef72c2f7825c38eeb3a79c4d8bb17\lwjgl-glfw-3.3.2-natives-windows-x86.jar to classpath.
[15:39:25] [main/DEBUG] (FabricLoader/Knot) Adding C:\Users\fynnkunz\.gradle\caches\modules-2\files-2.1\org.lwjgl\lwjgl-jemalloc\3.3.2\877e17e39ebcd58a9c956dc3b5b777813de0873a\lwjgl-jemalloc-3.3.2.jar to classpath.
[15:39:25] [main/DEBUG] (FabricLoader/Knot) Adding C:\Users\fynnkunz\.gradle\caches\modules-2\files-2.1\org.lwjgl\lwjgl-jemalloc\3.3.2\db886c1f9e313c3fa2a25543b99ccd250d3f9fb5\lwjgl-jemalloc-3.3.2-natives-windows.jar to classpath.
[15:39:25] [main/DEBUG] (FabricLoader/Knot) Adding C:\Users\fynnkunz\.gradle\caches\modules-2\files-2.1\org.lwjgl\lwjgl-jemalloc\3.3.2\598790de603c286dbc4068b27829eacc37592786\lwjgl-jemalloc-3.3.2-natives-windows-arm64.jar to classpath.
[15:39:25] [main/DEBUG] (FabricLoader/Knot) Adding C:\Users\fynnkunz\.gradle\caches\modules-2\files-2.1\org.lwjgl\lwjgl-jemalloc\3.3.2\9b07558f81a5d54dfaeb861bab3ccc86bb4477c9\lwjgl-jemalloc-3.3.2-natives-windows-x86.jar to classpath.
[15:39:25] [main/DEBUG] (FabricLoader/Knot) Adding C:\Users\fynnkunz\.gradle\caches\modules-2\files-2.1\org.lwjgl\lwjgl-openal\3.3.2\ae5357ed6d934546d3533993ea84c0cfb75eed95\lwjgl-openal-3.3.2.jar to classpath.
[15:39:25] [main/DEBUG] (FabricLoader/Knot) Adding C:\Users\fynnkunz\.gradle\caches\modules-2\files-2.1\org.lwjgl\lwjgl-openal\3.3.2\e74f299a602192faaf14b917632e4cbbb493c940\lwjgl-openal-3.3.2-natives-windows.jar to classpath.
[15:39:25] [main/DEBUG] (FabricLoader/Knot) Adding C:\Users\fynnkunz\.gradle\caches\modules-2\files-2.1\org.lwjgl\lwjgl-openal\3.3.2\545ddec7959007a78b6662d616e00dacf00e1c29\lwjgl-openal-3.3.2-natives-windows-arm64.jar to classpath.
[15:39:25] [main/DEBUG] (FabricLoader/Knot) Adding C:\Users\fynnkunz\.gradle\caches\modules-2\files-2.1\org.lwjgl\lwjgl-openal\3.3.2\21fcb44d32ccf101017ec939fc740197677557d5\lwjgl-openal-3.3.2-natives-windows-x86.jar to classpath.
[15:39:25] [main/DEBUG] (FabricLoader/Knot) Adding C:\Users\fynnkunz\.gradle\caches\modules-2\files-2.1\org.lwjgl\lwjgl-opengl\3.3.2\ee8e95be0b438602038bc1f02dc5e3d011b1b216\lwjgl-opengl-3.3.2.jar to classpath.
[15:39:25] [main/DEBUG] (FabricLoader/Knot) Adding C:\Users\fynnkunz\.gradle\caches\modules-2\files-2.1\org.lwjgl\lwjgl-opengl\3.3.2\83cd34469d4e0bc335bf74c7f62206530a9480bf\lwjgl-opengl-3.3.2-natives-windows.jar to classpath.
[15:39:25] [main/DEBUG] (FabricLoader/Knot) Adding C:\Users\fynnkunz\.gradle\caches\modules-2\files-2.1\org.lwjgl\lwjgl-opengl\3.3.2\21df035bf03dbf5001f92291b24dc951da513481\lwjgl-opengl-3.3.2-natives-windows-arm64.jar to classpath.
[15:39:25] [main/DEBUG] (FabricLoader/Knot) Adding C:\Users\fynnkunz\.gradle\caches\modules-2\files-2.1\org.lwjgl\lwjgl-opengl\3.3.2\22fa4149159154b24f6c1bd46a342d4958a9fba1\lwjgl-opengl-3.3.2-natives-windows-x86.jar to classpath.
[15:39:25] [main/DEBUG] (FabricLoader/Knot) Adding C:\Users\fynnkunz\.gradle\caches\modules-2\files-2.1\org.lwjgl\lwjgl-stb\3.3.2\a2550795014d622b686e9caac50b14baa87d2c70\lwjgl-stb-3.3.2.jar to classpath.
[15:39:25] [main/DEBUG] (FabricLoader/Knot) Adding C:\Users\fynnkunz\.gradle\caches\modules-2\files-2.1\org.lwjgl\lwjgl-stb\3.3.2\1c4f4b8353bdb78c5264ab921436f03fc9aa1ba5\lwjgl-stb-3.3.2-natives-windows.jar to classpath.
[15:39:25] [main/DEBUG] (FabricLoader/Knot) Adding C:\Users\fynnkunz\.gradle\caches\modules-2\files-2.1\org.lwjgl\lwjgl-stb\3.3.2\c29df97c3cca97dc00d34e171936153764c9f78b\lwjgl-stb-3.3.2-natives-windows-arm64.jar to classpath.
[15:39:25] [main/DEBUG] (FabricLoader/Knot) Adding C:\Users\fynnkunz\.gradle\caches\modules-2\files-2.1\org.lwjgl\lwjgl-stb\3.3.2\a0de7bde6722fa68d25ba6afbd7395508c53c730\lwjgl-stb-3.3.2-natives-windows-x86.jar to classpath.
[15:39:26] [main/DEBUG] (FabricLoader/Knot) Adding C:\Users\fynnkunz\.gradle\caches\modules-2\files-2.1\org.lwjgl\lwjgl-tinyfd\3.3.2\9f65c248dd77934105274fcf8351abb75b34327c\lwjgl-tinyfd-3.3.2.jar to classpath.
[15:39:26] [main/DEBUG] (FabricLoader/Knot) Adding C:\Users\fynnkunz\.gradle\caches\modules-2\files-2.1\org.lwjgl\lwjgl-tinyfd\3.3.2\54a93ed247d20007a6f579355263fdc2c030753a\lwjgl-tinyfd-3.3.2-natives-windows.jar to classpath.
[15:39:26] [main/DEBUG] (FabricLoader/Knot) Adding C:\Users\fynnkunz\.gradle\caches\modules-2\files-2.1\org.lwjgl\lwjgl-tinyfd\3.3.2\500f5daa3b731ca282d4b90aeafda94c528d3e27\lwjgl-tinyfd-3.3.2-natives-windows-arm64.jar to classpath.
[15:39:26] [main/DEBUG] (FabricLoader/Knot) Adding C:\Users\fynnkunz\.gradle\caches\modules-2\files-2.1\org.lwjgl\lwjgl-tinyfd\3.3.2\c1dfa1c438e0262453e7bf625289540e5cbffb2\lwjgl-tinyfd-3.3.2-natives-windows-x86.jar to classpath.
[15:39:26] [main/DEBUG] (FabricLoader/Knot) Adding C:\Users\fynnkunz\.gradle\caches\modules-2\files-2.1\org.lwjgl\lwjgl\3.3.2\4421d94af68e35dcaa31737a6fc59136a1e61b94\lwjgl-3.3.2.jar to classpath.
[15:39:26] [main/DEBUG] (FabricLoader/Knot) Adding C:\Users\fynnkunz\.gradle\caches\modules-2\files-2.1\org.lwjgl\lwjgl\3.3.2\a55169ced70ffcd15f2162daf4a9c968578f6cd5\lwjgl-3.3.2-natives-windows.jar to classpath.
[15:39:26] [main/DEBUG] (FabricLoader/Knot) Adding C:\Users\fynnkunz\.gradle\caches\modules-2\files-2.1\org.lwjgl\lwjgl\3.3.2\d900e4678449ba97ff46fa64b22e0376bf8cd00e\lwjgl-3.3.2-natives-windows-arm64.jar to classpath.
[15:39:26] [main/DEBUG] (FabricLoader/Knot) Adding C:\Users\fynnkunz\.gradle\caches\modules-2\files-2.1\org.lwjgl\lwjgl\3.3.2\ed495259b2c8f068794da0ffedfa7ae7c130b3c5\lwjgl-3.3.2-natives-windows-x86.jar to classpath.
[15:39:26] [main/DEBUG] (FabricLoader/Knot) Adding C:\Users\fynnkunz\.gradle\caches\modules-2\files-2.1\io.netty\netty-transport-native-epoll\4.1.82.Final\c7350a71920f3ae9142945e25fed4846cce53374\netty-transport-native-epoll-4.1.82.Final-linux-x86_64.jar to classpath.
[15:39:26] [main/DEBUG] (FabricLoader/Knot) Adding C:\Users\fynnkunz\.gradle\caches\modules-2\files-2.1\io.netty\netty-transport-native-epoll\4.1.82.Final\476409d6255001ca53a55f65b01c13822f8dc93a\netty-transport-native-epoll-4.1.82.Final-linux-aarch_64.jar to classpath.
[15:39:26] [main/DEBUG] (FabricLoader/Knot) Adding C:\Users\fynnkunz\IdeaProjects\BattleManager\.gradle\loom-cache\remapped_mods\net_fabricmc_yarn_1_20_1_1_20_1_build_10_v2\net\fabricmc\fabric-api\fabric-api\0.92.2+1.20.1\fabric-api-0.92.2+1.20.1.jar to classpath.
[15:39:26] [main/DEBUG] (FabricLoader/Knot) Adding C:\Users\fynnkunz\IdeaProjects\BattleManager\.gradle\loom-cache\remapped_mods\net_fabricmc_yarn_1_20_1_1_20_1_build_10_v2\net\fabricmc\fabric-api\fabric-transfer-api-v1\3.3.5+8dd72ea377\fabric-transfer-api-v1-3.3.5+8dd72ea377.jar to classpath.
[15:39:26] [main/DEBUG] (FabricLoader/Knot) Adding C:\Users\fynnkunz\IdeaProjects\BattleManager\.gradle\loom-cache\remapped_mods\net_fabricmc_yarn_1_20_1_1_20_1_build_10_v2\net\fabricmc\fabric-api\fabric-api-lookup-api-v1\1.6.36+1802ada577\fabric-api-lookup-api-v1-1.6.36+1802ada577.jar to classpath.
[15:39:26] [main/DEBUG] (FabricLoader/Knot) Adding C:\Users\fynnkunz\IdeaProjects\BattleManager\.gradle\loom-cache\remapped_mods\net_fabricmc_yarn_1_20_1_1_20_1_build_10_v2\net\fabricmc\fabric-api\fabric-blockrenderlayer-v1\1.1.41+1802ada577\fabric-blockrenderlayer-v1-1.1.41+1802ada577.jar to classpath.
[15:39:26] [main/DEBUG] (FabricLoader/Knot) Adding C:\Users\fynnkunz\IdeaProjects\BattleManager\.gradle\loom-cache\remapped_mods\net_fabricmc_yarn_1_20_1_1_20_1_build_10_v2\net\fabricmc\fabric-api\fabric-client-tags-api-v1\1.1.2+1802ada577\fabric-client-tags-api-v1-1.1.2+1802ada577.jar to classpath.
[15:39:26] [main/DEBUG] (FabricLoader/Knot) Adding C:\Users\fynnkunz\IdeaProjects\BattleManager\.gradle\loom-cache\remapped_mods\net_fabricmc_yarn_1_20_1_1_20_1_build_10_v2\net\fabricmc\fabric-api\fabric-command-api-v1\1.2.34+f71b366f77\fabric-command-api-v1-1.2.34+f71b366f77.jar to classpath.
[15:39:26] [main/DEBUG] (FabricLoader/Knot) Adding C:\Users\fynnkunz\IdeaProjects\BattleManager\.gradle\loom-cache\remapped_mods\net_fabricmc_yarn_1_20_1_1_20_1_build_10_v2\net\fabricmc\fabric-api\fabric-commands-v0\0.2.51+df3654b377\fabric-commands-v0-0.2.51+df3654b377.jar to classpath.
[15:39:26] [main/DEBUG] (FabricLoader/Knot) Adding C:\Users\fynnkunz\IdeaProjects\BattleManager\.gradle\loom-cache\remapped_mods\net_fabricmc_yarn_1_20_1_1_20_1_build_10_v2\net\fabricmc\fabric-api\fabric-command-api-v2\2.2.13+1802ada577\fabric-command-api-v2-2.2.13+1802ada577.jar to classpath.
[15:39:26] [main/DEBUG] (FabricLoader/Knot) Adding C:\Users\fynnkunz\IdeaProjects\BattleManager\.gradle\loom-cache\remapped_mods\net_fabricmc_yarn_1_20_1_1_20_1_build_10_v2\net\fabricmc\fabric-api\fabric-content-registries-v0\4.0.11+1802ada577\fabric-content-registries-v0-4.0.11+1802ada577.jar to classpath.
[15:39:26] [main/DEBUG] (FabricLoader/Knot) Adding C:\Users\fynnkunz\IdeaProjects\BattleManager\.gradle\loom-cache\remapped_mods\net_fabricmc_yarn_1_20_1_1_20_1_build_10_v2\net\fabricmc\fabric-api\fabric-convention-tags-v1\1.5.5+1802ada577\fabric-convention-tags-v1-1.5.5+1802ada577.jar to classpath.
[15:39:26] [main/DEBUG] (FabricLoader/Knot) Adding C:\Users\fynnkunz\IdeaProjects\BattleManager\.gradle\loom-cache\remapped_mods\net_fabricmc_yarn_1_20_1_1_20_1_build_10_v2\net\fabricmc\fabric-api\fabric-data-attachment-api-v1\1.0.0+de0fd6d177\fabric-data-attachment-api-v1-1.0.0+de0fd6d177.jar to classpath.
[15:39:26] [main/DEBUG] (FabricLoader/Knot) Adding C:\Users\fynnkunz\IdeaProjects\BattleManager\.gradle\loom-cache\remapped_mods\net_fabricmc_yarn_1_20_1_1_20_1_build_10_v2\net\fabricmc\fabric-api\fabric-data-generation-api-v1\12.3.4+1802ada577\fabric-data-generation-api-v1-12.3.4+1802ada577.jar to classpath.
[15:39:26] [main/DEBUG] (FabricLoader/Knot) Adding C:\Users\fynnkunz\IdeaProjects\BattleManager\.gradle\loom-cache\remapped_mods\net_fabricmc_yarn_1_20_1_1_20_1_build_10_v2\net\fabricmc\fabric-api\fabric-dimensions-v1\2.1.54+1802ada577\fabric-dimensions-v1-2.1.54+1802ada577.jar to classpath.
[15:39:26] [main/DEBUG] (FabricLoader/Knot) Adding C:\Users\fynnkunz\IdeaProjects\BattleManager\.gradle\loom-cache\remapped_mods\net_fabricmc_yarn_1_20_1_1_20_1_build_10_v2\net\fabricmc\fabric-api\fabric-entity-events-v1\1.6.0+1c78457f77\fabric-entity-events-v1-1.6.0+1c78457f77.jar to classpath.
[15:39:26] [main/DEBUG] (FabricLoader/Knot) Adding C:\Users\fynnkunz\IdeaProjects\BattleManager\.gradle\loom-cache\remapped_mods\net_fabricmc_yarn_1_20_1_1_20_1_build_10_v2\net\fabricmc\fabric-api\fabric-events-interaction-v0\0.6.2+1802ada577\fabric-events-interaction-v0-0.6.2+1802ada577.jar to classpath.
[15:39:26] [main/DEBUG] (FabricLoader/Knot) Adding C:\Users\fynnkunz\IdeaProjects\BattleManager\.gradle\loom-cache\remapped_mods\net_fabricmc_yarn_1_20_1_1_20_1_build_10_v2\net\fabricmc\fabric-api\fabric-gametest-api-v1\1.2.13+1802ada577\fabric-gametest-api-v1-1.2.13+1802ada577.jar to classpath.
[15:39:26] [main/DEBUG] (FabricLoader/Knot) Adding C:\Users\fynnkunz\IdeaProjects\BattleManager\.gradle\loom-cache\remapped_mods\net_fabricmc_yarn_1_20_1_1_20_1_build_10_v2\net\fabricmc\fabric-api\fabric-events-lifecycle-v0\0.2.63+df3654b377\fabric-events-lifecycle-v0-0.2.63+df3654b377.jar to classpath.
[15:39:26] [main/DEBUG] (FabricLoader/Knot) Adding C:\Users\fynnkunz\IdeaProjects\BattleManager\.gradle\loom-cache\remapped_mods\net_fabricmc_yarn_1_20_1_1_20_1_build_10_v2\net\fabricmc\fabric-api\fabric-item-api-v1\2.1.28+1802ada577\fabric-item-api-v1-2.1.28+1802ada577.jar to classpath.
[15:39:26] [main/DEBUG] (FabricLoader/Knot) Adding C:\Users\fynnkunz\IdeaProjects\BattleManager\.gradle\loom-cache\remapped_mods\net_fabricmc_yarn_1_20_1_1_20_1_build_10_v2\net\fabricmc\fabric-api\fabric-item-group-api-v1\4.0.12+1802ada577\fabric-item-group-api-v1-4.0.12+1802ada577.jar to classpath.
[15:39:26] [main/DEBUG] (FabricLoader/Knot) Adding C:\Users\fynnkunz\IdeaProjects\BattleManager\.gradle\loom-cache\remapped_mods\net_fabricmc_yarn_1_20_1_1_20_1_build_10_v2\net\fabricmc\fabric-api\fabric-mining-level-api-v1\2.1.50+1802ada577\fabric-mining-level-api-v1-2.1.50+1802ada577.jar to classpath.
[15:39:26] [main/DEBUG] (FabricLoader/Knot) Adding C:\Users\fynnkunz\IdeaProjects\BattleManager\.gradle\loom-cache\remapped_mods\net_fabricmc_yarn_1_20_1_1_20_1_build_10_v2\net\fabricmc\fabric-api\fabric-lifecycle-events-v1\2.2.22+1802ada577\fabric-lifecycle-events-v1-2.2.22+1802ada577.jar to classpath.
[15:39:26] [main/DEBUG] (FabricLoader/Knot) Adding C:\Users\fynnkunz\IdeaProjects\BattleManager\.gradle\loom-cache\remapped_mods\net_fabricmc_yarn_1_20_1_1_20_1_build_10_v2\net\fabricmc\fabric-api\fabric-loot-tables-v1\1.1.45+9e7660c677\fabric-loot-tables-v1-1.1.45+9e7660c677.jar to classpath.
[15:39:26] [main/DEBUG] (FabricLoader/Knot) Adding C:\Users\fynnkunz\IdeaProjects\BattleManager\.gradle\loom-cache\remapped_mods\net_fabricmc_yarn_1_20_1_1_20_1_build_10_v2\net\fabricmc\fabric-api\fabric-loot-api-v2\1.2.1+1802ada577\fabric-loot-api-v2-1.2.1+1802ada577.jar to classpath.
[15:39:26] [main/DEBUG] (FabricLoader/Knot) Adding C:\Users\fynnkunz\IdeaProjects\BattleManager\.gradle\loom-cache\remapped_mods\net_fabricmc_yarn_1_20_1_1_20_1_build_10_v2\net\fabricmc\fabric-api\fabric-message-api-v1\5.1.9+1802ada577\fabric-message-api-v1-5.1.9+1802ada577.jar to classpath.
[15:39:26] [main/DEBUG] (FabricLoader/Knot) Adding C:\Users\fynnkunz\IdeaProjects\BattleManager\.gradle\loom-cache\remapped_mods\net_fabricmc_yarn_1_20_1_1_20_1_build_10_v2\net\fabricmc\fabric-api\fabric-models-v0\0.4.2+9386d8a777\fabric-models-v0-0.4.2+9386d8a777.jar to classpath.
[15:39:26] [main/DEBUG] (FabricLoader/Knot) Adding C:\Users\fynnkunz\IdeaProjects\BattleManager\.gradle\loom-cache\remapped_mods\net_fabricmc_yarn_1_20_1_1_20_1_build_10_v2\net\fabricmc\fabric-api\fabric-model-loading-api-v1\1.0.3+1802ada577\fabric-model-loading-api-v1-1.0.3+1802ada577.jar to classpath.
[15:39:26] [main/DEBUG] (FabricLoader/Knot) Adding C:\Users\fynnkunz\IdeaProjects\BattleManager\.gradle\loom-cache\remapped_mods\net_fabricmc_yarn_1_20_1_1_20_1_build_10_v2\net\fabricmc\fabric-api\fabric-recipe-api-v1\1.0.21+1802ada577\fabric-recipe-api-v1-1.0.21+1802ada577.jar to classpath.
[15:39:26] [main/DEBUG] (FabricLoader/Knot) Adding C:\Users\fynnkunz\IdeaProjects\BattleManager\.gradle\loom-cache\remapped_mods\net_fabricmc_yarn_1_20_1_1_20_1_build_10_v2\net\fabricmc\fabric-api\fabric-registry-sync-v0\2.3.3+1802ada577\fabric-registry-sync-v0-2.3.3+1802ada577.jar to classpath.
[15:39:26] [main/DEBUG] (FabricLoader/Knot) Adding C:\Users\fynnkunz\IdeaProjects\BattleManager\.gradle\loom-cache\remapped_mods\net_fabricmc_yarn_1_20_1_1_20_1_build_10_v2\net\fabricmc\fabric-api\fabric-screen-handler-api-v1\1.3.30+1802ada577\fabric-screen-handler-api-v1-1.3.30+1802ada577.jar to classpath.
[15:39:26] [main/DEBUG] (FabricLoader/Knot) Adding C:\Users\fynnkunz\IdeaProjects\BattleManager\.gradle\loom-cache\remapped_mods\net_fabricmc_yarn_1_20_1_1_20_1_build_10_v2\net\fabricmc\fabric-api\fabric-containers-v0\0.1.64+df3654b377\fabric-containers-v0-0.1.64+df3654b377.jar to classpath.
[15:39:26] [main/DEBUG] (FabricLoader/Knot) Adding C:\Users\fynnkunz\IdeaProjects\BattleManager\.gradle\loom-cache\remapped_mods\net_fabricmc_yarn_1_20_1_1_20_1_build_10_v2\net\fabricmc\fabric-api\fabric-networking-v0\0.3.51+df3654b377\fabric-networking-v0-0.3.51+df3654b377.jar to classpath.
[15:39:26] [main/DEBUG] (FabricLoader/Knot) Adding C:\Users\fynnkunz\IdeaProjects\BattleManager\.gradle\loom-cache\remapped_mods\net_fabricmc_yarn_1_20_1_1_20_1_build_10_v2\net\fabricmc\fabric-api\fabric-networking-api-v1\1.3.11+1802ada577\fabric-networking-api-v1-1.3.11+1802ada577.jar to classpath.
[15:39:26] [main/DEBUG] (FabricLoader/Knot) Adding C:\Users\fynnkunz\IdeaProjects\BattleManager\.gradle\loom-cache\remapped_mods\net_fabricmc_yarn_1_20_1_1_20_1_build_10_v2\net\fabricmc\fabric-api\fabric-object-builder-api-v1\11.1.3+1802ada577\fabric-object-builder-api-v1-11.1.3+1802ada577.jar to classpath.
[15:39:26] [main/DEBUG] (FabricLoader/Knot) Adding C:\Users\fynnkunz\IdeaProjects\BattleManager\.gradle\loom-cache\remapped_mods\net_fabricmc_yarn_1_20_1_1_20_1_build_10_v2\net\fabricmc\fabric-api\fabric-particles-v1\1.1.2+1802ada577\fabric-particles-v1-1.1.2+1802ada577.jar to classpath.
[15:39:26] [main/DEBUG] (FabricLoader/Knot) Adding C:\Users\fynnkunz\IdeaProjects\BattleManager\.gradle\loom-cache\remapped_mods\net_fabricmc_yarn_1_20_1_1_20_1_build_10_v2\net\fabricmc\fabric-api\fabric-renderer-indigo\1.5.2+85287f9f77\fabric-renderer-indigo-1.5.2+85287f9f77.jar to classpath.
[15:39:26] [main/DEBUG] (FabricLoader/Knot) Adding C:\Users\fynnkunz\IdeaProjects\BattleManager\.gradle\loom-cache\remapped_mods\net_fabricmc_yarn_1_20_1_1_20_1_build_10_v2\net\fabricmc\fabric-api\fabric-renderer-api-v1\3.2.1+1802ada577\fabric-renderer-api-v1-3.2.1+1802ada577.jar to classpath.
[15:39:26] [main/DEBUG] (FabricLoader/Knot) Adding C:\Users\fynnkunz\IdeaProjects\BattleManager\.gradle\loom-cache\remapped_mods\net_fabricmc_yarn_1_20_1_1_20_1_build_10_v2\net\fabricmc\fabric-api\fabric-rendering-fluids-v1\3.0.28+1802ada577\fabric-rendering-fluids-v1-3.0.28+1802ada577.jar to classpath.
[15:39:26] [main/DEBUG] (FabricLoader/Knot) Adding C:\Users\fynnkunz\IdeaProjects\BattleManager\.gradle\loom-cache\remapped_mods\net_fabricmc_yarn_1_20_1_1_20_1_build_10_v2\net\fabricmc\fabric-api\fabric-renderer-registries-v1\3.2.46+df3654b377\fabric-renderer-registries-v1-3.2.46+df3654b377.jar to classpath.
[15:39:26] [main/DEBUG] (FabricLoader/Knot) Adding C:\Users\fynnkunz\IdeaProjects\BattleManager\.gradle\loom-cache\remapped_mods\net_fabricmc_yarn_1_20_1_1_20_1_build_10_v2\net\fabricmc\fabric-api\fabric-rendering-v0\1.1.49+df3654b377\fabric-rendering-v0-1.1.49+df3654b377.jar to classpath.
[15:39:26] [main/DEBUG] (FabricLoader/Knot) Adding C:\Users\fynnkunz\IdeaProjects\BattleManager\.gradle\loom-cache\remapped_mods\net_fabricmc_yarn_1_20_1_1_20_1_build_10_v2\net\fabricmc\fabric-api\fabric-rendering-v1\3.0.8+1802ada577\fabric-rendering-v1-3.0.8+1802ada577.jar to classpath.
[15:39:26] [main/DEBUG] (FabricLoader/Knot) Adding C:\Users\fynnkunz\IdeaProjects\BattleManager\.gradle\loom-cache\remapped_mods\net_fabricmc_yarn_1_20_1_1_20_1_build_10_v2\net\fabricmc\fabric-api\fabric-screen-api-v1\2.0.8+1802ada577\fabric-screen-api-v1-2.0.8+1802ada577.jar to classpath.
[15:39:26] [main/DEBUG] (FabricLoader/Knot) Adding C:\Users\fynnkunz\IdeaProjects\BattleManager\.gradle\loom-cache\remapped_mods\net_fabricmc_yarn_1_20_1_1_20_1_build_10_v2\net\fabricmc\fabric-api\fabric-api-base\0.4.31+1802ada577\fabric-api-base-0.4.31+1802ada577.jar to classpath.
[15:39:26] [main/DEBUG] (FabricLoader/Knot) Adding C:\Users\fynnkunz\IdeaProjects\BattleManager\.gradle\loom-cache\remapped_mods\net_fabricmc_yarn_1_20_1_1_20_1_build_10_v2\net\fabricmc\fabric-api\fabric-biome-api-v1\13.0.13+1802ada577\fabric-biome-api-v1-13.0.13+1802ada577.jar to classpath.
[15:39:26] [main/DEBUG] (FabricLoader/Knot) Adding C:\Users\fynnkunz\IdeaProjects\BattleManager\.gradle\loom-cache\remapped_mods\net_fabricmc_yarn_1_20_1_1_20_1_build_10_v2\net\fabricmc\fabric-api\fabric-block-api-v1\1.0.11+1802ada577\fabric-block-api-v1-1.0.11+1802ada577.jar to classpath.
[15:39:26] [main/DEBUG] (FabricLoader/Knot) Adding C:\Users\fynnkunz\IdeaProjects\BattleManager\.gradle\loom-cache\remapped_mods\net_fabricmc_yarn_1_20_1_1_20_1_build_10_v2\net\fabricmc\fabric-api\fabric-rendering-data-attachment-v1\0.3.37+92a0d36777\fabric-rendering-data-attachment-v1-0.3.37+92a0d36777.jar to classpath.
[15:39:26] [main/DEBUG] (FabricLoader/Knot) Adding C:\Users\fynnkunz\IdeaProjects\BattleManager\.gradle\loom-cache\remapped_mods\net_fabricmc_yarn_1_20_1_1_20_1_build_10_v2\net\fabricmc\fabric-api\fabric-block-view-api-v2\1.0.1+1802ada577\fabric-block-view-api-v2-1.0.1+1802ada577.jar to classpath.
[15:39:26] [main/DEBUG] (FabricLoader/Knot) Adding C:\Users\fynnkunz\IdeaProjects\BattleManager\.gradle\loom-cache\remapped_mods\net_fabricmc_yarn_1_20_1_1_20_1_build_10_v2\net\fabricmc\fabric-api\fabric-crash-report-info-v1\0.2.19+1802ada577\fabric-crash-report-info-v1-0.2.19+1802ada577.jar to classpath.
[15:39:26] [main/DEBUG] (FabricLoader/Knot) Adding C:\Users\fynnkunz\IdeaProjects\BattleManager\.gradle\loom-cache\remapped_mods\net_fabricmc_yarn_1_20_1_1_20_1_build_10_v2\net\fabricmc\fabric-api\fabric-game-rule-api-v1\1.0.40+1802ada577\fabric-game-rule-api-v1-1.0.40+1802ada577.jar to classpath.
[15:39:26] [main/DEBUG] (FabricLoader/Knot) Adding C:\Users\fynnkunz\IdeaProjects\BattleManager\.gradle\loom-cache\remapped_mods\net_fabricmc_yarn_1_20_1_1_20_1_build_10_v2\net\fabricmc\fabric-api\fabric-keybindings-v0\0.2.35+df3654b377\fabric-keybindings-v0-0.2.35+df3654b377.jar to classpath.
[15:39:26] [main/DEBUG] (FabricLoader/Knot) Adding C:\Users\fynnkunz\IdeaProjects\BattleManager\.gradle\loom-cache\remapped_mods\net_fabricmc_yarn_1_20_1_1_20_1_build_10_v2\net\fabricmc\fabric-api\fabric-key-binding-api-v1\1.0.37+1802ada577\fabric-key-binding-api-v1-1.0.37+1802ada577.jar to classpath.
[15:39:26] [main/DEBUG] (FabricLoader/Knot) Adding C:\Users\fynnkunz\IdeaProjects\BattleManager\.gradle\loom-cache\remapped_mods\net_fabricmc_yarn_1_20_1_1_20_1_build_10_v2\net\fabricmc\fabric-api\fabric-resource-conditions-api-v1\2.3.8+1802ada577\fabric-resource-conditions-api-v1-2.3.8+1802ada577.jar to classpath.
[15:39:26] [main/DEBUG] (FabricLoader/Knot) Adding C:\Users\fynnkunz\IdeaProjects\BattleManager\.gradle\loom-cache\remapped_mods\net_fabricmc_yarn_1_20_1_1_20_1_build_10_v2\net\fabricmc\fabric-api\fabric-resource-loader-v0\0.11.10+1802ada577\fabric-resource-loader-v0-0.11.10+1802ada577.jar to classpath.
[15:39:26] [main/DEBUG] (FabricLoader/Knot) Adding C:\Users\fynnkunz\IdeaProjects\BattleManager\.gradle\loom-cache\remapped_mods\net_fabricmc_yarn_1_20_1_1_20_1_build_10_v2\net\fabricmc\fabric-api\fabric-sound-api-v1\1.0.13+1802ada577\fabric-sound-api-v1-1.0.13+1802ada577.jar to classpath.
[15:39:26] [main/DEBUG] (FabricLoader/Knot) Adding C:\Users\fynnkunz\IdeaProjects\BattleManager\.gradle\loom-cache\remapped_mods\net_fabricmc_yarn_1_20_1_1_20_1_build_10_v2\net\fabricmc\fabric-api\fabric-transitive-access-wideners-v1\4.3.1+1802ada577\fabric-transitive-access-wideners-v1-4.3.1+1802ada577.jar to classpath.
[15:39:26] [main/DEBUG] (FabricLoader/Knot) Adding C:\Users\fynnkunz\.gradle\caches\modules-2\files-2.1\org.jline\jline-reader\3.20.0\8f15415b022a25b473e8e16c28ae913186ffb9c4\jline-reader-3.20.0.jar to classpath.
[15:39:26] [main/DEBUG] (FabricLoader/Knot) Adding C:\Users\fynnkunz\.gradle\caches\modules-2\files-2.1\org.jline\jline-terminal\3.20.0\d0ddcc708ddf527a3454c941b7b9225cc83a15ff\jline-terminal-3.20.0.jar to classpath.
[15:39:26] [main/DEBUG] (FabricLoader/Entrypoint) No subscribers for entrypoint 'preLaunch'
[15:39:26] [main/DEBUG] (FabricLoader/Mixin) Preparing mixins for MixinEnvironment[DEFAULT]
[15:39:26] [main/DEBUG] (FabricLoader/Mixin) Selecting config fabric-rendering-data-attachment-v1.mixins.json
[15:39:26] [main/DEBUG] (FabricLoader/Mixin) Remapping refMap fabric-rendering-data-attachment-v1-refmap.json using remapper chain
[15:39:26] [main/DEBUG] (FabricLoader/Mixin) Selecting config fabric-biome-api-v1.mixins.json
[15:39:26] [main/DEBUG] (FabricLoader/Mixin) Remapping refMap fabric-biome-api-v1-refmap.json using remapper chain
[15:39:26] [main/DEBUG] (FabricLoader/Mixin) Selecting config fabric-entity-events-v1.mixins.json
[15:39:26] [main/DEBUG] (FabricLoader/Mixin) Remapping refMap fabric-entity-events-v1-refmap.json using remapper chain
[15:39:26] [main/DEBUG] (FabricLoader/Mixin) Selecting config fabric-item-api-v1.mixins.json
[15:39:26] [main/DEBUG] (FabricLoader/Mixin) Remapping refMap fabric-item-api-v1-refmap.json using remapper chain
[15:39:26] [main/DEBUG] (FabricLoader/Mixin) Selecting config fabric-dimensions-v1.mixins.json
[15:39:26] [main/DEBUG] (FabricLoader/Mixin) Remapping refMap fabric-dimensions-v1-refmap.json using remapper chain
[15:39:26] [main/DEBUG] (FabricLoader/Mixin) Selecting config fabric-gametest-api-v1.mixins.json
[15:39:26] [main/DEBUG] (FabricLoader/Mixin) Remapping refMap fabric-gametest-api-v1-refmap.json using remapper chain
[15:39:26] [main/DEBUG] (FabricLoader/Mixin) Selecting config fabric-game-rule-api-v1.mixins.json
[15:39:26] [main/DEBUG] (FabricLoader/Mixin) Remapping refMap fabric-game-rule-api-v1-refmap.json using remapper chain
[15:39:26] [main/DEBUG] (FabricLoader/Mixin) Selecting config fabric-containers-v0.mixins.json
[15:39:26] [main/DEBUG] (FabricLoader/Mixin) Remapping refMap fabric-containers-v0-refmap.json using remapper chain
[15:39:26] [main/DEBUG] (FabricLoader/Mixin) Selecting config fabric-containers-v0.accurate.mixins.json
[15:39:26] [main/DEBUG] (FabricLoader/Mixin) Remapping refMap fabric-containers-v0-refmap.json using remapper chain
[15:39:26] [main/DEBUG] (FabricLoader/Mixin) Selecting config fabric-command-api-v2.mixins.json
[15:39:26] [main/DEBUG] (FabricLoader/Mixin) Remapping refMap fabric-command-api-v2-refmap.json using remapper chain
[15:39:26] [main/DEBUG] (FabricLoader/Mixin) Selecting config fabric-events-interaction-v0.mixins.json
[15:39:26] [main/DEBUG] (FabricLoader/Mixin) Remapping refMap fabric-events-interaction-v0-refmap.json using remapper chain
[15:39:26] [main/DEBUG] (FabricLoader/Mixin) Selecting config fabric-block-api-v1.mixins.json
[15:39:26] [main/DEBUG] (FabricLoader/Mixin) Remapping refMap fabric-block-api-v1-refmap.json using remapper chain
[15:39:26] [main/DEBUG] (FabricLoader/Mixin) Selecting config fabric-loot-api-v2.mixins.json
[15:39:26] [main/DEBUG] (FabricLoader/Mixin) Remapping refMap fabric-loot-api-v2-refmap.json using remapper chain
[15:39:26] [main/DEBUG] (FabricLoader/Mixin) Selecting config fabric-data-generation-api-v1.mixins.json
[15:39:26] [main/DEBUG] (FabricLoader/Mixin) Remapping refMap fabric-data-generation-api-v1-refmap.json using remapper chain
[15:39:26] [main/DEBUG] (FabricLoader/Mixin) Selecting config fabric-loot-tables-v1.mixins.json
[15:39:26] [main/DEBUG] (FabricLoader/Mixin) Remapping refMap fabric-loot-tables-v1-refmap.json using remapper chain
[15:39:26] [main/DEBUG] (FabricLoader/Mixin) Selecting config fabric-registry-sync-v0.mixins.json
[15:39:26] [main/DEBUG] (FabricLoader/Mixin) Remapping refMap fabric-registry-sync-v0-refmap.json using remapper chain
[15:39:26] [main/DEBUG] (FabricLoader/Mixin) Selecting config fabric-object-builder-v1.mixins.json
[15:39:26] [main/DEBUG] (FabricLoader/Mixin) Remapping refMap fabric-object-builder-api-v1-refmap.json using remapper chain
[15:39:26] [main/DEBUG] (FabricLoader/Mixin) Selecting config fabric-lifecycle-events-v1.mixins.json
[15:39:26] [main/DEBUG] (FabricLoader/Mixin) Remapping refMap fabric-lifecycle-events-v1-refmap.json using remapper chain
[15:39:26] [main/DEBUG] (FabricLoader/Mixin) Selecting config fabric-resource-loader-v0.mixins.json
[15:39:26] [main/DEBUG] (FabricLoader/Mixin) Remapping refMap fabric-resource-loader-v0-refmap.json using remapper chain
[15:39:26] [main/DEBUG] (FabricLoader/Mixin) Selecting config fabric-mining-level-api-v1.mixins.json
[15:39:26] [main/DEBUG] (FabricLoader/Mixin) Remapping refMap fabric-mining-level-api-v1-refmap.json using remapper chain
[15:39:26] [main/DEBUG] (FabricLoader/Mixin) Selecting config fabric-screen-handler-api-v1.mixins.json
[15:39:26] [main/DEBUG] (FabricLoader/Mixin) Remapping refMap fabric-screen-handler-api-v1-refmap.json using remapper chain
[15:39:26] [main/DEBUG] (FabricLoader/Mixin) Selecting config fabric-item-group-api-v1.mixins.json
[15:39:26] [main/DEBUG] (FabricLoader/Mixin) Remapping refMap fabric-item-group-api-v1-refmap.json using remapper chain
[15:39:26] [main/DEBUG] (FabricLoader/Mixin) Selecting config fabric-message-api-v1.mixins.json
[15:39:26] [main/DEBUG] (FabricLoader/Mixin) Remapping refMap fabric-message-api-v1-refmap.json using remapper chain
[15:39:26] [main/DEBUG] (FabricLoader/Mixin) Selecting config mixinextras.init.mixins.json
[15:39:27] [main/DEBUG] (FabricLoader/MixinExtras|Service) com.llamalad7.mixinextras.service.MixinExtrasServiceImpl(version=0.3.5) is taking over from null
[15:39:27] [main/DEBUG] (FabricLoader/Mixin) Registering new injector for @Inject with org.spongepowered.asm.mixin.injection.struct.CallbackInjectionInfo
[15:39:27] [main/DEBUG] (FabricLoader/Mixin) Registering new injector for @ModifyArg with org.spongepowered.asm.mixin.injection.struct.ModifyArgInjectionInfo
[15:39:27] [main/DEBUG] (FabricLoader/Mixin) Registering new injector for @ModifyArgs with org.spongepowered.asm.mixin.injection.struct.ModifyArgsInjectionInfo
[15:39:27] [main/DEBUG] (FabricLoader/Mixin) Registering new injector for @Redirect with org.spongepowered.asm.mixin.injection.struct.RedirectInjectionInfo
[15:39:27] [main/DEBUG] (FabricLoader/Mixin) Registering new injector for @ModifyVariable with org.spongepowered.asm.mixin.injection.struct.ModifyVariableInjectionInfo
[15:39:27] [main/DEBUG] (FabricLoader/Mixin) Registering new injector for @ModifyConstant with org.spongepowered.asm.mixin.injection.struct.ModifyConstantInjectionInfo
[15:39:27] [main/DEBUG] (FabricLoader/Mixin) Selecting config fabric-recipe-api-v1.mixins.json
[15:39:27] [main/DEBUG] (FabricLoader/Mixin) Remapping refMap fabric-recipe-api-v1-refmap.json using remapper chain
[15:39:27] [main/DEBUG] (FabricLoader/Mixin) Selecting config fabric-transfer-api-v1.mixins.json
[15:39:27] [main/DEBUG] (FabricLoader/Mixin) Remapping refMap fabric-transfer-api-v1-refmap.json using remapper chain
[15:39:27] [main/DEBUG] (FabricLoader/Mixin) Selecting config fabric-api-lookup-api-v1.mixins.json
[15:39:27] [main/DEBUG] (FabricLoader/Mixin) Remapping refMap fabric-api-lookup-api-v1-refmap.json using remapper chain
[15:39:27] [main/DEBUG] (FabricLoader/Mixin) Selecting config fabric-content-registries-v0.mixins.json
[15:39:27] [main/DEBUG] (FabricLoader/Mixin) Remapping refMap fabric-content-registries-v0-refmap.json using remapper chain
[15:39:27] [main/DEBUG] (FabricLoader/Mixin) Selecting config fabric-networking-api-v1.mixins.json
[15:39:27] [main/DEBUG] (FabricLoader/Mixin) Remapping refMap fabric-networking-api-v1-refmap.json using remapper chain
[15:39:27] [main/DEBUG] (FabricLoader/Mixin) Selecting config fabric-data-attachment-api-v1.mixins.json
[15:39:27] [main/DEBUG] (FabricLoader/Mixin) Remapping refMap fabric-data-attachment-api-v1-refmap.json using remapper chain
[15:39:27] [main/DEBUG] (FabricLoader/Mixin) Selecting config fabric-crash-report-info-v1.mixins.json
[15:39:27] [main/DEBUG] (FabricLoader/Mixin) Remapping refMap fabric-crash-report-info-v1-refmap.json using remapper chain
[15:39:27] [main/DEBUG] (FabricLoader/Mixin) Selecting config luckperms.mixins.json
[15:39:27] [main/DEBUG] (FabricLoader/Mixin) Remapping refMap luckperms-refmap.json using remapper chain
[15:39:27] [main/DEBUG] (FabricLoader/Mixin) Selecting config fabric-resource-conditions-api-v1.mixins.json
[15:39:27] [main/DEBUG] (FabricLoader/Mixin) Remapping refMap fabric-resource-conditions-api-v1-refmap.json using remapper chain
[15:39:27] [main/DEBUG] (FabricLoader/Mixin) Selecting config fabric-block-view-api-v2.mixins.json
[15:39:27] [main/DEBUG] (FabricLoader/Mixin) Remapping refMap fabric-block-view-api-v2-refmap.json using remapper chain
[15:39:27] [main/DEBUG] (FabricLoader/Mixin) Preparing fabric-rendering-data-attachment-v1.mixins.json (2)
[15:39:28] [main/DEBUG] (FabricLoader/Mixin) Preparing fabric-biome-api-v1.mixins.json (9)
[15:39:28] [main/DEBUG] (FabricLoader/Mixin) @Mixin target net/minecraft/world/biome/source/MultiNoiseBiomeSourceParameterList$Preset$1 is public in fabric-biome-api-v1.mixins.json:NetherBiomePresetMixin from mod fabric-biome-api-v1 and should be specified in value
[15:39:28] [main/DEBUG] (FabricLoader/Mixin) Preparing fabric-entity-events-v1.mixins.json (11)
[15:39:28] [main/DEBUG] (FabricLoader/Mixin) Preparing fabric-item-api-v1.mixins.json (7)
[15:39:29] [main/DEBUG] (FabricLoader/Mixin) Preparing fabric-dimensions-v1.mixins.json (5)
[15:39:29] [main/DEBUG] (FabricLoader/Mixin) Preparing fabric-gametest-api-v1.mixins.json (7)
[15:39:29] [main/DEBUG] (FabricLoader/Mixin) Preparing fabric-game-rule-api-v1.mixins.json (6)
[15:39:29] [main/DEBUG] (FabricLoader/Mixin) @Mixin target net/minecraft/server/command/GameRuleCommand$1 is public in fabric-game-rule-api-v1.mixins.json:GameRuleCommandVisitorMixin from mod fabric-game-rule-api-v1 and should be specified in value
[15:39:29] [main/DEBUG] (FabricLoader/Mixin) Preparing fabric-containers-v0.mixins.json (1)
[15:39:29] [main/DEBUG] (FabricLoader/Mixin) Preparing fabric-containers-v0.accurate.mixins.json (1)
[15:39:29] [main/DEBUG] (FabricLoader/Mixin) Preparing fabric-command-api-v2.mixins.json (5)
[15:39:29] [main/DEBUG] (FabricLoader/Mixin) Preparing fabric-events-interaction-v0.mixins.json (5)
[15:39:29] [main/DEBUG] (FabricLoader/Mixin) @Mixin target net/minecraft/server/network/ServerPlayNetworkHandler$1 is public in fabric-events-interaction-v0.mixins.json:ServerPlayNetworkHandlerMixin from mod fabric-events-interaction-v0 and should be specified in value
[15:39:29] [main/DEBUG] (FabricLoader/Mixin) Preparing fabric-block-api-v1.mixins.json (2)
[15:39:29] [main/DEBUG] (FabricLoader/Mixin) Preparing fabric-loot-api-v2.mixins.json (5)
[15:39:29] [main/DEBUG] (FabricLoader/Mixin) Preparing fabric-data-generation-api-v1.mixins.json (6)
[15:39:29] [main/DEBUG] (FabricLoader/Mixin) Preparing fabric-loot-tables-v1.mixins.json (2)
[15:39:29] [main/DEBUG] (FabricLoader/Mixin) Preparing fabric-registry-sync-v0.mixins.json (14)
[15:39:30] [main/DEBUG] (FabricLoader/Mixin) Preparing fabric-object-builder-v1.mixins.json (7)
[15:39:30] [main/DEBUG] (FabricLoader/Mixin) Preparing fabric-lifecycle-events-v1.mixins.json (9)
[15:39:30] [main/DEBUG] (FabricLoader/Mixin) @Mixin target net/minecraft/server/world/ServerWorld$ServerEntityHandler is public in fabric-lifecycle-events-v1.mixins.json:ServerWorldServerEntityHandlerMixin from mod fabric-lifecycle-events-v1 and should be specified in value
[15:39:30] [main/DEBUG] (FabricLoader/Mixin) Preparing fabric-resource-loader-v0.mixins.json (12)
[15:39:30] [main/DEBUG] (FabricLoader/Mixin) Preparing fabric-mining-level-api-v1.mixins.json (3)
[15:39:30] [main/DEBUG] (FabricLoader/Mixin) Preparing fabric-screen-handler-api-v1.mixins.json (2)
[15:39:30] [main/DEBUG] (FabricLoader/Mixin) Preparing fabric-item-group-api-v1.mixins.json (3)
[15:39:30] [main/DEBUG] (FabricLoader/Mixin) Preparing fabric-message-api-v1.mixins.json (2)
[15:39:30] [main/DEBUG] (FabricLoader/Mixin) Preparing mixinextras.init.mixins.json (0)
[15:39:30] [main/DEBUG] (FabricLoader/Mixin) Preparing fabric-recipe-api-v1.mixins.json (3)
[15:39:31] [main/DEBUG] (FabricLoader/Mixin) Preparing fabric-transfer-api-v1.mixins.json (12)
[15:39:31] [main/DEBUG] (FabricLoader/Mixin) Preparing fabric-api-lookup-api-v1.mixins.json (2)
[15:39:31] [main/DEBUG] (FabricLoader/Mixin) Preparing fabric-content-registries-v0.mixins.json (11)
[15:39:31] [main/DEBUG] (FabricLoader/Mixin) Preparing fabric-networking-api-v1.mixins.json (11)
[15:39:32] [main/DEBUG] (FabricLoader/Mixin) @Mixin target net/minecraft/server/world/ThreadedAnvilChunkStorage$EntityTracker is public in fabric-networking-api-v1.mixins.json:accessor.EntityTrackerAccessor from mod fabric-networking-api-v1 and should be specified in value
[15:39:32] [main/DEBUG] (FabricLoader/Mixin) Preparing fabric-data-attachment-api-v1.mixins.json (8)
[15:39:33] [main/DEBUG] (FabricLoader/Mixin) Preparing fabric-crash-report-info-v1.mixins.json (1)
[15:39:33] [main/DEBUG] (FabricLoader/Mixin) Preparing luckperms.mixins.json (4)
[15:39:36] [main/DEBUG] (FabricLoader/Mixin) Preparing fabric-resource-conditions-api-v1.mixins.json (6)
[15:39:36] [main/DEBUG] (FabricLoader/Mixin) Preparing fabric-block-view-api-v2.mixins.json (2)
[15:39:39] [main/DEBUG] (FabricLoader/Mixin) Inner class net/fabricmc/fabric/mixin/itemgroup/ItemGroupsMixin$1ItemGroupPosition in net/fabricmc/fabric/mixin/itemgroup/ItemGroupsMixin on net/minecraft/item/ItemGroups gets unique name net/minecraft/item/ItemGroups$1ItemGroupPosition$b2a37d523bee4767ba2815e3e12544d4
[15:39:39] [main/DEBUG] (FabricLoader/Mixin) Inner class net/fabricmc/fabric/mixin/transfer/ChiseledBookshelfBlockEntityMixin$1 in net/fabricmc/fabric/mixin/transfer/ChiseledBookshelfBlockEntityMixin on net/minecraft/block/entity/ChiseledBookshelfBlockEntity gets unique name net/minecraft/block/entity/ChiseledBookshelfBlockEntity$Anonymous$c80e596002ca48d7abc6bd5ac204a9d7
[15:39:40] [main/DEBUG] (FabricLoader/Mixin) Prepared 186 mixins in 13.388 sec (72.0ms avg) (0ms load, 0ms transform, 0ms plugin)
[15:39:40] [main/INFO] (FabricLoader/MixinExtras|Service) Initializing MixinExtras via com.llamalad7.mixinextras.service.MixinExtrasServiceImpl(version=0.3.5).
[15:39:40] [main/DEBUG] (FabricLoader/Mixin) Registering new injector for @SugarWrapper with com.llamalad7.mixinextras.sugar.impl.SugarWrapperInjectionInfo
[15:39:40] [main/DEBUG] (FabricLoader/Mixin) Registering new injector for @FactoryRedirectWrapper with com.llamalad7.mixinextras.wrapper.factory.FactoryRedirectWrapperInjectionInfo
[15:39:40] [main/DEBUG] (FabricLoader/Mixin) Mixing server.MainMixin from fabric-gametest-api-v1.mixins.json into net.minecraft.server.Main
[15:39:40] [main/DEBUG] (FabricLoader/Mixin) fabric-gametest-api-v1.mixins.json:server.MainMixin from mod fabric-gametest-api-v1: Class version 61 required is higher than the class version supported by the current version of Mixin (JAVA_16 supports class version 60)
[15:39:40] [main/DEBUG] (FabricLoader/Mixin) Mixing server.MainMixin from fabric-data-generation-api-v1.mixins.json into net.minecraft.server.Main
[15:39:40] [main/DEBUG] (FabricLoader/Mixin) fabric-data-generation-api-v1.mixins.json:server.MainMixin from mod fabric-data-generation-api-v1: Class version 61 required is higher than the class version supported by the current version of Mixin (JAVA_16 supports class version 60)
[15:39:41] [main/DEBUG] (FabricLoader/Mixin) fabric-gametest-api-v1.mixins.json:server.MainMixin from mod fabric-gametest-api-v1->@Inject::main([Ljava/lang/String;Lorg/spongepowered/asm/mixin/injection/callback/CallbackInfo;Ljoptsimple/OptionParser;Ljoptsimple/OptionSpec;Ljoptsimple/OptionSpec;Ljoptsimple/OptionSpec;Ljoptsimple/OptionSpec;Ljoptsimple/OptionSpec;Ljoptsimple/OptionSpec;Ljoptsimple/OptionSpec;Ljoptsimple/OptionSpec;Ljoptsimple/OptionSpec;Ljoptsimple/OptionSpec;Ljoptsimple/OptionSpec;Ljoptsimple/OptionSpec;Ljoptsimple/OptionSpec;Ljoptsimple/OptionSpec;Ljoptsimple/OptionSpec;Ljoptsimple/OptionSpec;Ljoptsimple/OptionSet;Ljava/nio/file/Path;Lnet/minecraft/server/dedicated/ServerPropertiesLoader;Ljava/nio/file/Path;Lnet/minecraft/server/dedicated/EulaReader;Ljava/io/File;Lnet/minecraft/util/ApiServices;Ljava/lang/String;Lnet/minecraft/world/level/storage/LevelStorage;Lnet/minecraft/world/level/storage/LevelStorage$Session;Lnet/minecraft/world/level/storage/LevelSummary;ZLnet/minecraft/resource/ResourcePackManager;)V does use it's CallbackInfo
[15:39:41] [main/DEBUG] (FabricLoader/Mixin) fabric-gametest-api-v1.mixins.json:server.MainMixin from mod fabric-gametest-api-v1->@Inject::exitOnError(Lorg/spongepowered/asm/mixin/injection/callback/CallbackInfo;)V doesn't use it's CallbackInfo
[15:39:41] [main/DEBUG] (FabricLoader/Mixin) fabric-data-generation-api-v1.mixins.json:server.MainMixin from mod fabric-data-generation-api-v1->@Inject::main([Ljava/lang/String;Lorg/spongepowered/asm/mixin/injection/callback/CallbackInfo;)V does use it's CallbackInfo
[15:39:42] [main/DEBUG] (io.netty.util.internal.logging.InternalLoggerFactory) Using SLF4J as the default logging framework
[15:39:42] [main/DEBUG] (io.netty.util.ResourceLeakDetector) -Dio.netty.leakDetection.level: simple
[15:39:42] [main/DEBUG] (io.netty.util.ResourceLeakDetector) -Dio.netty.leakDetection.targetRecords: 4
[15:39:47] [main/DEBUG] (FabricLoader/Mixin) Mixing SystemDetailsMixin from fabric-crash-report-info-v1.mixins.json into net.minecraft.util.SystemDetails
[15:39:47] [main/DEBUG] (FabricLoader/Mixin) fabric-crash-report-info-v1.mixins.json:SystemDetailsMixin from mod fabric-crash-report-info-v1: Class version 61 required is higher than the class version supported by the current version of Mixin (JAVA_16 supports class version 60)
[15:39:47] [main/DEBUG] (FabricLoader/Mixin) Renaming synthetic method lambda$appendMods$1(Lnet/fabricmc/loader/api/ModContainer;)Ljava/lang/String; to md34f504$fabric-crash-report-info-v1$lambda$appendMods$1$0 in fabric-crash-report-info-v1.mixins.json:SystemDetailsMixin from mod fabric-crash-report-info-v1
[15:39:47] [main/DEBUG] (FabricLoader/Mixin) Renaming synthetic method lambda$fillSystemDetails$0()Ljava/lang/String; to md34f504$fabric-crash-report-info-v1$lambda$fillSystemDetails$0$1 in fabric-crash-report-info-v1.mixins.json:SystemDetailsMixin from mod fabric-crash-report-info-v1
[15:39:47] [main/DEBUG] (FabricLoader/Mixin) fabric-crash-report-info-v1.mixins.json:SystemDetailsMixin from mod fabric-crash-report-info-v1->@Inject::fillSystemDetails(Lorg/spongepowered/asm/mixin/injection/callback/CallbackInfo;)V doesn't use it's CallbackInfo
[15:39:47] [main/DEBUG] (FabricLoader/Mixin) fabric-crash-report-info-v1.mixins.json:SystemDetailsMixin from mod fabric-crash-report-info-v1->@Inject::fillSystemDetails(Lorg/spongepowered/asm/mixin/injection/callback/CallbackInfo;)V has 0 override(s) in child classes
[15:39:47] [main/DEBUG] (FabricLoader/Mixin) fabric-crash-report-info-v1.mixins.json:SystemDetailsMixin from mod fabric-crash-report-info-v1->@Inject::fillSystemDetails(Lorg/spongepowered/asm/mixin/injection/callback/CallbackInfo;)V won't be passed a CallbackInfo as a result
[15:39:51] [main/DEBUG] (FabricLoader/Mixin) Mixing BootstrapMixin from fabric-registry-sync-v0.mixins.json into net.minecraft.Bootstrap
[15:39:51] [main/DEBUG] (FabricLoader/Mixin) fabric-registry-sync-v0.mixins.json:BootstrapMixin from mod fabric-registry-sync-v0: Class version 61 required is higher than the class version supported by the current version of Mixin (JAVA_16 supports class version 60)
[15:39:51] [main/DEBUG] (FabricLoader/Mixin) Renaming synthetic method lambda$initialize$1(Lnet/minecraft/fluid/Fluid;)Ljava/util/Collection; to md34f504$fabric-registry-sync-v0$lambda$initialize$1$0 in fabric-registry-sync-v0.mixins.json:BootstrapMixin from mod fabric-registry-sync-v0
[15:39:51] [main/DEBUG] (FabricLoader/Mixin) Renaming synthetic method lambda$initialize$0(Lnet/minecraft/block/Block;)Ljava/util/Collection; to md34f504$fabric-registry-sync-v0$lambda$initialize$0$1 in fabric-registry-sync-v0.mixins.json:BootstrapMixin from mod fabric-registry-sync-v0
[15:39:52] [main/DEBUG] (FabricLoader/Mixin) fabric-registry-sync-v0.mixins.json:BootstrapMixin from mod fabric-registry-sync-v0->@Inject::initialize(Lorg/spongepowered/asm/mixin/injection/callback/CallbackInfo;)V doesn't use it's CallbackInfo
[15:39:52] [main/DEBUG] (FabricLoader/Mixin) Mixing RegistriesAccessor from fabric-registry-sync-v0.mixins.json into net.minecraft.registry.Registries
[15:39:52] [main/DEBUG] (FabricLoader/Mixin) fabric-registry-sync-v0.mixins.json:RegistriesAccessor from mod fabric-registry-sync-v0: Class version 61 required is higher than the class version supported by the current version of Mixin (JAVA_16 supports class version 60)
[15:39:52] [main/DEBUG] (FabricLoader/Mixin) Renaming @Accessor method getROOT()Lnet/minecraft/registry/MutableRegistry; to getROOT$fabric-registry-sync-v0_$md$34f504$0 in fabric-registry-sync-v0.mixins.json:RegistriesAccessor from mod fabric-registry-sync-v0
[15:39:52] [main/DEBUG] (FabricLoader/Mixin) Mixing RegistriesMixin from fabric-registry-sync-v0.mixins.json into net.minecraft.registry.Registries
[15:39:52] [main/DEBUG] (FabricLoader/Mixin) fabric-registry-sync-v0.mixins.json:RegistriesMixin from mod fabric-registry-sync-v0: Class version 61 required is higher than the class version supported by the current version of Mixin (JAVA_16 supports class version 60)
[15:39:52] [main/DEBUG] (FabricLoader/Mixin) fabric-registry-sync-v0.mixins.json:RegistriesMixin from mod fabric-registry-sync-v0->@Inject::init(Lorg/spongepowered/asm/mixin/injection/callback/CallbackInfo;)V does use it's CallbackInfo
[15:39:52] [main/DEBUG] (FabricLoader/Mixin) Mixing SimpleRegistryMixin from fabric-registry-sync-v0.mixins.json into net.minecraft.registry.SimpleRegistry
[15:39:52] [main/DEBUG] (FabricLoader/Mixin) fabric-registry-sync-v0.mixins.json:SimpleRegistryMixin from mod fabric-registry-sync-v0: Class version 61 required is higher than the class version supported by the current version of Mixin (JAVA_16 supports class version 60)
[15:39:52] [main/DEBUG] (FabricLoader/Mixin) Renaming synthetic method lambda$new$5([Lnet/fabricmc/fabric/api/event/registry/RegistryIdRemapCallback;)Lnet/fabricmc/fabric/api/event/registry/RegistryIdRemapCallback; to md34f504$fabric-registry-sync-v0$lambda$new$5$0 in fabric-registry-sync-v0.mixins.json:SimpleRegistryMixin from mod fabric-registry-sync-v0
[15:39:52] [main/DEBUG] (FabricLoader/Mixin) Renaming synthetic method lambda$new$4([Lnet/fabricmc/fabric/api/event/registry/RegistryIdRemapCallback;Lnet/fabricmc/fabric/api/event/registry/RegistryIdRemapCallback$RemapState;)V to md34f504$fabric-registry-sync-v0$lambda$new$4$1 in fabric-registry-sync-v0.mixins.json:SimpleRegistryMixin from mod fabric-registry-sync-v0
[15:39:52] [main/DEBUG] (FabricLoader/Mixin) Renaming synthetic method lambda$new$3([Lnet/fabricmc/fabric/api/event/registry/RegistryEntryRemovedCallback;)Lnet/fabricmc/fabric/api/event/registry/RegistryEntryRemovedCallback; to md34f504$fabric-registry-sync-v0$lambda$new$3$2 in fabric-registry-sync-v0.mixins.json:SimpleRegistryMixin from mod fabric-registry-sync-v0
[15:39:52] [main/DEBUG] (FabricLoader/Mixin) Renaming synthetic method lambda$new$2([Lnet/fabricmc/fabric/api/event/registry/RegistryEntryRemovedCallback;ILnet/minecraft/util/Identifier;Ljava/lang/Object;)V to md34f504$fabric-registry-sync-v0$lambda$new$2$3 in fabric-registry-sync-v0.mixins.json:SimpleRegistryMixin from mod fabric-registry-sync-v0
[15:39:52] [main/DEBUG] (FabricLoader/Mixin) Renaming synthetic method lambda$new$1([Lnet/fabricmc/fabric/api/event/registry/RegistryEntryAddedCallback;)Lnet/fabricmc/fabric/api/event/registry/RegistryEntryAddedCallback; to md34f504$fabric-registry-sync-v0$lambda$new$1$4 in fabric-registry-sync-v0.mixins.json:SimpleRegistryMixin from mod fabric-registry-sync-v0
[15:39:52] [main/DEBUG] (FabricLoader/Mixin) Renaming synthetic method lambda$new$0([Lnet/fabricmc/fabric/api/event/registry/RegistryEntryAddedCallback;ILnet/minecraft/util/Identifier;Ljava/lang/Object;)V to md34f504$fabric-registry-sync-v0$lambda$new$0$5 in fabric-registry-sync-v0.mixins.json:SimpleRegistryMixin from mod fabric-registry-sync-v0
[15:39:52] [main/DEBUG] (FabricLoader/Mixin) fabric-registry-sync-v0.mixins.json:SimpleRegistryMixin from mod fabric-registry-sync-v0->@Inject::add(Lnet/minecraft/registry/RegistryKey;Ljava/lang/Object;Lcom/mojang/serialization/Lifecycle;Lorg/spongepowered/asm/mixin/injection/callback/CallbackInfoReturnable;)V doesn't use it's CallbackInfoReturnable
[15:39:52] [main/DEBUG] (FabricLoader/Mixin) fabric-registry-sync-v0.mixins.json:SimpleRegistryMixin from mod fabric-registry-sync-v0->@Inject::add(Lnet/minecraft/registry/RegistryKey;Ljava/lang/Object;Lcom/mojang/serialization/Lifecycle;Lorg/spongepowered/asm/mixin/injection/callback/CallbackInfoReturnable;)V has 0 override(s) in child classes
[15:39:52] [main/DEBUG] (FabricLoader/Mixin) fabric-registry-sync-v0.mixins.json:SimpleRegistryMixin from mod fabric-registry-sync-v0->@Inject::add(Lnet/minecraft/registry/RegistryKey;Ljava/lang/Object;Lcom/mojang/serialization/Lifecycle;Lorg/spongepowered/asm/mixin/injection/callback/CallbackInfoReturnable;)V won't be passed a CallbackInfoReturnable as a result
[15:39:52] [main/DEBUG] (FabricLoader/Mixin) fabric-registry-sync-v0.mixins.json:SimpleRegistryMixin from mod fabric-registry-sync-v0->@Inject::set(ILnet/minecraft/registry/RegistryKey;Ljava/lang/Object;Lcom/mojang/serialization/Lifecycle;Lorg/spongepowered/asm/mixin/injection/callback/CallbackInfoReturnable;)V does use it's CallbackInfoReturnable
[15:39:52] [main/DEBUG] (FabricLoader/Mixin) fabric-registry-sync-v0.mixins.json:SimpleRegistryMixin from mod fabric-registry-sync-v0->@Inject::setPre(ILnet/minecraft/registry/RegistryKey;Ljava/lang/Object;Lcom/mojang/serialization/Lifecycle;Lorg/spongepowered/asm/mixin/injection/callback/CallbackInfoReturnable;)V doesn't use it's CallbackInfoReturnable
[15:39:52] [main/DEBUG] (FabricLoader/Mixin) fabric-registry-sync-v0.mixins.json:SimpleRegistryMixin from mod fabric-registry-sync-v0->@Inject::setPre(ILnet/minecraft/registry/RegistryKey;Ljava/lang/Object;Lcom/mojang/serialization/Lifecycle;Lorg/spongepowered/asm/mixin/injection/callback/CallbackInfoReturnable;)V has 0 override(s) in child classes
[15:39:52] [main/DEBUG] (FabricLoader/Mixin) fabric-registry-sync-v0.mixins.json:SimpleRegistryMixin from mod fabric-registry-sync-v0->@Inject::setPre(ILnet/minecraft/registry/RegistryKey;Ljava/lang/Object;Lcom/mojang/serialization/Lifecycle;Lorg/spongepowered/asm/mixin/injection/callback/CallbackInfoReturnable;)V won't be passed a CallbackInfoReturnable as a result
[15:39:52] [main/DEBUG] (FabricLoader/Mixin) fabric-registry-sync-v0.mixins.json:SimpleRegistryMixin from mod fabric-registry-sync-v0->@Inject::setPost(ILnet/minecraft/registry/RegistryKey;Ljava/lang/Object;Lcom/mojang/serialization/Lifecycle;Lorg/spongepowered/asm/mixin/injection/callback/CallbackInfoReturnable;)V doesn't use it's CallbackInfoReturnable
[15:39:52] [main/DEBUG] (FabricLoader/Mixin) fabric-registry-sync-v0.mixins.json:SimpleRegistryMixin from mod fabric-registry-sync-v0->@Inject::setPost(ILnet/minecraft/registry/RegistryKey;Ljava/lang/Object;Lcom/mojang/serialization/Lifecycle;Lorg/spongepowered/asm/mixin/injection/callback/CallbackInfoReturnable;)V has 0 override(s) in child classes
[15:39:52] [main/DEBUG] (FabricLoader/Mixin) fabric-registry-sync-v0.mixins.json:SimpleRegistryMixin from mod fabric-registry-sync-v0->@Inject::setPost(ILnet/minecraft/registry/RegistryKey;Ljava/lang/Object;Lcom/mojang/serialization/Lifecycle;Lorg/spongepowered/asm/mixin/injection/callback/CallbackInfoReturnable;)V won't be passed a CallbackInfoReturnable as a result
[15:39:53] [main/DEBUG] (FabricLoader/Mixin) Mixing FluidMixin from fabric-transfer-api-v1.mixins.json into net.minecraft.fluid.Fluid
[15:39:53] [main/DEBUG] (FabricLoader/Mixin) fabric-transfer-api-v1.mixins.json:FluidMixin from mod fabric-transfer-api-v1: Class version 61 required is higher than the class version supported by the current version of Mixin (JAVA_16 supports class version 60)
[15:39:53] [main/DEBUG] (FabricLoader/Mixin) fabric-transfer-api-v1.mixins.json:FluidMixin from mod fabric-transfer-api-v1->@Inject::hookGetBucketFillSound(Lorg/spongepowered/asm/mixin/injection/callback/CallbackInfoReturnable;)V does use it's CallbackInfoReturnable
[15:39:53] [main/DEBUG] (FabricLoader/Mixin) Mixing BlockMixin from fabric-block-api-v1.mixins.json into net.minecraft.block.Block
[15:39:53] [main/DEBUG] (FabricLoader/Mixin) Mixing AbstractBlockAccessor from fabric-object-builder-v1.mixins.json into net.minecraft.block.AbstractBlock
[15:39:53] [main/DEBUG] (FabricLoader/Mixin) fabric-object-builder-v1.mixins.json:AbstractBlockAccessor from mod fabric-object-builder-api-v1: Class version 61 required is higher than the class version supported by the current version of Mixin (JAVA_16 supports class version 60)
[15:39:53] [main/DEBUG] (FabricLoader/Mixin) Mixing ItemMixin from fabric-item-api-v1.mixins.json into net.minecraft.item.Item
[15:39:53] [main/DEBUG] (FabricLoader/Mixin) fabric-item-api-v1.mixins.json:ItemMixin from mod fabric-item-api-v1: Class version 61 required is higher than the class version supported by the current version of Mixin (JAVA_16 supports class version 60)
[15:39:53] [main/DEBUG] (FabricLoader/Mixin) Mixing ItemMixin from fabric-transfer-api-v1.mixins.json into net.minecraft.item.Item
[15:39:53] [main/DEBUG] (FabricLoader/Mixin) fabric-transfer-api-v1.mixins.json:ItemMixin from mod fabric-transfer-api-v1: Class version 61 required is higher than the class version supported by the current version of Mixin (JAVA_16 supports class version 60)
[15:39:53] [main/DEBUG] (FabricLoader/Mixin) fabric-item-api-v1.mixins.json:ItemMixin from mod fabric-item-api-v1->@Inject::onConstruct(Lnet/minecraft/item/Item$Settings;Lorg/spongepowered/asm/mixin/injection/callback/CallbackInfo;)V doesn't use it's CallbackInfo
[15:39:53] [main/DEBUG] (FabricLoader/Mixin) fabric-item-api-v1.mixins.json:ItemMixin from mod fabric-item-api-v1->@Inject::onConstruct(Lnet/minecraft/item/Item$Settings;Lorg/spongepowered/asm/mixin/injection/callback/CallbackInfo;)V has 0 override(s) in child classes
[15:39:53] [main/DEBUG] (FabricLoader/Mixin) fabric-item-api-v1.mixins.json:ItemMixin from mod fabric-item-api-v1->@Inject::onConstruct(Lnet/minecraft/item/Item$Settings;Lorg/spongepowered/asm/mixin/injection/callback/CallbackInfo;)V won't be passed a CallbackInfo as a result
[15:39:53] [main/DEBUG] (FabricLoader/Mixin) Mixing BlockEntityTypeAccessor from fabric-api-lookup-api-v1.mixins.json into net.minecraft.block.entity.BlockEntityType
[15:39:53] [main/DEBUG] (FabricLoader/Mixin) fabric-api-lookup-api-v1.mixins.json:BlockEntityTypeAccessor from mod fabric-api-lookup-api-v1: Class version 61 required is higher than the class version supported by the current version of Mixin (JAVA_16 supports class version 60)
[15:39:53] [main/DEBUG] (FabricLoader/Mixin) Mixing ArgumentTypesMixin from fabric-gametest-api-v1.mixins.json into net.minecraft.command.argument.ArgumentTypes
[15:39:53] [main/DEBUG] (FabricLoader/Mixin) fabric-gametest-api-v1.mixins.json:ArgumentTypesMixin from mod fabric-gametest-api-v1: Class version 61 required is higher than the class version supported by the current version of Mixin (JAVA_16 supports class version 60)
[15:39:53] [main/DEBUG] (FabricLoader/Mixin) Mixing ArgumentTypesAccessor from fabric-command-api-v2.mixins.json into net.minecraft.command.argument.ArgumentTypes
[15:39:53] [main/DEBUG] (FabricLoader/Mixin) fabric-command-api-v2.mixins.json:ArgumentTypesAccessor from mod fabric-command-api-v2: Class version 61 required is higher than the class version supported by the current version of Mixin (JAVA_16 supports class version 60)
[15:39:53] [main/DEBUG] (FabricLoader/Mixin) Renaming @Accessor method fabric_getClassMap()Ljava/util/Map; to fabric_getClassMap$fabric-command-api-v2_$md$34f504$0 in fabric-command-api-v2.mixins.json:ArgumentTypesAccessor from mod fabric-command-api-v2
[15:39:53] [main/DEBUG] (FabricLoader/Mixin) fabric-gametest-api-v1.mixins.json:ArgumentTypesMixin from mod fabric-gametest-api-v1->@Inject::register(Lnet/minecraft/registry/Registry;Lorg/spongepowered/asm/mixin/injection/callback/CallbackInfoReturnable;)V doesn't use it's CallbackInfoReturnable
[15:39:54] [main/DEBUG] (FabricLoader/Mixin) Mixing ItemGroupsMixin from fabric-item-group-api-v1.mixins.json into net.minecraft.item.ItemGroups
[15:39:54] [main/DEBUG] (FabricLoader/Mixin) fabric-item-group-api-v1.mixins.json:ItemGroupsMixin from mod fabric-item-group-api-v1->@Inject::collect(Lorg/spongepowered/asm/mixin/injection/callback/CallbackInfo;)V does use it's CallbackInfo
[15:39:54] [main/DEBUG] (FabricLoader/Mixin) Mixing ItemGroupAccessor from fabric-item-group-api-v1.mixins.json into net.minecraft.item.ItemGroup
[15:39:54] [main/DEBUG] (FabricLoader/Mixin) Mixing ItemGroupMixin from fabric-item-group-api-v1.mixins.json into net.minecraft.item.ItemGroup
[15:39:54] [main/DEBUG] (FabricLoader/Mixin) Renaming synthetic method lambda$getStacks$0(Lnet/minecraft/item/ItemGroup;)Ljava/lang/IllegalStateException; to md34f504$fabric-item-group-api-v1$lambda$getStacks$0$0 in fabric-item-group-api-v1.mixins.json:ItemGroupMixin from mod fabric-item-group-api-v1
[15:39:54] [main/DEBUG] (FabricLoader/Mixin) fabric-item-group-api-v1.mixins.json:ItemGroupMixin from mod fabric-item-group-api-v1->@Inject::getStacks(Lnet/minecraft/item/ItemGroup$DisplayContext;Lorg/spongepowered/asm/mixin/injection/callback/CallbackInfo;)V doesn't use it's CallbackInfo
[15:39:54] [main/DEBUG] (FabricLoader/Mixin) fabric-item-group-api-v1.mixins.json:ItemGroupMixin from mod fabric-item-group-api-v1->@Inject::getStacks(Lnet/minecraft/item/ItemGroup$DisplayContext;Lorg/spongepowered/asm/mixin/injection/callback/CallbackInfo;)V has 0 override(s) in child classes
[15:39:54] [main/DEBUG] (FabricLoader/Mixin) fabric-item-group-api-v1.mixins.json:ItemGroupMixin from mod fabric-item-group-api-v1->@Inject::getStacks(Lnet/minecraft/item/ItemGroup$DisplayContext;Lorg/spongepowered/asm/mixin/injection/callback/CallbackInfo;)V won't be passed a CallbackInfo as a result
[15:39:54] [main/DEBUG] (FabricLoader/Mixin) Mixing FireBlockMixin from fabric-content-registries-v0.mixins.json into net.minecraft.block.FireBlock
[15:39:54] [main/DEBUG] (FabricLoader/Mixin) fabric-content-registries-v0.mixins.json:FireBlockMixin from mod fabric-content-registries-v0: Class version 61 required is higher than the class version supported by the current version of Mixin (JAVA_16 supports class version 60)
[15:39:54] [main/DEBUG] (FabricLoader/Mixin) fabric-content-registries-v0.mixins.json:FireBlockMixin from mod fabric-content-registries-v0->@Inject::afterConstruct(Lnet/minecraft/block/AbstractBlock$Settings;Lorg/spongepowered/asm/mixin/injection/callback/CallbackInfo;)V doesn't use it's CallbackInfo
[15:39:54] [main/DEBUG] (FabricLoader/Mixin) fabric-content-registries-v0.mixins.json:FireBlockMixin from mod fabric-content-registries-v0->@Inject::afterConstruct(Lnet/minecraft/block/AbstractBlock$Settings;Lorg/spongepowered/asm/mixin/injection/callback/CallbackInfo;)V has 0 override(s) in child classes
[15:39:54] [main/DEBUG] (FabricLoader/Mixin) fabric-content-registries-v0.mixins.json:FireBlockMixin from mod fabric-content-registries-v0->@Inject::afterConstruct(Lnet/minecraft/block/AbstractBlock$Settings;Lorg/spongepowered/asm/mixin/injection/callback/CallbackInfo;)V won't be passed a CallbackInfo as a result
[15:39:54] [main/DEBUG] (FabricLoader/Mixin) fabric-content-registries-v0.mixins.json:FireBlockMixin from mod fabric-content-registries-v0->@Inject::getFabricBurnChance(Lnet/minecraft/block/BlockState;Lorg/spongepowered/asm/mixin/injection/callback/CallbackInfoReturnable;)V does use it's CallbackInfoReturnable
[15:39:54] [main/DEBUG] (FabricLoader/Mixin) fabric-content-registries-v0.mixins.json:FireBlockMixin from mod fabric-content-registries-v0->@Inject::getFabricSpreadChance(Lnet/minecraft/block/BlockState;Lorg/spongepowered/asm/mixin/injection/callback/CallbackInfoReturnable;)V does use it's CallbackInfoReturnable
[15:39:54] [main/DEBUG] (FabricLoader/Mixin) Mixing BlockViewMixin from fabric-block-view-api-v2.mixins.json into net.minecraft.world.BlockView
[15:39:54] [main/DEBUG] (FabricLoader/Mixin) Mixing WorldMixin from fabric-lifecycle-events-v1.mixins.json into net.minecraft.world.World
[15:39:54] [main/DEBUG] (FabricLoader/Mixin) fabric-lifecycle-events-v1.mixins.json:WorldMixin from mod fabric-lifecycle-events-v1: Class version 61 required is higher than the class version supported by the current version of Mixin (JAVA_16 supports class version 60)
[15:39:54] [main/DEBUG] (FabricLoader/Mixin) Mixing AttachmentTargetsMixin from fabric-data-attachment-api-v1.mixins.json into net.minecraft.world.World
[15:39:54] [main/DEBUG] (FabricLoader/Mixin) Mixing WorldViewMixin from fabric-rendering-data-attachment-v1.mixins.json into net.minecraft.world.WorldView
[15:39:54] [main/DEBUG] (FabricLoader/Mixin) Mixing ServerWorldMixin from fabric-lifecycle-events-v1.mixins.json into net.minecraft.server.world.ServerWorld
[15:39:54] [main/DEBUG] (FabricLoader/Mixin) fabric-lifecycle-events-v1.mixins.json:ServerWorldMixin from mod fabric-lifecycle-events-v1: Class version 61 required is higher than the class version supported by the current version of Mixin (JAVA_16 supports class version 60)
[15:39:54] [main/DEBUG] (FabricLoader/Mixin) Mixing ServerWorldMixin from fabric-api-lookup-api-v1.mixins.json into net.minecraft.server.world.ServerWorld
[15:39:54] [main/DEBUG] (FabricLoader/Mixin) fabric-api-lookup-api-v1.mixins.json:ServerWorldMixin from mod fabric-api-lookup-api-v1: Class version 61 required is higher than the class version supported by the current version of Mixin (JAVA_16 supports class version 60)
[15:39:54] [main/DEBUG] (FabricLoader/Mixin) Renaming synthetic method lambda$fabric_invalidateCache$5(Ljava/util/Map$Entry;)Z to md34f504$fabric-api-lookup-api-v1$lambda$fabric_invalidateCache$5$0 in fabric-api-lookup-api-v1.mixins.json:ServerWorldMixin from mod fabric-api-lookup-api-v1
[15:39:54] [main/DEBUG] (FabricLoader/Mixin) Renaming synthetic method lambda$fabric_invalidateCache$4(Ljava/lang/ref/WeakReference;)Z to md34f504$fabric-api-lookup-api-v1$lambda$fabric_invalidateCache$4$1 in fabric-api-lookup-api-v1.mixins.json:ServerWorldMixin from mod fabric-api-lookup-api-v1
[15:39:54] [main/DEBUG] (FabricLoader/Mixin) Renaming synthetic method lambda$fabric_invalidateCache$3(Ljava/lang/ref/WeakReference;)V to md34f504$fabric-api-lookup-api-v1$lambda$fabric_invalidateCache$3$2 in fabric-api-lookup-api-v1.mixins.json:ServerWorldMixin from mod fabric-api-lookup-api-v1
[15:39:54] [main/DEBUG] (FabricLoader/Mixin) Renaming synthetic method lambda$fabric_invalidateCache$2(Ljava/lang/ref/WeakReference;)Z to md34f504$fabric-api-lookup-api-v1$lambda$fabric_invalidateCache$2$3 in fabric-api-lookup-api-v1.mixins.json:ServerWorldMixin from mod fabric-api-lookup-api-v1
[15:39:54] [main/DEBUG] (FabricLoader/Mixin) Renaming synthetic method lambda$fabric_registerCache$1(Ljava/lang/ref/WeakReference;)Z to md34f504$fabric-api-lookup-api-v1$lambda$fabric_registerCache$1$4 in fabric-api-lookup-api-v1.mixins.json:ServerWorldMixin from mod fabric-api-lookup-api-v1
[15:39:54] [main/DEBUG] (FabricLoader/Mixin) Renaming synthetic method lambda$fabric_registerCache$0(Lnet/minecraft/util/math/BlockPos;)Ljava/util/List; to md34f504$fabric-api-lookup-api-v1$lambda$fabric_registerCache$0$5 in fabric-api-lookup-api-v1.mixins.json:ServerWorldMixin from mod fabric-api-lookup-api-v1
[15:39:54] [main/DEBUG] (FabricLoader/Mixin) Mixing ServerWorldMixin from fabric-data-attachment-api-v1.mixins.json into net.minecraft.server.world.ServerWorld
[15:39:54] [main/DEBUG] (FabricLoader/Mixin) Renaming synthetic method lambda$createAttachmentsPersistentState$1(Lnet/minecraft/server/world/ServerWorld;)Lnet/fabricmc/fabric/impl/attachment/AttachmentPersistentState; to md34f504$fabric-data-attachment-api-v1$lambda$createAttachmentsPersistentState$1$6 in fabric-data-attachment-api-v1.mixins.json:ServerWorldMixin from mod fabric-data-attachment-api-v1
[15:39:54] [main/DEBUG] (FabricLoader/Mixin) Renaming synthetic method lambda$createAttachmentsPersistentState$0(Lnet/minecraft/server/world/ServerWorld;Lnet/minecraft/nbt/NbtCompound;)Lnet/fabricmc/fabric/impl/attachment/AttachmentPersistentState; to md34f504$fabric-data-attachment-api-v1$lambda$createAttachmentsPersistentState$0$7 in fabric-data-attachment-api-v1.mixins.json:ServerWorldMixin from mod fabric-data-attachment-api-v1
[15:39:54] [main/DEBUG] (FabricLoader/Mixin) fabric-lifecycle-events-v1.mixins.json:ServerWorldMixin from mod fabric-lifecycle-events-v1->@Inject::startWorldTick(Ljava/util/function/BooleanSupplier;Lorg/spongepowered/asm/mixin/injection/callback/CallbackInfo;)V doesn't use it's CallbackInfo
[15:39:54] [main/DEBUG] (FabricLoader/Mixin) fabric-lifecycle-events-v1.mixins.json:ServerWorldMixin from mod fabric-lifecycle-events-v1->@Inject::startWorldTick(Ljava/util/function/BooleanSupplier;Lorg/spongepowered/asm/mixin/injection/callback/CallbackInfo;)V has 0 override(s) in child classes
[15:39:54] [main/DEBUG] (FabricLoader/Mixin) fabric-lifecycle-events-v1.mixins.json:ServerWorldMixin from mod fabric-lifecycle-events-v1->@Inject::startWorldTick(Ljava/util/function/BooleanSupplier;Lorg/spongepowered/asm/mixin/injection/callback/CallbackInfo;)V won't be passed a CallbackInfo as a result
[15:39:54] [main/DEBUG] (FabricLoader/Mixin) fabric-lifecycle-events-v1.mixins.json:ServerWorldMixin from mod fabric-lifecycle-events-v1->@Inject::endWorldTick(Ljava/util/function/BooleanSupplier;Lorg/spongepowered/asm/mixin/injection/callback/CallbackInfo;)V doesn't use it's CallbackInfo
[15:39:54] [main/DEBUG] (FabricLoader/Mixin) fabric-lifecycle-events-v1.mixins.json:ServerWorldMixin from mod fabric-lifecycle-events-v1->@Inject::endWorldTick(Ljava/util/function/BooleanSupplier;Lorg/spongepowered/asm/mixin/injection/callback/CallbackInfo;)V has 0 override(s) in child classes
[15:39:54] [main/DEBUG] (FabricLoader/Mixin) fabric-lifecycle-events-v1.mixins.json:ServerWorldMixin from mod fabric-lifecycle-events-v1->@Inject::endWorldTick(Ljava/util/function/BooleanSupplier;Lorg/spongepowered/asm/mixin/injection/callback/CallbackInfo;)V won't be passed a CallbackInfo as a result
[15:39:54] [main/DEBUG] (FabricLoader/Mixin) fabric-data-attachment-api-v1.mixins.json:ServerWorldMixin from mod fabric-data-attachment-api-v1->@Inject::createAttachmentsPersistentState(Lorg/spongepowered/asm/mixin/injection/callback/CallbackInfo;)V doesn't use it's CallbackInfo
[15:39:54] [main/DEBUG] (FabricLoader/Mixin) fabric-data-attachment-api-v1.mixins.json:ServerWorldMixin from mod fabric-data-attachment-api-v1->@Inject::createAttachmentsPersistentState(Lorg/spongepowered/asm/mixin/injection/callback/CallbackInfo;)V has 0 override(s) in child classes
[15:39:54] [main/DEBUG] (FabricLoader/Mixin) fabric-data-attachment-api-v1.mixins.json:ServerWorldMixin from mod fabric-data-attachment-api-v1->@Inject::createAttachmentsPersistentState(Lorg/spongepowered/asm/mixin/injection/callback/CallbackInfo;)V won't be passed a CallbackInfo as a result
[15:39:55] [main/DEBUG] (FabricLoader/Mixin) Mixing EntityMixin from fabric-entity-events-v1.mixins.json into net.minecraft.entity.Entity
[15:39:55] [main/DEBUG] (FabricLoader/Mixin) fabric-entity-events-v1.mixins.json:EntityMixin from mod fabric-entity-events-v1: Class version 61 required is higher than the class version supported by the current version of Mixin (JAVA_16 supports class version 60)
[15:39:55] [main/DEBUG] (FabricLoader/Mixin) Mixing EntityMixin from fabric-dimensions-v1.mixins.json into net.minecraft.entity.Entity
[15:39:55] [main/DEBUG] (FabricLoader/Mixin) fabric-dimensions-v1.mixins.json:EntityMixin from mod fabric-dimensions-v1: Class version 61 required is higher than the class version supported by the current version of Mixin (JAVA_16 supports class version 60)
[15:39:55] [main/DEBUG] (FabricLoader/Mixin) Mixing AttachmentTargetsMixin from fabric-data-attachment-api-v1.mixins.json into net.minecraft.entity.Entity
[15:39:55] [main/DEBUG] (FabricLoader/Mixin) Mixing EntityMixin from fabric-data-attachment-api-v1.mixins.json into net.minecraft.entity.Entity
[15:39:55] [main/DEBUG] (FabricLoader/Mixin) fabric-entity-events-v1.mixins.json:EntityMixin from mod fabric-entity-events-v1->@Inject::afterWorldChanged(Lnet/minecraft/server/world/ServerWorld;Lorg/spongepowered/asm/mixin/injection/callback/CallbackInfoReturnable;)V does use it's CallbackInfoReturnable
[15:39:55] [main/DEBUG] (FabricLoader/Mixin) fabric-entity-events-v1.mixins.json:EntityMixin from mod fabric-entity-events-v1->@Inject::afterWorldChanged(Lnet/minecraft/server/world/ServerWorld;Lorg/spongepowered/asm/mixin/injection/callback/CallbackInfoReturnable;)V does use it's CallbackInfoReturnable
[15:39:55] [main/DEBUG] (FabricLoader/Mixin) fabric-entity-events-v1.mixins.json:EntityMixin from mod fabric-entity-events-v1->@Inject::afterWorldChanged(Lnet/minecraft/server/world/ServerWorld;Lorg/spongepowered/asm/mixin/injection/callback/CallbackInfoReturnable;)V does use it's CallbackInfoReturnable
[15:39:55] [main/DEBUG] (FabricLoader/Mixin) fabric-entity-events-v1.mixins.json:EntityMixin from mod fabric-entity-events-v1->@Inject::afterEntityTeleportedToWorld(Lnet/minecraft/server/world/ServerWorld;DDDLjava/util/Set;FFLorg/spongepowered/asm/mixin/injection/callback/CallbackInfoReturnable;FLnet/minecraft/entity/Entity;)V doesn't use it's CallbackInfoReturnable
[15:39:55] [main/DEBUG] (FabricLoader/Mixin) fabric-entity-events-v1.mixins.json:EntityMixin from mod fabric-entity-events-v1->@Inject::afterEntityTeleportedToWorld(Lnet/minecraft/server/world/ServerWorld;DDDLjava/util/Set;FFLorg/spongepowered/asm/mixin/injection/callback/CallbackInfoReturnable;FLnet/minecraft/entity/Entity;)V has 0 override(s) in child classes
[15:39:55] [main/DEBUG] (FabricLoader/Mixin) fabric-entity-events-v1.mixins.json:EntityMixin from mod fabric-entity-events-v1->@Inject::afterEntityTeleportedToWorld(Lnet/minecraft/server/world/ServerWorld;DDDLjava/util/Set;FFLorg/spongepowered/asm/mixin/injection/callback/CallbackInfoReturnable;FLnet/minecraft/entity/Entity;)V won't be passed a CallbackInfoReturnable as a result
[15:39:55] [main/DEBUG] (FabricLoader/Mixin) fabric-dimensions-v1.mixins.json:EntityMixin from mod fabric-dimensions-v1->@Inject::getTeleportTarget(Lnet/minecraft/server/world/ServerWorld;Lorg/spongepowered/asm/mixin/injection/callback/CallbackInfoReturnable;)V does use it's CallbackInfoReturnable
[15:39:55] [main/DEBUG] (FabricLoader/Mixin) fabric-data-attachment-api-v1.mixins.json:EntityMixin from mod fabric-data-attachment-api-v1->@Inject::readEntityAttachments(Lnet/minecraft/nbt/NbtCompound;Lorg/spongepowered/asm/mixin/injection/callback/CallbackInfo;)V doesn't use it's CallbackInfo
[15:39:55] [main/DEBUG] (FabricLoader/Mixin) fabric-data-attachment-api-v1.mixins.json:EntityMixin from mod fabric-data-attachment-api-v1->@Inject::readEntityAttachments(Lnet/minecraft/nbt/NbtCompound;Lorg/spongepowered/asm/mixin/injection/callback/CallbackInfo;)V has 0 override(s) in child classes
[15:39:55] [main/DEBUG] (FabricLoader/Mixin) fabric-data-attachment-api-v1.mixins.json:EntityMixin from mod fabric-data-attachment-api-v1->@Inject::readEntityAttachments(Lnet/minecraft/nbt/NbtCompound;Lorg/spongepowered/asm/mixin/injection/callback/CallbackInfo;)V won't be passed a CallbackInfo as a result
[15:39:55] [main/DEBUG] (FabricLoader/Mixin) fabric-data-attachment-api-v1.mixins.json:EntityMixin from mod fabric-data-attachment-api-v1->@Inject::writeEntityAttachments(Lnet/minecraft/nbt/NbtCompound;Lorg/spongepowered/asm/mixin/injection/callback/CallbackInfoReturnable;)V doesn't use it's CallbackInfoReturnable
[15:39:55] [main/DEBUG] (FabricLoader/Mixin) fabric-data-attachment-api-v1.mixins.json:EntityMixin from mod fabric-data-attachment-api-v1->@Inject::writeEntityAttachments(Lnet/minecraft/nbt/NbtCompound;Lorg/spongepowered/asm/mixin/injection/callback/CallbackInfoReturnable;)V has 0 override(s) in child classes
[15:39:55] [main/DEBUG] (FabricLoader/Mixin) fabric-data-attachment-api-v1.mixins.json:EntityMixin from mod fabric-data-attachment-api-v1->@Inject::writeEntityAttachments(Lnet/minecraft/nbt/NbtCompound;Lorg/spongepowered/asm/mixin/injection/callback/CallbackInfoReturnable;)V won't be passed a CallbackInfoReturnable as a result
[15:39:55] [main/DEBUG] (FabricLoader/Mixin) Mixing PlayerEntityMixin from fabric-entity-events-v1.mixins.json into net.minecraft.entity.player.PlayerEntity
[15:39:55] [main/DEBUG] (FabricLoader/Mixin) fabric-entity-events-v1.mixins.json:PlayerEntityMixin from mod fabric-entity-events-v1: Class version 61 required is higher than the class version supported by the current version of Mixin (JAVA_16 supports class version 60)
[15:39:55] [main/DEBUG] (FabricLoader/Mixin) Mixing elytra.PlayerEntityMixin from fabric-entity-events-v1.mixins.json into net.minecraft.entity.player.PlayerEntity
[15:39:55] [main/DEBUG] (FabricLoader/Mixin) fabric-entity-events-v1.mixins.json:elytra.PlayerEntityMixin from mod fabric-entity-events-v1: Class version 61 required is higher than the class version supported by the current version of Mixin (JAVA_16 supports class version 60)
[15:39:55] [main/DEBUG] (FabricLoader/Mixin) fabric-entity-events-v1.mixins.json:PlayerEntityMixin from mod fabric-entity-events-v1->@Inject::onTrySleep(Lnet/minecraft/util/math/BlockPos;Lorg/spongepowered/asm/mixin/injection/callback/CallbackInfoReturnable;)V does use it's CallbackInfoReturnable
[15:39:55] [main/DEBUG] (FabricLoader/Mixin) fabric-entity-events-v1.mixins.json:PlayerEntityMixin from mod fabric-entity-events-v1->@Inject::onIsSleepingLongEnough(Lorg/spongepowered/asm/mixin/injection/callback/CallbackInfoReturnable;)V does use it's CallbackInfoReturnable
[15:39:55] [main/DEBUG] (FabricLoader/Mixin) fabric-entity-events-v1.mixins.json:elytra.PlayerEntityMixin from mod fabric-entity-events-v1->@Inject::injectElytraCheck(Lorg/spongepowered/asm/mixin/injection/callback/CallbackInfoReturnable;)V does use it's CallbackInfoReturnable
[15:39:55] [main/DEBUG] (FabricLoader/Mixin) Mixing LivingEntityMixin from fabric-entity-events-v1.mixins.json into net.minecraft.entity.LivingEntity
[15:39:55] [main/DEBUG] (FabricLoader/Mixin) fabric-entity-events-v1.mixins.json:LivingEntityMixin from mod fabric-entity-events-v1: Class version 61 required is higher than the class version supported by the current version of Mixin (JAVA_16 supports class version 60)
[15:39:55] [main/DEBUG] (FabricLoader/Mixin) Mixing elytra.LivingEntityMixin from fabric-entity-events-v1.mixins.json into net.minecraft.entity.LivingEntity
[15:39:55] [main/DEBUG] (FabricLoader/Mixin) fabric-entity-events-v1.mixins.json:elytra.LivingEntityMixin from mod fabric-entity-events-v1: Class version 61 required is higher than the class version supported by the current version of Mixin (JAVA_16 supports class version 60)
[15:39:55] [main/DEBUG] (FabricLoader/Mixin) Mixing LivingEntityMixin from fabric-item-api-v1.mixins.json into net.minecraft.entity.LivingEntity
[15:39:55] [main/DEBUG] (FabricLoader/Mixin) fabric-item-api-v1.mixins.json:LivingEntityMixin from mod fabric-item-api-v1: Class version 61 required is higher than the class version supported by the current version of Mixin (JAVA_16 supports class version 60)
[15:39:55] [main/DEBUG] (FabricLoader/Mixin) Mixing LivingEntityMixin from fabric-lifecycle-events-v1.mixins.json into net.minecraft.entity.LivingEntity
[15:39:55] [main/DEBUG] (FabricLoader/Mixin) fabric-lifecycle-events-v1.mixins.json:LivingEntityMixin from mod fabric-lifecycle-events-v1: Class version 61 required is higher than the class version supported by the current version of Mixin (JAVA_16 supports class version 60)
[15:39:55] [main/DEBUG] (FabricLoader/Mixin) fabric-entity-events-v1.mixins.json:LivingEntityMixin from mod fabric-entity-events-v1->@Inject::notifyDeath(Lnet/minecraft/entity/damage/DamageSource;Lorg/spongepowered/asm/mixin/injection/callback/CallbackInfo;)V doesn't use it's CallbackInfo
[15:39:55] [main/DEBUG] (FabricLoader/Mixin) fabric-entity-events-v1.mixins.json:LivingEntityMixin from mod fabric-entity-events-v1->@Inject::notifyDeath(Lnet/minecraft/entity/damage/DamageSource;Lorg/spongepowered/asm/mixin/injection/callback/CallbackInfo;)V has 0 override(s) in child classes
[15:39:55] [main/DEBUG] (FabricLoader/Mixin) fabric-entity-events-v1.mixins.json:LivingEntityMixin from mod fabric-entity-events-v1->@Inject::notifyDeath(Lnet/minecraft/entity/damage/DamageSource;Lorg/spongepowered/asm/mixin/injection/callback/CallbackInfo;)V won't be passed a CallbackInfo as a result
[15:39:55] [main/DEBUG] (FabricLoader/Mixin) fabric-entity-events-v1.mixins.json:LivingEntityMixin from mod fabric-entity-events-v1->@Inject::beforeDamage(Lnet/minecraft/entity/damage/DamageSource;FLorg/spongepowered/asm/mixin/injection/callback/CallbackInfoReturnable;)V does use it's CallbackInfoReturnable
[15:39:55] [main/DEBUG] (FabricLoader/Mixin) fabric-entity-events-v1.mixins.json:LivingEntityMixin from mod fabric-entity-events-v1->@Inject::onSleep(Lnet/minecraft/util/math/BlockPos;Lorg/spongepowered/asm/mixin/injection/callback/CallbackInfo;)V doesn't use it's CallbackInfo
[15:39:55] [main/DEBUG] (FabricLoader/Mixin) fabric-entity-events-v1.mixins.json:LivingEntityMixin from mod fabric-entity-events-v1->@Inject::onSleep(Lnet/minecraft/util/math/BlockPos;Lorg/spongepowered/asm/mixin/injection/callback/CallbackInfo;)V has 0 override(s) in child classes
[15:39:55] [main/DEBUG] (FabricLoader/Mixin) fabric-entity-events-v1.mixins.json:LivingEntityMixin from mod fabric-entity-events-v1->@Inject::onSleep(Lnet/minecraft/util/math/BlockPos;Lorg/spongepowered/asm/mixin/injection/callback/CallbackInfo;)V won't be passed a CallbackInfo as a result
[15:39:55] [main/DEBUG] (FabricLoader/Mixin) fabric-entity-events-v1.mixins.json:LivingEntityMixin from mod fabric-entity-events-v1->@Inject::onWakeUp(Lorg/spongepowered/asm/mixin/injection/callback/CallbackInfo;)V doesn't use it's CallbackInfo
[15:39:55] [main/DEBUG] (FabricLoader/Mixin) fabric-entity-events-v1.mixins.json:LivingEntityMixin from mod fabric-entity-events-v1->@Inject::onWakeUp(Lorg/spongepowered/asm/mixin/injection/callback/CallbackInfo;)V has 0 override(s) in child classes
[15:39:55] [main/DEBUG] (FabricLoader/Mixin) fabric-entity-events-v1.mixins.json:LivingEntityMixin from mod fabric-entity-events-v1->@Inject::onWakeUp(Lorg/spongepowered/asm/mixin/injection/callback/CallbackInfo;)V won't be passed a CallbackInfo as a result
[15:39:55] [main/DEBUG] (FabricLoader/Mixin) fabric-entity-events-v1.mixins.json:LivingEntityMixin from mod fabric-entity-events-v1->@Inject::onIsSleepingInBed(Lnet/minecraft/util/math/BlockPos;Lorg/spongepowered/asm/mixin/injection/callback/CallbackInfoReturnable;)V does use it's CallbackInfoReturnable
[15:39:55] [main/DEBUG] (FabricLoader/Mixin) fabric-entity-events-v1.mixins.json:elytra.LivingEntityMixin from mod fabric-entity-events-v1->@Inject::injectElytraTick(Lorg/spongepowered/asm/mixin/injection/callback/CallbackInfo;)V does use it's CallbackInfo
[15:39:55] [main/DEBUG] (FabricLoader/Mixin) fabric-item-api-v1.mixins.json:LivingEntityMixin from mod fabric-item-api-v1->@Inject::onGetPreferredEquipmentSlot(Lnet/minecraft/item/ItemStack;Lorg/spongepowered/asm/mixin/injection/callback/CallbackInfoReturnable;)V does use it's CallbackInfoReturnable
[15:39:55] [main/DEBUG] (FabricLoader/Mixin) fabric-lifecycle-events-v1.mixins.json:LivingEntityMixin from mod fabric-lifecycle-events-v1->@Inject::getEquipmentChanges(Lorg/spongepowered/asm/mixin/injection/callback/CallbackInfoReturnable;Ljava/util/Map;[Lnet/minecraft/entity/EquipmentSlot;IILnet/minecraft/entity/EquipmentSlot;Lnet/minecraft/item/ItemStack;Lnet/minecraft/item/ItemStack;)V doesn't use it's CallbackInfoReturnable
[15:39:55] [main/DEBUG] (FabricLoader/Mixin) fabric-lifecycle-events-v1.mixins.json:LivingEntityMixin from mod fabric-lifecycle-events-v1->@Inject::getEquipmentChanges(Lorg/spongepowered/asm/mixin/injection/callback/CallbackInfoReturnable;Ljava/util/Map;[Lnet/minecraft/entity/EquipmentSlot;IILnet/minecraft/entity/EquipmentSlot;Lnet/minecraft/item/ItemStack;Lnet/minecraft/item/ItemStack;)V has 0 override(s) in child classes
[15:39:55] [main/DEBUG] (FabricLoader/Mixin) fabric-lifecycle-events-v1.mixins.json:LivingEntityMixin from mod fabric-lifecycle-events-v1->@Inject::getEquipmentChanges(Lorg/spongepowered/asm/mixin/injection/callback/CallbackInfoReturnable;Ljava/util/Map;[Lnet/minecraft/entity/EquipmentSlot;IILnet/minecraft/entity/EquipmentSlot;Lnet/minecraft/item/ItemStack;Lnet/minecraft/item/ItemStack;)V won't be passed a CallbackInfoReturnable as a result
[15:39:56] [main/DEBUG] (FabricLoader/Mixin) Mixing IdListMixin from fabric-registry-sync-v0.mixins.json into net.minecraft.util.collection.IdList
[15:39:56] [main/DEBUG] (FabricLoader/Mixin) fabric-registry-sync-v0.mixins.json:IdListMixin from mod fabric-registry-sync-v0: Class version 61 required is higher than the class version supported by the current version of Mixin (JAVA_16 supports class version 60)
[15:39:56] [main/DEBUG] (FabricLoader/Mixin) Renaming synthetic method lambda$fabric_remapIds$0(Lit/unimi/dsi/fastutil/ints/Int2IntMap;Ljava/lang/Object;Ljava/lang/Integer;)Ljava/lang/Integer; to md34f504$fabric-registry-sync-v0$lambda$fabric_remapIds$0$0 in fabric-registry-sync-v0.mixins.json:IdListMixin from mod fabric-registry-sync-v0
[15:39:57] [main/DEBUG] (FabricLoader/Mixin) Mixing DetectorRailBlockMixin from fabric-object-builder-v1.mixins.json into net.minecraft.block.DetectorRailBlock
[15:39:57] [main/DEBUG] (FabricLoader/Mixin) fabric-object-builder-v1.mixins.json:DetectorRailBlockMixin from mod fabric-object-builder-api-v1: Class version 61 required is higher than the class version supported by the current version of Mixin (JAVA_16 supports class version 60)
[15:39:57] [main/DEBUG] (FabricLoader/Mixin) Renaming synthetic method lambda$getCustomComparatorOutput$0(Lnet/minecraft/entity/Entity;)Z to md34f504$fabric-object-builder-api-v1$lambda$getCustomComparatorOutput$0$0 in fabric-object-builder-v1.mixins.json:DetectorRailBlockMixin from mod fabric-object-builder-api-v1
[15:39:57] [main/DEBUG] (FabricLoader/Mixin) fabric-object-builder-v1.mixins.json:DetectorRailBlockMixin from mod fabric-object-builder-api-v1->@Inject::getCustomComparatorOutput(Lnet/minecraft/block/BlockState;Lnet/minecraft/world/World;Lnet/minecraft/util/math/BlockPos;Lorg/spongepowered/asm/mixin/injection/callback/CallbackInfoReturnable;)V does use it's CallbackInfoReturnable
[15:39:58] [main/DEBUG] (FabricLoader/Mixin) Mixing DropperBlockMixin from fabric-transfer-api-v1.mixins.json into net.minecraft.block.DropperBlock
[15:39:58] [main/DEBUG] (FabricLoader/Mixin) fabric-transfer-api-v1.mixins.json:DropperBlockMixin from mod fabric-transfer-api-v1: Class version 61 required is higher than the class version supported by the current version of Mixin (JAVA_16 supports class version 60)
[15:39:58] [main/DEBUG] (FabricLoader/Mixin) Renaming synthetic method lambda$hookDispense$0(Lnet/fabricmc/fabric/api/transfer/v1/item/ItemVariant;)Z to md34f504$fabric-transfer-api-v1$lambda$hookDispense$0$0 in fabric-transfer-api-v1.mixins.json:DropperBlockMixin from mod fabric-transfer-api-v1
[15:39:58] [main/DEBUG] (FabricLoader/Mixin) fabric-transfer-api-v1.mixins.json:DropperBlockMixin from mod fabric-transfer-api-v1->@Inject::hookDispense(Lnet/minecraft/server/world/ServerWorld;Lnet/minecraft/util/math/BlockPos;Lorg/spongepowered/asm/mixin/injection/callback/CallbackInfo;)V does use it's CallbackInfo
[15:39:58] [main/DEBUG] (FabricLoader/Mixin) Mixing BeehiveBlockMixin from fabric-events-interaction-v0.mixins.json into net.minecraft.block.BeehiveBlock
[15:39:58] [main/DEBUG] (FabricLoader/Mixin) fabric-events-interaction-v0.mixins.json:BeehiveBlockMixin from mod fabric-events-interaction-v0: Class version 61 required is higher than the class version supported by the current version of Mixin (JAVA_16 supports class version 60)
[15:39:58] [main/DEBUG] (FabricLoader/Mixin) fabric-events-interaction-v0.mixins.json:BeehiveBlockMixin from mod fabric-events-interaction-v0->@Inject::afterNearbyBeesPlayers(Lnet/minecraft/world/World;Lnet/minecraft/util/math/BlockPos;Lorg/spongepowered/asm/mixin/injection/callback/CallbackInfo;Ljava/util/List;Ljava/util/List;)V does use it's CallbackInfo
[15:39:58] [main/DEBUG] (FabricLoader/Mixin) Mixing OxidizableMixin from fabric-content-registries-v0.mixins.json into net.minecraft.block.Oxidizable
[15:39:58] [main/DEBUG] (FabricLoader/Mixin) fabric-content-registries-v0.mixins.json:OxidizableMixin from mod fabric-content-registries-v0: Class version 61 required is higher than the class version supported by the current version of Mixin (JAVA_16 supports class version 60)
[15:39:58] [main/DEBUG] (FabricLoader/Mixin) fabric-content-registries-v0.mixins.json:OxidizableMixin from mod fabric-content-registries-v0->@Inject::createOxidationLevelIncreasesMap(Lorg/spongepowered/asm/mixin/injection/callback/CallbackInfoReturnable;)V does use it's CallbackInfoReturnable
[15:39:58] [main/DEBUG] (FabricLoader/Mixin) Mixing AbstractBlockSettingsAccessor from fabric-object-builder-v1.mixins.json into net.minecraft.block.AbstractBlock$Settings
[15:39:58] [main/DEBUG] (FabricLoader/Mixin) fabric-object-builder-v1.mixins.json:AbstractBlockSettingsAccessor from mod fabric-object-builder-api-v1: Class version 61 required is higher than the class version supported by the current version of Mixin (JAVA_16 supports class version 60)
[15:39:58] [main/DEBUG] (FabricLoader/Mixin) Mixing BlockStateMixin from fabric-block-api-v1.mixins.json into net.minecraft.block.BlockState
[15:39:59] [main/DEBUG] (FabricLoader/Mixin) Mixing BlockEntityMixin from fabric-rendering-data-attachment-v1.mixins.json into net.minecraft.block.entity.BlockEntity
[15:39:59] [main/DEBUG] (FabricLoader/Mixin) Mixing AttachmentTargetsMixin from fabric-data-attachment-api-v1.mixins.json into net.minecraft.block.entity.BlockEntity
[15:39:59] [main/DEBUG] (FabricLoader/Mixin) Mixing BlockEntityMixin from fabric-data-attachment-api-v1.mixins.json into net.minecraft.block.entity.BlockEntity
[15:39:59] [main/DEBUG] (FabricLoader/Mixin) Mixing BlockEntityMixin from fabric-block-view-api-v2.mixins.json into net.minecraft.block.entity.BlockEntity
[15:39:59] [main/DEBUG] (FabricLoader/Mixin) fabric-data-attachment-api-v1.mixins.json:BlockEntityMixin from mod fabric-data-attachment-api-v1->@Inject::readBlockEntityAttachments(Lnet/minecraft/nbt/NbtCompound;Ljava/lang/String;Lnet/minecraft/block/entity/BlockEntity;Lorg/spongepowered/asm/mixin/injection/callback/CallbackInfoReturnable;)V doesn't use it's CallbackInfoReturnable
[15:39:59] [main/DEBUG] (FabricLoader/Mixin) fabric-data-attachment-api-v1.mixins.json:BlockEntityMixin from mod fabric-data-attachment-api-v1->@Inject::writeBlockEntityAttachments(Lorg/spongepowered/asm/mixin/injection/callback/CallbackInfoReturnable;)V does use it's CallbackInfoReturnable
[15:40:00] [main/DEBUG] (FabricLoader/Mixin) Mixing NamedScreenHandlerFactoryMixin from fabric-screen-handler-api-v1.mixins.json into net.minecraft.screen.NamedScreenHandlerFactory
[15:40:00] [main/DEBUG] (FabricLoader/Mixin) fabric-screen-handler-api-v1.mixins.json:NamedScreenHandlerFactoryMixin from mod fabric-screen-handler-api-v1: Class version 61 required is higher than the class version supported by the current version of Mixin (JAVA_16 supports class version 60)
[15:40:00] [main/DEBUG] (FabricLoader/Mixin) Mixing LootableContainerBlockEntityMixin from fabric-transfer-api-v1.mixins.json into net.minecraft.block.entity.LootableContainerBlockEntity
[15:40:00] [main/DEBUG] (FabricLoader/Mixin) fabric-transfer-api-v1.mixins.json:LootableContainerBlockEntityMixin from mod fabric-transfer-api-v1: Class version 61 required is higher than the class version supported by the current version of Mixin (JAVA_16 supports class version 60)
[15:40:01] [main/DEBUG] (FabricLoader/Mixin) Mixing ChiseledBookshelfBlockEntityMixin from fabric-transfer-api-v1.mixins.json into net.minecraft.block.entity.ChiseledBookshelfBlockEntity
[15:40:01] [main/DEBUG] (FabricLoader/Mixin) fabric-transfer-api-v1.mixins.json:ChiseledBookshelfBlockEntityMixin from mod fabric-transfer-api-v1: Class version 61 required is higher than the class version supported by the current version of Mixin (JAVA_16 supports class version 60)
[15:40:01] [main/DEBUG] (FabricLoader/Mixin) fabric-transfer-api-v1.mixins.json:ChiseledBookshelfBlockEntityMixin from mod fabric-transfer-api-v1->@Inject::setStackBypass(ILnet/minecraft/item/ItemStack;Lorg/spongepowered/asm/mixin/injection/callback/CallbackInfo;)V does use it's CallbackInfo
[15:40:02] [main/DEBUG] (FabricLoader/Mixin) Mixing AbstractFurnaceBlockEntityMixin from fabric-item-api-v1.mixins.json into net.minecraft.block.entity.AbstractFurnaceBlockEntity
[15:40:02] [main/DEBUG] (FabricLoader/Mixin) fabric-item-api-v1.mixins.json:AbstractFurnaceBlockEntityMixin from mod fabric-item-api-v1: Class version 61 required is higher than the class version supported by the current version of Mixin (JAVA_16 supports class version 60)
[15:40:02] [main/DEBUG] (FabricLoader/Mixin) Mixing AbstractFurnaceBlockEntityMixin from fabric-transfer-api-v1.mixins.json into net.minecraft.block.entity.AbstractFurnaceBlockEntity
[15:40:02] [main/DEBUG] (FabricLoader/Mixin) fabric-transfer-api-v1.mixins.json:AbstractFurnaceBlockEntityMixin from mod fabric-transfer-api-v1: Class version 61 required is higher than the class version supported by the current version of Mixin (JAVA_16 supports class version 60)
[15:40:02] [main/DEBUG] (FabricLoader/Mixin) Mixing AbstractFurnaceBlockEntityMixin from fabric-content-registries-v0.mixins.json into net.minecraft.block.entity.AbstractFurnaceBlockEntity
[15:40:02] [main/DEBUG] (FabricLoader/Mixin) fabric-content-registries-v0.mixins.json:AbstractFurnaceBlockEntityMixin from mod fabric-content-registries-v0: Class version 61 required is higher than the class version supported by the current version of Mixin (JAVA_16 supports class version 60)
[15:40:02] [main/DEBUG] (FabricLoader/Mixin) fabric-item-api-v1.mixins.json:AbstractFurnaceBlockEntityMixin from mod fabric-item-api-v1->@Inject::getStackRemainder(Lnet/minecraft/world/World;Lnet/minecraft/util/math/BlockPos;Lnet/minecraft/block/BlockState;Lnet/minecraft/block/entity/AbstractFurnaceBlockEntity;Lorg/spongepowered/asm/mixin/injection/callback/CallbackInfo;ZZLnet/minecraft/item/ItemStack;ZZLnet/minecraft/recipe/Recipe;I)V doesn't use it's CallbackInfo
[15:40:02] [main/DEBUG] (FabricLoader/Mixin) fabric-transfer-api-v1.mixins.json:AbstractFurnaceBlockEntityMixin from mod fabric-transfer-api-v1->@Inject::setStackSuppressUpdate(ILnet/minecraft/item/ItemStack;Lorg/spongepowered/asm/mixin/injection/callback/CallbackInfo;)V does use it's CallbackInfo
[15:40:02] [main/DEBUG] (FabricLoader/Mixin) fabric-content-registries-v0.mixins.json:AbstractFurnaceBlockEntityMixin from mod fabric-content-registries-v0->@Inject::fuelTimeMapHook(Lorg/spongepowered/asm/mixin/injection/callback/CallbackInfoReturnable;)V does use it's CallbackInfoReturnable
[15:40:02] [main/DEBUG] (FabricLoader/Mixin) Mixing JukeboxBlockEntityMixin from fabric-transfer-api-v1.mixins.json into net.minecraft.block.entity.JukeboxBlockEntity
[15:40:02] [main/DEBUG] (FabricLoader/Mixin) fabric-transfer-api-v1.mixins.json:JukeboxBlockEntityMixin from mod fabric-transfer-api-v1: Class version 61 required is higher than the class version supported by the current version of Mixin (JAVA_16 supports class version 60)
[15:40:02] [main/DEBUG] (FabricLoader/Mixin) fabric-transfer-api-v1.mixins.json:JukeboxBlockEntityMixin from mod fabric-transfer-api-v1->@Inject::setStackBypass(ILnet/minecraft/item/ItemStack;Lorg/spongepowered/asm/mixin/injection/callback/CallbackInfo;)V does use it's CallbackInfo
[15:40:02] [main/DEBUG] (FabricLoader/Mixin) Mixing MobEntityMixin from fabric-entity-events-v1.mixins.json into net.minecraft.entity.mob.MobEntity
[15:40:02] [main/DEBUG] (FabricLoader/Mixin) fabric-entity-events-v1.mixins.json:MobEntityMixin from mod fabric-entity-events-v1: Class version 61 required is higher than the class version supported by the current version of Mixin (JAVA_16 supports class version 60)
[15:40:03] [main/DEBUG] (FabricLoader/Mixin) Mixing BrewingStandBlockEntityMixin from fabric-item-api-v1.mixins.json into net.minecraft.block.entity.BrewingStandBlockEntity
[15:40:03] [main/DEBUG] (FabricLoader/Mixin) fabric-item-api-v1.mixins.json:BrewingStandBlockEntityMixin from mod fabric-item-api-v1: Class version 61 required is higher than the class version supported by the current version of Mixin (JAVA_16 supports class version 60)
[15:40:03] [main/DEBUG] (FabricLoader/Mixin) fabric-item-api-v1.mixins.json:BrewingStandBlockEntityMixin from mod fabric-item-api-v1->@Inject::captureItemStack(Lnet/minecraft/world/World;Lnet/minecraft/util/math/BlockPos;Lnet/minecraft/util/collection/DefaultedList;Lorg/spongepowered/asm/mixin/injection/callback/CallbackInfo;Lnet/minecraft/item/ItemStack;)V doesn't use it's CallbackInfo
[15:40:03] [main/DEBUG] (FabricLoader/Mixin) Mixing ItemStackMixin from fabric-item-api-v1.mixins.json into net.minecraft.item.ItemStack
[15:40:03] [main/DEBUG] (FabricLoader/Mixin) fabric-item-api-v1.mixins.json:ItemStackMixin from mod fabric-item-api-v1: Class version 61 required is higher than the class version supported by the current version of Mixin (JAVA_16 supports class version 60)
[15:40:03] [main/DEBUG] (FabricLoader/Mixin) fabric-item-api-v1.mixins.json:ItemStackMixin from mod fabric-item-api-v1->@Inject::saveDamager(ILnet/minecraft/entity/LivingEntity;Ljava/util/function/Consumer;Lorg/spongepowered/asm/mixin/injection/callback/CallbackInfo;)V doesn't use it's CallbackInfo
[15:40:03] [main/DEBUG] (FabricLoader/Mixin) fabric-item-api-v1.mixins.json:ItemStackMixin from mod fabric-item-api-v1->@Inject::clearDamage(ILnet/minecraft/entity/LivingEntity;Ljava/util/function/Consumer;Lorg/spongepowered/asm/mixin/injection/callback/CallbackInfo;)V doesn't use it's CallbackInfo
[15:40:03] [main/DEBUG] (FabricLoader/Mixin) fabric-item-api-v1.mixins.json:ItemStackMixin from mod fabric-item-api-v1->@Inject::clearDamage(ILnet/minecraft/entity/LivingEntity;Ljava/util/function/Consumer;Lorg/spongepowered/asm/mixin/injection/callback/CallbackInfo;)V doesn't use it's CallbackInfo
[15:40:03] [main/DEBUG] (FabricLoader/Mixin) fabric-item-api-v1.mixins.json:ItemStackMixin from mod fabric-item-api-v1->@Inject::clearDamage(ILnet/minecraft/entity/LivingEntity;Ljava/util/function/Consumer;Lorg/spongepowered/asm/mixin/injection/callback/CallbackInfo;)V doesn't use it's CallbackInfo
[15:40:04] [main/DEBUG] (FabricLoader/Mixin) Mixing HopperBlockEntityMixin from fabric-transfer-api-v1.mixins.json into net.minecraft.block.entity.HopperBlockEntity
[15:40:04] [main/DEBUG] (FabricLoader/Mixin) fabric-transfer-api-v1.mixins.json:HopperBlockEntityMixin from mod fabric-transfer-api-v1: Class version 61 required is higher than the class version supported by the current version of Mixin (JAVA_16 supports class version 60)
[15:40:04] [main/DEBUG] (FabricLoader/Mixin) Renaming synthetic method lambda$hookExtract$1(Lnet/fabricmc/fabric/api/transfer/v1/item/ItemVariant;)Z to md34f504$fabric-transfer-api-v1$lambda$hookExtract$1$0 in fabric-transfer-api-v1.mixins.json:HopperBlockEntityMixin from mod fabric-transfer-api-v1
[15:40:04] [main/DEBUG] (FabricLoader/Mixin) Renaming synthetic method lambda$hookInsert$0(Lnet/fabricmc/fabric/api/transfer/v1/item/ItemVariant;)Z to md34f504$fabric-transfer-api-v1$lambda$hookInsert$0$1 in fabric-transfer-api-v1.mixins.json:HopperBlockEntityMixin from mod fabric-transfer-api-v1
[15:40:04] [main/DEBUG] (FabricLoader/Mixin) fabric-transfer-api-v1.mixins.json:HopperBlockEntityMixin from mod fabric-transfer-api-v1->@Inject::hookInsert(Lnet/minecraft/world/World;Lnet/minecraft/util/math/BlockPos;Lnet/minecraft/block/BlockState;Lnet/minecraft/inventory/Inventory;Lorg/spongepowered/asm/mixin/injection/callback/CallbackInfoReturnable;Lnet/minecraft/inventory/Inventory;)V does use it's CallbackInfoReturnable
[15:40:04] [main/DEBUG] (FabricLoader/Mixin) fabric-transfer-api-v1.mixins.json:HopperBlockEntityMixin from mod fabric-transfer-api-v1->@Inject::hookExtract(Lnet/minecraft/world/World;Lnet/minecraft/block/entity/Hopper;Lorg/spongepowered/asm/mixin/injection/callback/CallbackInfoReturnable;Lnet/minecraft/inventory/Inventory;)V does use it's CallbackInfoReturnable
[15:40:07] [main/DEBUG] (FabricLoader/Mixin) Mixing TadpoleEntityMixin from fabric-entity-events-v1.mixins.json into net.minecraft.entity.passive.TadpoleEntity
[15:40:07] [main/DEBUG] (FabricLoader/Mixin) fabric-entity-events-v1.mixins.json:TadpoleEntityMixin from mod fabric-entity-events-v1: Class version 61 required is higher than the class version supported by the current version of Mixin (JAVA_16 supports class version 60)
[15:40:10] [main/DEBUG] (FabricLoader/Mixin) Mixing ArmorItemMixin from fabric-item-api-v1.mixins.json into net.minecraft.item.ArmorItem
[15:40:10] [main/DEBUG] (FabricLoader/Mixin) fabric-item-api-v1.mixins.json:ArmorItemMixin from mod fabric-item-api-v1: Class version 61 required is higher than the class version supported by the current version of Mixin (JAVA_16 supports class version 60)
[15:40:10] [main/DEBUG] (FabricLoader/Mixin) Mixing SwordItemMixin from fabric-mining-level-api-v1.mixins.json into net.minecraft.item.SwordItem
[15:40:10] [main/DEBUG] (FabricLoader/Mixin) fabric-mining-level-api-v1.mixins.json:SwordItemMixin from mod fabric-mining-level-api-v1: Class version 61 required is higher than the class version supported by the current version of Mixin (JAVA_16 supports class version 60)
[15:40:10] [main/DEBUG] (FabricLoader/Mixin) fabric-mining-level-api-v1.mixins.json:SwordItemMixin from mod fabric-mining-level-api-v1->@Inject::fabric$onIsSuitableFor(Lnet/minecraft/block/BlockState;Lorg/spongepowered/asm/mixin/injection/callback/CallbackInfoReturnable;)V does use it's CallbackInfoReturnable
[15:40:10] [main/DEBUG] (FabricLoader/Mixin) fabric-mining-level-api-v1.mixins.json:SwordItemMixin from mod fabric-mining-level-api-v1->@Inject::fabric$onGetMiningSpeedMultiplier(Lnet/minecraft/item/ItemStack;Lnet/minecraft/block/BlockState;Lorg/spongepowered/asm/mixin/injection/callback/CallbackInfoReturnable;)V does use it's CallbackInfoReturnable
[15:40:10] [main/DEBUG] (FabricLoader/Mixin) fabric-mining-level-api-v1.mixins.json:SwordItemMixin from mod fabric-mining-level-api-v1->@Inject::fabric$onGetMiningSpeedMultiplier(Lnet/minecraft/item/ItemStack;Lnet/minecraft/block/BlockState;Lorg/spongepowered/asm/mixin/injection/callback/CallbackInfoReturnable;)V does use it's CallbackInfoReturnable
[15:40:10] [main/DEBUG] (FabricLoader/Mixin) Mixing ShovelItemAccessor from fabric-content-registries-v0.mixins.json into net.minecraft.item.ShovelItem
[15:40:10] [main/DEBUG] (FabricLoader/Mixin) fabric-content-registries-v0.mixins.json:ShovelItemAccessor from mod fabric-content-registries-v0: Class version 61 required is higher than the class version supported by the current version of Mixin (JAVA_16 supports class version 60)
[15:40:10] [main/DEBUG] (FabricLoader/Mixin) Renaming @Accessor method getPathStates()Ljava/util/Map; to getPathStates$fabric-content-registries-v0_$md$34f504$0 in fabric-content-registries-v0.mixins.json:ShovelItemAccessor from mod fabric-content-registries-v0
[15:40:10] [main/DEBUG] (FabricLoader/Mixin) Mixing MiningToolItemMixin from fabric-mining-level-api-v1.mixins.json into net.minecraft.item.MiningToolItem
[15:40:10] [main/DEBUG] (FabricLoader/Mixin) fabric-mining-level-api-v1.mixins.json:MiningToolItemMixin from mod fabric-mining-level-api-v1: Class version 61 required is higher than the class version supported by the current version of Mixin (JAVA_16 supports class version 60)
[15:40:10] [main/DEBUG] (FabricLoader/Mixin) fabric-mining-level-api-v1.mixins.json:MiningToolItemMixin from mod fabric-mining-level-api-v1->@Inject::fabric$onIsSuitableFor(Lnet/minecraft/block/BlockState;Lorg/spongepowered/asm/mixin/injection/callback/CallbackInfoReturnable;I)V does use it's CallbackInfoReturnable
[15:40:10] [main/DEBUG] (FabricLoader/Mixin) Mixing AxeItemAccessor from fabric-content-registries-v0.mixins.json into net.minecraft.item.AxeItem
[15:40:10] [main/DEBUG] (FabricLoader/Mixin) fabric-content-registries-v0.mixins.json:AxeItemAccessor from mod fabric-content-registries-v0: Class version 61 required is higher than the class version supported by the current version of Mixin (JAVA_16 supports class version 60)
[15:40:10] [main/DEBUG] (FabricLoader/Mixin) Renaming @Accessor method getStrippedBlocks()Ljava/util/Map; to getStrippedBlocks$fabric-content-registries-v0_$md$34f504$0 in fabric-content-registries-v0.mixins.json:AxeItemAccessor from mod fabric-content-registries-v0
[15:40:10] [main/DEBUG] (FabricLoader/Mixin) Renaming @Accessor method setStrippedBlocks(Ljava/util/Map;)V to setStrippedBlocks$fabric-content-registries-v0_$md$34f504$1 in fabric-content-registries-v0.mixins.json:AxeItemAccessor from mod fabric-content-registries-v0
[15:40:10] [main/DEBUG] (FabricLoader/Mixin) Mixing HoeItemAccessor from fabric-content-registries-v0.mixins.json into net.minecraft.item.HoeItem
[15:40:10] [main/DEBUG] (FabricLoader/Mixin) fabric-content-registries-v0.mixins.json:HoeItemAccessor from mod fabric-content-registries-v0: Class version 61 required is higher than the class version supported by the current version of Mixin (JAVA_16 supports class version 60)
[15:40:10] [main/DEBUG] (FabricLoader/Mixin) Renaming @Accessor method getTillingActions()Ljava/util/Map; to getTillingActions$fabric-content-registries-v0_$md$34f504$0 in fabric-content-registries-v0.mixins.json:HoeItemAccessor from mod fabric-content-registries-v0
[15:40:10] [main/DEBUG] (FabricLoader/Mixin) Mixing BucketItemAccessor from fabric-transfer-api-v1.mixins.json into net.minecraft.item.BucketItem
[15:40:10] [main/DEBUG] (FabricLoader/Mixin) fabric-transfer-api-v1.mixins.json:BucketItemAccessor from mod fabric-transfer-api-v1: Class version 61 required is higher than the class version supported by the current version of Mixin (JAVA_16 supports class version 60)
[15:40:10] [main/DEBUG] (FabricLoader/Mixin) Mixing BucketItemMixin from fabric-transfer-api-v1.mixins.json into net.minecraft.item.BucketItem
[15:40:10] [main/DEBUG] (FabricLoader/Mixin) fabric-transfer-api-v1.mixins.json:BucketItemMixin from mod fabric-transfer-api-v1: Class version 61 required is higher than the class version supported by the current version of Mixin (JAVA_16 supports class version 60)
[15:40:11] [main/DEBUG] (FabricLoader/Mixin) Mixing ShearsItemMixin from fabric-mining-level-api-v1.mixins.json into net.minecraft.item.ShearsItem
[15:40:11] [main/DEBUG] (FabricLoader/Mixin) fabric-mining-level-api-v1.mixins.json:ShearsItemMixin from mod fabric-mining-level-api-v1: Class version 61 required is higher than the class version supported by the current version of Mixin (JAVA_16 supports class version 60)
[15:40:11] [main/DEBUG] (FabricLoader/Mixin) fabric-mining-level-api-v1.mixins.json:ShearsItemMixin from mod fabric-mining-level-api-v1->@Inject::fabric$onIsSuitableFor(Lnet/minecraft/block/BlockState;Lorg/spongepowered/asm/mixin/injection/callback/CallbackInfoReturnable;)V does use it's CallbackInfoReturnable
[15:40:11] [main/DEBUG] (FabricLoader/Mixin) fabric-mining-level-api-v1.mixins.json:ShearsItemMixin from mod fabric-mining-level-api-v1->@Inject::fabric$onGetMiningSpeedMultiplier(Lnet/minecraft/item/ItemStack;Lnet/minecraft/block/BlockState;Lorg/spongepowered/asm/mixin/injection/callback/CallbackInfoReturnable;)V does use it's CallbackInfoReturnable
[15:40:11] [main/DEBUG] (FabricLoader/Mixin) fabric-mining-level-api-v1.mixins.json:ShearsItemMixin from mod fabric-mining-level-api-v1->@Inject::fabric$onGetMiningSpeedMultiplier(Lnet/minecraft/item/ItemStack;Lnet/minecraft/block/BlockState;Lorg/spongepowered/asm/mixin/injection/callback/CallbackInfoReturnable;)V does use it's CallbackInfoReturnable
[15:40:11] [main/DEBUG] (FabricLoader/Mixin) fabric-mining-level-api-v1.mixins.json:ShearsItemMixin from mod fabric-mining-level-api-v1->@Inject::fabric$onGetMiningSpeedMultiplier(Lnet/minecraft/item/ItemStack;Lnet/minecraft/block/BlockState;Lorg/spongepowered/asm/mixin/injection/callback/CallbackInfoReturnable;)V does use it's CallbackInfoReturnable
[15:40:11] [main/DEBUG] (FabricLoader/Mixin) fabric-mining-level-api-v1.mixins.json:ShearsItemMixin from mod fabric-mining-level-api-v1->@Inject::fabric$onGetMiningSpeedMultiplier(Lnet/minecraft/item/ItemStack;Lnet/minecraft/block/BlockState;Lorg/spongepowered/asm/mixin/injection/callback/CallbackInfoReturnable;)V does use it's CallbackInfoReturnable
[15:40:11] [main/DEBUG] (FabricLoader/Mixin) Mixing HoneycombItemMixin from fabric-content-registries-v0.mixins.json into net.minecraft.item.HoneycombItem
[15:40:11] [main/DEBUG] (FabricLoader/Mixin) fabric-content-registries-v0.mixins.json:HoneycombItemMixin from mod fabric-content-registries-v0: Class version 61 required is higher than the class version supported by the current version of Mixin (JAVA_16 supports class version 60)
[15:40:11] [main/DEBUG] (FabricLoader/Mixin) fabric-content-registries-v0.mixins.json:HoneycombItemMixin from mod fabric-content-registries-v0->@Inject::createUnwaxedToWaxedMap(Lorg/spongepowered/asm/mixin/injection/callback/CallbackInfoReturnable;)V does use it's CallbackInfoReturnable
[15:40:12] [main/DEBUG] (FabricLoader/Mixin) Mixing StructuresToConfiguredStructuresFixMixin from fabric-registry-sync-v0.mixins.json into net.minecraft.datafixer.fix.StructuresToConfiguredStructuresFix
[15:40:12] [main/DEBUG] (FabricLoader/Mixin) fabric-registry-sync-v0.mixins.json:StructuresToConfiguredStructuresFixMixin from mod fabric-registry-sync-v0: Class version 61 required is higher than the class version supported by the current version of Mixin (JAVA_16 supports class version 60)
[15:40:12] [main/DEBUG] (FabricLoader/Mixin) fabric-registry-sync-v0.mixins.json:StructuresToConfiguredStructuresFixMixin from mod fabric-registry-sync-v0->@Inject::method_41022(Lcom/mojang/datafixers/util/Pair;Lcom/mojang/serialization/Dynamic;Lorg/spongepowered/asm/mixin/injection/callback/CallbackInfoReturnable;)V does use it's CallbackInfoReturnable
[15:40:12] [main/DEBUG] (FabricLoader/Mixin) Mixing TaggedChoiceTypeMixin from fabric-dimensions-v1.mixins.json into com.mojang.datafixers.types.templates.TaggedChoice$TaggedChoiceType
[15:40:12] [main/DEBUG] (FabricLoader/Mixin) fabric-dimensions-v1.mixins.json:TaggedChoiceTypeMixin from mod fabric-dimensions-v1: Class version 61 required is higher than the class version supported by the current version of Mixin (JAVA_16 supports class version 60)
[15:40:12] [main/DEBUG] (FabricLoader/Mixin) fabric-dimensions-v1.mixins.json:TaggedChoiceTypeMixin from mod fabric-dimensions-v1->@Inject::onGetCodec(Ljava/lang/Object;Lorg/spongepowered/asm/mixin/injection/callback/CallbackInfoReturnable;)V does use it's CallbackInfoReturnable
[15:40:12] [main/DEBUG] (FabricLoader/Mixin) Mixing TaggedChoiceMixin from fabric-dimensions-v1.mixins.json into com.mojang.datafixers.types.templates.TaggedChoice
[15:40:12] [main/DEBUG] (FabricLoader/Mixin) fabric-dimensions-v1.mixins.json:TaggedChoiceMixin from mod fabric-dimensions-v1: Class version 61 required is higher than the class version supported by the current version of Mixin (JAVA_16 supports class version 60)
[15:40:12] [main/DEBUG] (FabricLoader/Mixin) fabric-dimensions-v1.mixins.json:TaggedChoiceMixin from mod fabric-dimensions-v1->@Inject::onApply(Lcom/mojang/datafixers/util/Pair;Lorg/spongepowered/asm/mixin/injection/callback/CallbackInfoReturnable;)V does use it's CallbackInfoReturnable
[15:40:15] [main/DEBUG] (FabricLoader/Mixin) Mixing Schema2832Mixin from fabric-dimensions-v1.mixins.json into net.minecraft.datafixer.schema.Schema2832
[15:40:15] [main/DEBUG] (FabricLoader/Mixin) fabric-dimensions-v1.mixins.json:Schema2832Mixin from mod fabric-dimensions-v1: Class version 61 required is higher than the class version supported by the current version of Mixin (JAVA_16 supports class version 60)
[15:40:17] [main/DEBUG] (FabricLoader/Mixin) Mixing PigEntityMixin from fabric-entity-events-v1.mixins.json into net.minecraft.entity.passive.PigEntity
[15:40:17] [main/DEBUG] (FabricLoader/Mixin) fabric-entity-events-v1.mixins.json:PigEntityMixin from mod fabric-entity-events-v1: Class version 61 required is higher than the class version supported by the current version of Mixin (JAVA_16 supports class version 60)
[15:40:17] [main/DEBUG] (FabricLoader/Mixin) Mixing ServerPlayerEntityMixin from fabric-entity-events-v1.mixins.json into net.minecraft.server.network.ServerPlayerEntity
[15:40:17] [main/DEBUG] (FabricLoader/Mixin) fabric-entity-events-v1.mixins.json:ServerPlayerEntityMixin from mod fabric-entity-events-v1: Class version 61 required is higher than the class version supported by the current version of Mixin (JAVA_16 supports class version 60)
[15:40:17] [main/DEBUG] (FabricLoader/Mixin) Mixing EntityMixin from fabric-dimensions-v1.mixins.json into net.minecraft.server.network.ServerPlayerEntity
[15:40:17] [main/DEBUG] (FabricLoader/Mixin) fabric-dimensions-v1.mixins.json:EntityMixin from mod fabric-dimensions-v1: Class version 61 required is higher than the class version supported by the current version of Mixin (JAVA_16 supports class version 60)
[15:40:17] [main/DEBUG] (FabricLoader/Mixin) Mixing ServerPlayerEntityAccessor from fabric-containers-v0.mixins.json into net.minecraft.server.network.ServerPlayerEntity
[15:40:17] [main/DEBUG] (FabricLoader/Mixin) fabric-containers-v0.mixins.json:ServerPlayerEntityAccessor from mod fabric-containers-v0: Class version 61 required is higher than the class version supported by the current version of Mixin (JAVA_16 supports class version 60)
[15:40:17] [main/DEBUG] (FabricLoader/Mixin) Mixing ServerPlayerEntityMixin from fabric-containers-v0.accurate.mixins.json into net.minecraft.server.network.ServerPlayerEntity
[15:40:17] [main/DEBUG] (FabricLoader/Mixin) fabric-containers-v0.accurate.mixins.json:ServerPlayerEntityMixin from mod fabric-containers-v0: Class version 61 required is higher than the class version supported by the current version of Mixin (JAVA_16 supports class version 60)
[15:40:17] [main/DEBUG] (FabricLoader/Mixin) Mixing ServerPlayerEntityMixin from fabric-events-interaction-v0.mixins.json into net.minecraft.server.network.ServerPlayerEntity
[15:40:17] [main/DEBUG] (FabricLoader/Mixin) fabric-events-interaction-v0.mixins.json:ServerPlayerEntityMixin from mod fabric-events-interaction-v0: Class version 61 required is higher than the class version supported by the current version of Mixin (JAVA_16 supports class version 60)
[15:40:17] [main/DEBUG] (FabricLoader/Mixin) Mixing ServerPlayerEntityMixin from fabric-screen-handler-api-v1.mixins.json into net.minecraft.server.network.ServerPlayerEntity
[15:40:17] [main/DEBUG] (FabricLoader/Mixin) fabric-screen-handler-api-v1.mixins.json:ServerPlayerEntityMixin from mod fabric-screen-handler-api-v1: Class version 61 required is higher than the class version supported by the current version of Mixin (JAVA_16 supports class version 60)
[15:40:17] [main/DEBUG] (FabricLoader/Mixin) Mixing ServerPlayerEntityMixin from luckperms.mixins.json into net.minecraft.server.network.ServerPlayerEntity
[15:40:17] [main/DEBUG] (FabricLoader/Mixin) fabric-entity-events-v1.mixins.json:ServerPlayerEntityMixin from mod fabric-entity-events-v1->@Inject::callOnKillForPlayer(Lnet/minecraft/entity/damage/DamageSource;Lorg/spongepowered/asm/mixin/injection/callback/CallbackInfo;)V doesn't use it's CallbackInfo
[15:40:17] [main/DEBUG] (FabricLoader/Mixin) fabric-entity-events-v1.mixins.json:ServerPlayerEntityMixin from mod fabric-entity-events-v1->@Inject::callOnKillForPlayer(Lnet/minecraft/entity/damage/DamageSource;Lorg/spongepowered/asm/mixin/injection/callback/CallbackInfo;)V has 0 override(s) in child classes
[15:40:17] [main/DEBUG] (FabricLoader/Mixin) fabric-entity-events-v1.mixins.json:ServerPlayerEntityMixin from mod fabric-entity-events-v1->@Inject::callOnKillForPlayer(Lnet/minecraft/entity/damage/DamageSource;Lorg/spongepowered/asm/mixin/injection/callback/CallbackInfo;)V won't be passed a CallbackInfo as a result
[15:40:17] [main/DEBUG] (FabricLoader/Mixin) fabric-entity-events-v1.mixins.json:ServerPlayerEntityMixin from mod fabric-entity-events-v1->@Inject::notifyDeath(Lnet/minecraft/entity/damage/DamageSource;Lorg/spongepowered/asm/mixin/injection/callback/CallbackInfo;)V doesn't use it's CallbackInfo
[15:40:17] [main/DEBUG] (FabricLoader/Mixin) fabric-entity-events-v1.mixins.json:ServerPlayerEntityMixin from mod fabric-entity-events-v1->@Inject::notifyDeath(Lnet/minecraft/entity/damage/DamageSource;Lorg/spongepowered/asm/mixin/injection/callback/CallbackInfo;)V has 0 override(s) in child classes
[15:40:17] [main/DEBUG] (FabricLoader/Mixin) fabric-entity-events-v1.mixins.json:ServerPlayerEntityMixin from mod fabric-entity-events-v1->@Inject::notifyDeath(Lnet/minecraft/entity/damage/DamageSource;Lorg/spongepowered/asm/mixin/injection/callback/CallbackInfo;)V won't be passed a CallbackInfo as a result
[15:40:17] [main/DEBUG] (FabricLoader/Mixin) fabric-entity-events-v1.mixins.json:ServerPlayerEntityMixin from mod fabric-entity-events-v1->@Inject::afterWorldChanged(Lnet/minecraft/server/world/ServerWorld;Lorg/spongepowered/asm/mixin/injection/callback/CallbackInfo;)V doesn't use it's CallbackInfo
[15:40:17] [main/DEBUG] (FabricLoader/Mixin) fabric-entity-events-v1.mixins.json:ServerPlayerEntityMixin from mod fabric-entity-events-v1->@Inject::afterWorldChanged(Lnet/minecraft/server/world/ServerWorld;Lorg/spongepowered/asm/mixin/injection/callback/CallbackInfo;)V has 0 override(s) in child classes
[15:40:17] [main/DEBUG] (FabricLoader/Mixin) fabric-entity-events-v1.mixins.json:ServerPlayerEntityMixin from mod fabric-entity-events-v1->@Inject::afterWorldChanged(Lnet/minecraft/server/world/ServerWorld;Lorg/spongepowered/asm/mixin/injection/callback/CallbackInfo;)V won't be passed a CallbackInfo as a result
[15:40:17] [main/DEBUG] (FabricLoader/Mixin) fabric-entity-events-v1.mixins.json:ServerPlayerEntityMixin from mod fabric-entity-events-v1->@Inject::onCopyFrom(Lnet/minecraft/server/network/ServerPlayerEntity;ZLorg/spongepowered/asm/mixin/injection/callback/CallbackInfo;)V doesn't use it's CallbackInfo
[15:40:17] [main/DEBUG] (FabricLoader/Mixin) fabric-entity-events-v1.mixins.json:ServerPlayerEntityMixin from mod fabric-entity-events-v1->@Inject::onCopyFrom(Lnet/minecraft/server/network/ServerPlayerEntity;ZLorg/spongepowered/asm/mixin/injection/callback/CallbackInfo;)V has 0 override(s) in child classes
[15:40:17] [main/DEBUG] (FabricLoader/Mixin) fabric-entity-events-v1.mixins.json:ServerPlayerEntityMixin from mod fabric-entity-events-v1->@Inject::onCopyFrom(Lnet/minecraft/server/network/ServerPlayerEntity;ZLorg/spongepowered/asm/mixin/injection/callback/CallbackInfo;)V won't be passed a CallbackInfo as a result
[15:40:17] [main/DEBUG] (FabricLoader/Mixin) fabric-entity-events-v1.mixins.json:ServerPlayerEntityMixin from mod fabric-entity-events-v1->@Inject::onTrySleepDirectionCheck(Lnet/minecraft/util/math/BlockPos;Lorg/spongepowered/asm/mixin/injection/callback/CallbackInfoReturnable;Lnet/minecraft/util/math/Direction;)V does use it's CallbackInfoReturnable
[15:40:17] [main/DEBUG] (FabricLoader/Mixin) fabric-dimensions-v1.mixins.json:EntityMixin from mod fabric-dimensions-v1->@Inject::getTeleportTarget(Lnet/minecraft/server/world/ServerWorld;Lorg/spongepowered/asm/mixin/injection/callback/CallbackInfoReturnable;)V does use it's CallbackInfoReturnable
[15:40:17] [main/DEBUG] (FabricLoader/Mixin) fabric-events-interaction-v0.mixins.json:ServerPlayerEntityMixin from mod fabric-events-interaction-v0->@Inject::onPlayerInteractEntity(Lnet/minecraft/entity/Entity;Lorg/spongepowered/asm/mixin/injection/callback/CallbackInfo;)V does use it's CallbackInfo
[15:40:17] [main/DEBUG] (FabricLoader/Mixin) fabric-screen-handler-api-v1.mixins.json:ServerPlayerEntityMixin from mod fabric-screen-handler-api-v1->@Inject::fabric_storeOpenedScreenHandler(Lnet/minecraft/screen/NamedScreenHandlerFactory;Lorg/spongepowered/asm/mixin/injection/callback/CallbackInfoReturnable;Lnet/minecraft/screen/ScreenHandler;)V doesn't use it's CallbackInfoReturnable
[15:40:17] [main/DEBUG] (FabricLoader/Mixin) fabric-screen-handler-api-v1.mixins.json:ServerPlayerEntityMixin from mod fabric-screen-handler-api-v1->@Inject::fabric_storeOpenedScreenHandler(Lnet/minecraft/screen/NamedScreenHandlerFactory;Lorg/spongepowered/asm/mixin/injection/callback/CallbackInfoReturnable;Lnet/minecraft/screen/ScreenHandler;)V has 0 override(s) in child classes
[15:40:17] [main/DEBUG] (FabricLoader/Mixin) fabric-screen-handler-api-v1.mixins.json:ServerPlayerEntityMixin from mod fabric-screen-handler-api-v1->@Inject::fabric_storeOpenedScreenHandler(Lnet/minecraft/screen/NamedScreenHandlerFactory;Lorg/spongepowered/asm/mixin/injection/callback/CallbackInfoReturnable;Lnet/minecraft/screen/ScreenHandler;)V won't be passed a CallbackInfoReturnable as a result
[15:40:17] [main/DEBUG] (FabricLoader/Mixin) luckperms.mixins.json:ServerPlayerEntityMixin from mod luckperms->@Inject::luckperms_copyFrom(Lnet/minecraft/server/network/ServerPlayerEntity;ZLorg/spongepowered/asm/mixin/injection/callback/CallbackInfo;)V doesn't use it's CallbackInfo
[15:40:17] [main/DEBUG] (FabricLoader/Mixin) luckperms.mixins.json:ServerPlayerEntityMixin from mod luckperms->@Inject::luckperms_copyFrom(Lnet/minecraft/server/network/ServerPlayerEntity;ZLorg/spongepowered/asm/mixin/injection/callback/CallbackInfo;)V has 0 override(s) in child classes
[15:40:17] [main/DEBUG] (FabricLoader/Mixin) luckperms.mixins.json:ServerPlayerEntityMixin from mod luckperms->@Inject::luckperms_copyFrom(Lnet/minecraft/server/network/ServerPlayerEntity;ZLorg/spongepowered/asm/mixin/injection/callback/CallbackInfo;)V won't be passed a CallbackInfo as a result
[15:40:17] [main/DEBUG] (FabricLoader/Mixin) luckperms.mixins.json:ServerPlayerEntityMixin from mod luckperms->@Inject::luckperms_setClientSettings(Lnet/minecraft/network/packet/c2s/play/ClientSettingsC2SPacket;Lorg/spongepowered/asm/mixin/injection/callback/CallbackInfo;)V doesn't use it's CallbackInfo
[15:40:17] [main/DEBUG] (FabricLoader/Mixin) luckperms.mixins.json:ServerPlayerEntityMixin from mod luckperms->@Inject::luckperms_setClientSettings(Lnet/minecraft/network/packet/c2s/play/ClientSettingsC2SPacket;Lorg/spongepowered/asm/mixin/injection/callback/CallbackInfo;)V has 0 override(s) in child classes
[15:40:17] [main/DEBUG] (FabricLoader/Mixin) luckperms.mixins.json:ServerPlayerEntityMixin from mod luckperms->@Inject::luckperms_setClientSettings(Lnet/minecraft/network/packet/c2s/play/ClientSettingsC2SPacket;Lorg/spongepowered/asm/mixin/injection/callback/CallbackInfo;)V won't be passed a CallbackInfo as a result
[15:40:17] [main/DEBUG] (FabricLoader/Mixin) luckperms.mixins.json:ServerPlayerEntityMixin from mod luckperms->@Inject::luckperms_onChangeDimension(Lnet/minecraft/server/world/ServerWorld;Lorg/spongepowered/asm/mixin/injection/callback/CallbackInfo;)V doesn't use it's CallbackInfo
[15:40:17] [main/DEBUG] (FabricLoader/Mixin) luckperms.mixins.json:ServerPlayerEntityMixin from mod luckperms->@Inject::luckperms_onChangeDimension(Lnet/minecraft/server/world/ServerWorld;Lorg/spongepowered/asm/mixin/injection/callback/CallbackInfo;)V has 0 override(s) in child classes
[15:40:17] [main/DEBUG] (FabricLoader/Mixin) luckperms.mixins.json:ServerPlayerEntityMixin from mod luckperms->@Inject::luckperms_onChangeDimension(Lnet/minecraft/server/world/ServerWorld;Lorg/spongepowered/asm/mixin/injection/callback/CallbackInfo;)V won't be passed a CallbackInfo as a result
[15:40:17] [main/DEBUG] (FabricLoader/Mixin) Mixing AttachmentTargetsMixin from fabric-data-attachment-api-v1.mixins.json into net.minecraft.world.chunk.Chunk
[15:40:17] [main/DEBUG] (FabricLoader/Mixin) Mixing server.WorldChunkMixin from fabric-lifecycle-events-v1.mixins.json into net.minecraft.world.chunk.WorldChunk
[15:40:17] [main/DEBUG] (FabricLoader/Mixin) fabric-lifecycle-events-v1.mixins.json:server.WorldChunkMixin from mod fabric-lifecycle-events-v1: Class version 61 required is higher than the class version supported by the current version of Mixin (JAVA_16 supports class version 60)
[15:40:17] [main/DEBUG] (FabricLoader/Mixin) Mixing WorldChunkMixin from fabric-data-attachment-api-v1.mixins.json into net.minecraft.world.chunk.WorldChunk
[15:40:17] [main/DEBUG] (FabricLoader/Mixin) fabric-lifecycle-events-v1.mixins.json:server.WorldChunkMixin from mod fabric-lifecycle-events-v1->@Inject::onLoadBlockEntity(Lnet/minecraft/block/entity/BlockEntity;Lorg/spongepowered/asm/mixin/injection/callback/CallbackInfo;Lnet/minecraft/util/math/BlockPos;Lnet/minecraft/block/entity/BlockEntity;)V doesn't use it's CallbackInfo
[15:40:17] [main/DEBUG] (FabricLoader/Mixin) fabric-lifecycle-events-v1.mixins.json:server.WorldChunkMixin from mod fabric-lifecycle-events-v1->@Inject::onLoadBlockEntity(Lnet/minecraft/block/entity/BlockEntity;Lorg/spongepowered/asm/mixin/injection/callback/CallbackInfo;Lnet/minecraft/util/math/BlockPos;Lnet/minecraft/block/entity/BlockEntity;)V has 0 override(s) in child classes
[15:40:17] [main/DEBUG] (FabricLoader/Mixin) fabric-lifecycle-events-v1.mixins.json:server.WorldChunkMixin from mod fabric-lifecycle-events-v1->@Inject::onLoadBlockEntity(Lnet/minecraft/block/entity/BlockEntity;Lorg/spongepowered/asm/mixin/injection/callback/CallbackInfo;Lnet/minecraft/util/math/BlockPos;Lnet/minecraft/block/entity/BlockEntity;)V won't be passed a CallbackInfo as a result
[15:40:17] [main/DEBUG] (FabricLoader/Mixin) fabric-lifecycle-events-v1.mixins.json:server.WorldChunkMixin from mod fabric-lifecycle-events-v1->@Inject::onRemoveBlockEntity(Lnet/minecraft/block/entity/BlockEntity;Lorg/spongepowered/asm/mixin/injection/callback/CallbackInfo;Lnet/minecraft/util/math/BlockPos;Lnet/minecraft/block/entity/BlockEntity;)V doesn't use it's CallbackInfo
[15:40:17] [main/DEBUG] (FabricLoader/Mixin) fabric-lifecycle-events-v1.mixins.json:server.WorldChunkMixin from mod fabric-lifecycle-events-v1->@Inject::onRemoveBlockEntity(Lnet/minecraft/block/entity/BlockEntity;Lorg/spongepowered/asm/mixin/injection/callback/CallbackInfo;Lnet/minecraft/util/math/BlockPos;Lnet/minecraft/block/entity/BlockEntity;)V has 0 override(s) in child classes
[15:40:17] [main/DEBUG] (FabricLoader/Mixin) fabric-lifecycle-events-v1.mixins.json:server.WorldChunkMixin from mod fabric-lifecycle-events-v1->@Inject::onRemoveBlockEntity(Lnet/minecraft/block/entity/BlockEntity;Lorg/spongepowered/asm/mixin/injection/callback/CallbackInfo;Lnet/minecraft/util/math/BlockPos;Lnet/minecraft/block/entity/BlockEntity;)V won't be passed a CallbackInfo as a result
[15:40:17] [main/DEBUG] (FabricLoader/Mixin) fabric-lifecycle-events-v1.mixins.json:server.WorldChunkMixin from mod fabric-lifecycle-events-v1->@Inject::onRemoveBlockEntity(Lnet/minecraft/util/math/BlockPos;Lorg/spongepowered/asm/mixin/injection/callback/CallbackInfo;Lnet/minecraft/block/entity/BlockEntity;)V doesn't use it's CallbackInfo
[15:40:17] [main/DEBUG] (FabricLoader/Mixin) fabric-lifecycle-events-v1.mixins.json:server.WorldChunkMixin from mod fabric-lifecycle-events-v1->@Inject::onRemoveBlockEntity(Lnet/minecraft/util/math/BlockPos;Lorg/spongepowered/asm/mixin/injection/callback/CallbackInfo;Lnet/minecraft/block/entity/BlockEntity;)V has 0 override(s) in child classes
[15:40:17] [main/DEBUG] (FabricLoader/Mixin) fabric-lifecycle-events-v1.mixins.json:server.WorldChunkMixin from mod fabric-lifecycle-events-v1->@Inject::onRemoveBlockEntity(Lnet/minecraft/util/math/BlockPos;Lorg/spongepowered/asm/mixin/injection/callback/CallbackInfo;Lnet/minecraft/block/entity/BlockEntity;)V won't be passed a CallbackInfo as a result
[15:40:17] [main/DEBUG] (FabricLoader/Mixin) fabric-data-attachment-api-v1.mixins.json:WorldChunkMixin from mod fabric-data-attachment-api-v1->@Inject::transferProtoChunkAttachement(Lnet/minecraft/server/world/ServerWorld;Lnet/minecraft/world/chunk/ProtoChunk;Lnet/minecraft/world/chunk/WorldChunk$EntityLoader;Lorg/spongepowered/asm/mixin/injection/callback/CallbackInfo;)V doesn't use it's CallbackInfo
[15:40:17] [main/DEBUG] (FabricLoader/Mixin) fabric-data-attachment-api-v1.mixins.json:WorldChunkMixin from mod fabric-data-attachment-api-v1->@Inject::transferProtoChunkAttachement(Lnet/minecraft/server/world/ServerWorld;Lnet/minecraft/world/chunk/ProtoChunk;Lnet/minecraft/world/chunk/WorldChunk$EntityLoader;Lorg/spongepowered/asm/mixin/injection/callback/CallbackInfo;)V has 0 override(s) in child classes
[15:40:17] [main/DEBUG] (FabricLoader/Mixin) fabric-data-attachment-api-v1.mixins.json:WorldChunkMixin from mod fabric-data-attachment-api-v1->@Inject::transferProtoChunkAttachement(Lnet/minecraft/server/world/ServerWorld;Lnet/minecraft/world/chunk/ProtoChunk;Lnet/minecraft/world/chunk/WorldChunk$EntityLoader;Lorg/spongepowered/asm/mixin/injection/callback/CallbackInfo;)V won't be passed a CallbackInfo as a result
[15:40:17] [main/DEBUG] (FabricLoader/Mixin) Mixing VillagerEntityMixin from fabric-entity-events-v1.mixins.json into net.minecraft.entity.passive.VillagerEntity
[15:40:17] [main/DEBUG] (FabricLoader/Mixin) fabric-entity-events-v1.mixins.json:VillagerEntityMixin from mod fabric-entity-events-v1: Class version 61 required is higher than the class version supported by the current version of Mixin (JAVA_16 supports class version 60)
[15:40:17] [main/DEBUG] (FabricLoader/Mixin) Mixing VillagerEntityAccessor from fabric-content-registries-v0.mixins.json into net.minecraft.entity.passive.VillagerEntity
[15:40:17] [main/DEBUG] (FabricLoader/Mixin) fabric-content-registries-v0.mixins.json:VillagerEntityAccessor from mod fabric-content-registries-v0: Class version 61 required is higher than the class version supported by the current version of Mixin (JAVA_16 supports class version 60)
[15:40:17] [main/DEBUG] (FabricLoader/Mixin) Renaming @Accessor method fabric_setItemFoodValues(Ljava/util/Map;)V to fabric_setItemFoodValues$fabric-content-registries-v0_$md$34f504$0 in fabric-content-registries-v0.mixins.json:VillagerEntityAccessor from mod fabric-content-registries-v0
[15:40:17] [main/DEBUG] (FabricLoader/Mixin) Renaming @Accessor method fabric_setGatherableItems(Ljava/util/Set;)V to fabric_setGatherableItems$fabric-content-registries-v0_$md$34f504$1 in fabric-content-registries-v0.mixins.json:VillagerEntityAccessor from mod fabric-content-registries-v0
[15:40:17] [main/DEBUG] (FabricLoader/Mixin) Renaming @Accessor method fabric_getGatherableItems()Ljava/util/Set; to fabric_getGatherableItems$fabric-content-registries-v0_$md$34f504$2 in fabric-content-registries-v0.mixins.json:VillagerEntityAccessor from mod fabric-content-registries-v0
[15:40:18] [main/DEBUG] (FabricLoader/Mixin) Mixing ingredient.IngredientMixin from fabric-recipe-api-v1.mixins.json into net.minecraft.recipe.Ingredient
[15:40:18] [main/DEBUG] (FabricLoader/Mixin) fabric-recipe-api-v1.mixins.json:ingredient.IngredientMixin from mod fabric-recipe-api-v1->@Inject::injectFromJson(Lcom/google/gson/JsonElement;ZLorg/spongepowered/asm/mixin/injection/callback/CallbackInfoReturnable;)V does use it's CallbackInfoReturnable
[15:40:18] [main/DEBUG] (FabricLoader/Mixin) fabric-recipe-api-v1.mixins.json:ingredient.IngredientMixin from mod fabric-recipe-api-v1->@Inject::injectEntryFromJson(Lcom/google/gson/JsonObject;Lorg/spongepowered/asm/mixin/injection/callback/CallbackInfoReturnable;)V doesn't use it's CallbackInfoReturnable
[15:40:18] [main/DEBUG] (FabricLoader/Mixin) fabric-recipe-api-v1.mixins.json:ingredient.IngredientMixin from mod fabric-recipe-api-v1->@Inject::injectFromPacket(Lnet/minecraft/network/PacketByteBuf;Lorg/spongepowered/asm/mixin/injection/callback/CallbackInfoReturnable;)V does use it's CallbackInfoReturnable
[15:40:18] [main/DEBUG] (FabricLoader/Mixin) Mixing ServerPlayNetworkHandlerMixin from fabric-networking-api-v1.mixins.json into net.minecraft.server.network.ServerPlayNetworkHandler
[15:40:18] [main/DEBUG] (FabricLoader/Mixin) fabric-networking-api-v1.mixins.json:ServerPlayNetworkHandlerMixin from mod fabric-networking-api-v1: Class version 61 required is higher than the class version supported by the current version of Mixin (JAVA_16 supports class version 60)
[15:40:18] [main/DEBUG] (FabricLoader/Mixin) Mixing accessor.ServerPlayNetworkHandlerAccessor from fabric-networking-api-v1.mixins.json into net.minecraft.server.network.ServerPlayNetworkHandler
[15:40:18] [main/DEBUG] (FabricLoader/Mixin) fabric-networking-api-v1.mixins.json:accessor.ServerPlayNetworkHandlerAccessor from mod fabric-networking-api-v1: Class version 61 required is higher than the class version supported by the current version of Mixin (JAVA_16 supports class version 60)
[15:40:18] [main/DEBUG] (FabricLoader/Mixin) fabric-networking-api-v1.mixins.json:ServerPlayNetworkHandlerMixin from mod fabric-networking-api-v1->@Inject::initAddon(Lorg/spongepowered/asm/mixin/injection/callback/CallbackInfo;)V doesn't use it's CallbackInfo
[15:40:18] [main/DEBUG] (FabricLoader/Mixin) fabric-networking-api-v1.mixins.json:ServerPlayNetworkHandlerMixin from mod fabric-networking-api-v1->@Inject::initAddon(Lorg/spongepowered/asm/mixin/injection/callback/CallbackInfo;)V has 0 override(s) in child classes
[15:40:18] [main/DEBUG] (FabricLoader/Mixin) fabric-networking-api-v1.mixins.json:ServerPlayNetworkHandlerMixin from mod fabric-networking-api-v1->@Inject::initAddon(Lorg/spongepowered/asm/mixin/injection/callback/CallbackInfo;)V won't be passed a CallbackInfo as a result
[15:40:18] [main/DEBUG] (FabricLoader/Mixin) fabric-networking-api-v1.mixins.json:ServerPlayNetworkHandlerMixin from mod fabric-networking-api-v1->@Inject::handleCustomPayloadReceivedAsync(Lnet/minecraft/network/packet/c2s/play/CustomPayloadC2SPacket;Lorg/spongepowered/asm/mixin/injection/callback/CallbackInfo;)V does use it's CallbackInfo
[15:40:18] [main/DEBUG] (FabricLoader/Mixin) fabric-networking-api-v1.mixins.json:ServerPlayNetworkHandlerMixin from mod fabric-networking-api-v1->@Inject::handleDisconnection(Lnet/minecraft/text/Text;Lorg/spongepowered/asm/mixin/injection/callback/CallbackInfo;)V doesn't use it's CallbackInfo
[15:40:18] [main/DEBUG] (FabricLoader/Mixin) fabric-networking-api-v1.mixins.json:ServerPlayNetworkHandlerMixin from mod fabric-networking-api-v1->@Inject::handleDisconnection(Lnet/minecraft/text/Text;Lorg/spongepowered/asm/mixin/injection/callback/CallbackInfo;)V has 0 override(s) in child classes
[15:40:18] [main/DEBUG] (FabricLoader/Mixin) fabric-networking-api-v1.mixins.json:ServerPlayNetworkHandlerMixin from mod fabric-networking-api-v1->@Inject::handleDisconnection(Lnet/minecraft/text/Text;Lorg/spongepowered/asm/mixin/injection/callback/CallbackInfo;)V won't be passed a CallbackInfo as a result
[15:40:20] [main/DEBUG] (FabricLoader/Mixin) Mixing EntitySelectorOptionsAccessor from fabric-command-api-v2.mixins.json into net.minecraft.command.EntitySelectorOptions
[15:40:20] [main/DEBUG] (FabricLoader/Mixin) fabric-command-api-v2.mixins.json:EntitySelectorOptionsAccessor from mod fabric-command-api-v2: Class version 61 required is higher than the class version supported by the current version of Mixin (JAVA_16 supports class version 60)
[15:40:20] [main/DEBUG] (FabricLoader/Mixin) Renaming @Invoker method callPutOption(Ljava/lang/String;Lnet/minecraft/command/EntitySelectorOptions$SelectorHandler;Ljava/util/function/Predicate;Lnet/minecraft/text/Text;)V to callPutOption$fabric-command-api-v2_$md$34f504$0 in fabric-command-api-v2.mixins.json:EntitySelectorOptionsAccessor from mod fabric-command-api-v2
[15:40:20] [main/DEBUG] (FabricLoader/Mixin) Mixing EntitySelectorReaderMixin from fabric-command-api-v2.mixins.json into net.minecraft.command.EntitySelectorReader
[15:40:20] [main/DEBUG] (FabricLoader/Mixin) fabric-command-api-v2.mixins.json:EntitySelectorReaderMixin from mod fabric-command-api-v2: Class version 61 required is higher than the class version supported by the current version of Mixin (JAVA_16 supports class version 60)
[15:40:20] [main/DEBUG] (FabricLoader/Mixin) Generating mapped inner class net/minecraft/block/entity/ChiseledBookshelfBlockEntity$Anonymous$c80e596002ca48d7abc6bd5ac204a9d7 (originally net/fabricmc/fabric/mixin/transfer/ChiseledBookshelfBlockEntityMixin$1)
[15:40:21] [main/DEBUG] (FabricLoader/Mixin) Mixing StructureTemplateManagerMixin from fabric-gametest-api-v1.mixins.json into net.minecraft.structure.StructureTemplateManager
[15:40:21] [main/DEBUG] (FabricLoader/Mixin) fabric-gametest-api-v1.mixins.json:StructureTemplateManagerMixin from mod fabric-gametest-api-v1: Class version 61 required is higher than the class version supported by the current version of Mixin (JAVA_16 supports class version 60)
[15:40:21] [main/DEBUG] (FabricLoader/Mixin) fabric-gametest-api-v1.mixins.json:StructureTemplateManagerMixin from mod fabric-gametest-api-v1->@Inject::addFabricTemplateProvider(Lnet/minecraft/resource/ResourceManager;Lnet/minecraft/world/level/storage/LevelStorage$Session;Lcom/mojang/datafixers/DataFixer;Lnet/minecraft/registry/RegistryEntryLookup;Lorg/spongepowered/asm/mixin/injection/callback/CallbackInfo;Lcom/google/common/collect/ImmutableList$Builder;)V doesn't use it's CallbackInfo
[15:40:21] [main/DEBUG] (FabricLoader/Mixin) fabric-gametest-api-v1.mixins.json:StructureTemplateManagerMixin from mod fabric-gametest-api-v1->@Inject::addFabricTemplateProvider(Lnet/minecraft/resource/ResourceManager;Lnet/minecraft/world/level/storage/LevelStorage$Session;Lcom/mojang/datafixers/DataFixer;Lnet/minecraft/registry/RegistryEntryLookup;Lorg/spongepowered/asm/mixin/injection/callback/CallbackInfo;Lcom/google/common/collect/ImmutableList$Builder;)V has 0 override(s) in child classes
[15:40:21] [main/DEBUG] (FabricLoader/Mixin) fabric-gametest-api-v1.mixins.json:StructureTemplateManagerMixin from mod fabric-gametest-api-v1->@Inject::addFabricTemplateProvider(Lnet/minecraft/resource/ResourceManager;Lnet/minecraft/world/level/storage/LevelStorage$Session;Lcom/mojang/datafixers/DataFixer;Lnet/minecraft/registry/RegistryEntryLookup;Lorg/spongepowered/asm/mixin/injection/callback/CallbackInfo;Lcom/google/common/collect/ImmutableList$Builder;)V won't be passed a CallbackInfo as a result
[15:40:21] [main/DEBUG] (FabricLoader/Mixin) Mixing SimpleInventoryMixin from fabric-transfer-api-v1.mixins.json into net.minecraft.inventory.SimpleInventory
[15:40:21] [main/DEBUG] (FabricLoader/Mixin) fabric-transfer-api-v1.mixins.json:SimpleInventoryMixin from mod fabric-transfer-api-v1: Class version 61 required is higher than the class version supported by the current version of Mixin (JAVA_16 supports class version 60)
[15:40:21] [main/DEBUG] (FabricLoader/Mixin) Mixing RecipeMixin from fabric-item-api-v1.mixins.json into net.minecraft.recipe.Recipe
[15:40:21] [main/DEBUG] (FabricLoader/Mixin) fabric-item-api-v1.mixins.json:RecipeMixin from mod fabric-item-api-v1: Class version 61 required is higher than the class version supported by the current version of Mixin (JAVA_16 supports class version 60)
[15:40:21] [main/DEBUG] (FabricLoader/Mixin) fabric-item-api-v1.mixins.json:RecipeMixin from mod fabric-item-api-v1->@Inject::captureStack(Lnet/minecraft/inventory/Inventory;Lorg/spongepowered/asm/mixin/injection/callback/CallbackInfoReturnable;Lnet/minecraft/util/collection/DefaultedList;I)V doesn't use it's CallbackInfoReturnable
[15:40:21] [main/DEBUG] (FabricLoader/Mixin) fabric-item-api-v1.mixins.json:RecipeMixin from mod fabric-item-api-v1->@Inject::captureStack(Lnet/minecraft/inventory/Inventory;Lorg/spongepowered/asm/mixin/injection/callback/CallbackInfoReturnable;Lnet/minecraft/util/collection/DefaultedList;I)V has 0 override(s) in child classes
[15:40:21] [main/DEBUG] (FabricLoader/Mixin) fabric-item-api-v1.mixins.json:RecipeMixin from mod fabric-item-api-v1->@Inject::captureStack(Lnet/minecraft/inventory/Inventory;Lorg/spongepowered/asm/mixin/injection/callback/CallbackInfoReturnable;Lnet/minecraft/util/collection/DefaultedList;I)V won't be passed a CallbackInfoReturnable as a result
[15:40:22] [main/DEBUG] (FabricLoader/Mixin) Mixing RegistryCodecsMixin from fabric-dimensions-v1.mixins.json into net.minecraft.registry.RegistryCodecs
[15:40:22] [main/DEBUG] (FabricLoader/Mixin) fabric-dimensions-v1.mixins.json:RegistryCodecsMixin from mod fabric-dimensions-v1: Class version 61 required is higher than the class version supported by the current version of Mixin (JAVA_16 supports class version 60)
[15:40:23] [main/DEBUG] (FabricLoader/Mixin) Mixing BiomeSourceMixin from fabric-biome-api-v1.mixins.json into net.minecraft.world.biome.source.BiomeSource
[15:40:23] [main/DEBUG] (FabricLoader/Mixin) fabric-biome-api-v1.mixins.json:BiomeSourceMixin from mod fabric-biome-api-v1: Class version 61 required is higher than the class version supported by the current version of Mixin (JAVA_16 supports class version 60)
[15:40:23] [main/DEBUG] (FabricLoader/Mixin) Mixing MultiNoiseBiomeSourceMixin from fabric-biome-api-v1.mixins.json into net.minecraft.world.biome.source.MultiNoiseBiomeSource
[15:40:23] [main/DEBUG] (FabricLoader/Mixin) fabric-biome-api-v1.mixins.json:MultiNoiseBiomeSourceMixin from mod fabric-biome-api-v1: Class version 61 required is higher than the class version supported by the current version of Mixin (JAVA_16 supports class version 60)
[15:40:24] [main/DEBUG] (FabricLoader/Mixin) Mixing NetherBiomePresetMixin from fabric-biome-api-v1.mixins.json into net.minecraft.world.biome.source.MultiNoiseBiomeSourceParameterList$Preset$1
[15:40:24] [main/DEBUG] (FabricLoader/Mixin) fabric-biome-api-v1.mixins.json:NetherBiomePresetMixin from mod fabric-biome-api-v1: Class version 61 required is higher than the class version supported by the current version of Mixin (JAVA_16 supports class version 60)
[15:40:24] [main/DEBUG] (FabricLoader/Mixin) fabric-biome-api-v1.mixins.json:NetherBiomePresetMixin from mod fabric-biome-api-v1->@Inject::apply(Ljava/util/function/Function;Lorg/spongepowered/asm/mixin/injection/callback/CallbackInfoReturnable;)V does use it's CallbackInfoReturnable
[15:40:24] [main/DEBUG] (FabricLoader/Mixin) Mixing TheEndBiomeSourceMixin from fabric-biome-api-v1.mixins.json into net.minecraft.world.biome.source.TheEndBiomeSource
[15:40:24] [main/DEBUG] (FabricLoader/Mixin) fabric-biome-api-v1.mixins.json:TheEndBiomeSourceMixin from mod fabric-biome-api-v1: Class version 61 required is higher than the class version supported by the current version of Mixin (JAVA_16 supports class version 60)
[15:40:24] [main/DEBUG] (FabricLoader/Mixin) Renaming synthetic method lambda$init$1(Lnet/minecraft/registry/RegistryEntryLookup;)Lnet/fabricmc/fabric/impl/biome/TheEndBiomeData$Overrides; to md34f504$fabric-biome-api-v1$lambda$init$1$0 in fabric-biome-api-v1.mixins.json:TheEndBiomeSourceMixin from mod fabric-biome-api-v1
[15:40:24] [main/DEBUG] (FabricLoader/Mixin) Renaming synthetic method lambda$modifyCodec$0(Lcom/mojang/serialization/codecs/RecordCodecBuilder$Instance;)Lcom/mojang/datafixers/kinds/App; to md34f504$fabric-biome-api-v1$lambda$modifyCodec$0$1 in fabric-biome-api-v1.mixins.json:TheEndBiomeSourceMixin from mod fabric-biome-api-v1
[15:40:24] [main/DEBUG] (FabricLoader/Mixin) fabric-biome-api-v1.mixins.json:TheEndBiomeSourceMixin from mod fabric-biome-api-v1->@Inject::modifyCodec(Lorg/spongepowered/asm/mixin/injection/callback/CallbackInfo;)V doesn't use it's CallbackInfo
[15:40:24] [main/DEBUG] (FabricLoader/Mixin) fabric-biome-api-v1.mixins.json:TheEndBiomeSourceMixin from mod fabric-biome-api-v1->@Inject::rememberLookup(Lnet/minecraft/registry/RegistryEntryLookup;Lorg/spongepowered/asm/mixin/injection/callback/CallbackInfoReturnable;)V doesn't use it's CallbackInfoReturnable
[15:40:24] [main/DEBUG] (FabricLoader/Mixin) fabric-biome-api-v1.mixins.json:TheEndBiomeSourceMixin from mod fabric-biome-api-v1->@Inject::clearLookup(Lnet/minecraft/registry/RegistryEntryLookup;Lorg/spongepowered/asm/mixin/injection/callback/CallbackInfoReturnable;)V doesn't use it's CallbackInfoReturnable
[15:40:24] [main/DEBUG] (FabricLoader/Mixin) fabric-biome-api-v1.mixins.json:TheEndBiomeSourceMixin from mod fabric-biome-api-v1->@Inject::init(Lnet/minecraft/registry/entry/RegistryEntry;Lnet/minecraft/registry/entry/RegistryEntry;Lnet/minecraft/registry/entry/RegistryEntry;Lnet/minecraft/registry/entry/RegistryEntry;Lnet/minecraft/registry/entry/RegistryEntry;Lorg/spongepowered/asm/mixin/injection/callback/CallbackInfo;)V doesn't use it's CallbackInfo
[15:40:24] [main/DEBUG] (FabricLoader/Mixin) fabric-biome-api-v1.mixins.json:TheEndBiomeSourceMixin from mod fabric-biome-api-v1->@Inject::init(Lnet/minecraft/registry/entry/RegistryEntry;Lnet/minecraft/registry/entry/RegistryEntry;Lnet/minecraft/registry/entry/RegistryEntry;Lnet/minecraft/registry/entry/RegistryEntry;Lnet/minecraft/registry/entry/RegistryEntry;Lorg/spongepowered/asm/mixin/injection/callback/CallbackInfo;)V has 0 override(s) in child classes
[15:40:24] [main/DEBUG] (FabricLoader/Mixin) fabric-biome-api-v1.mixins.json:TheEndBiomeSourceMixin from mod fabric-biome-api-v1->@Inject::init(Lnet/minecraft/registry/entry/RegistryEntry;Lnet/minecraft/registry/entry/RegistryEntry;Lnet/minecraft/registry/entry/RegistryEntry;Lnet/minecraft/registry/entry/RegistryEntry;Lnet/minecraft/registry/entry/RegistryEntry;Lorg/spongepowered/asm/mixin/injection/callback/CallbackInfo;)V won't be passed a CallbackInfo as a result
[15:40:24] [main/DEBUG] (FabricLoader/Mixin) fabric-biome-api-v1.mixins.json:TheEndBiomeSourceMixin from mod fabric-biome-api-v1->@Inject::getWeightedEndBiome(IIILnet/minecraft/world/biome/source/util/MultiNoiseUtil$MultiNoiseSampler;Lorg/spongepowered/asm/mixin/injection/callback/CallbackInfoReturnable;)V does use it's CallbackInfoReturnable
[15:40:24] [main/DEBUG] (FabricLoader/Mixin) fabric-biome-api-v1.mixins.json:TheEndBiomeSourceMixin from mod fabric-biome-api-v1->@Inject::getWeightedEndBiome(IIILnet/minecraft/world/biome/source/util/MultiNoiseUtil$MultiNoiseSampler;Lorg/spongepowered/asm/mixin/injection/callback/CallbackInfoReturnable;)V does use it's CallbackInfoReturnable
[15:40:24] [main/DEBUG] (FabricLoader/Mixin) fabric-biome-api-v1.mixins.json:TheEndBiomeSourceMixin from mod fabric-biome-api-v1->@Inject::getWeightedEndBiome(IIILnet/minecraft/world/biome/source/util/MultiNoiseUtil$MultiNoiseSampler;Lorg/spongepowered/asm/mixin/injection/callback/CallbackInfoReturnable;)V does use it's CallbackInfoReturnable
[15:40:24] [main/DEBUG] (FabricLoader/Mixin) fabric-biome-api-v1.mixins.json:TheEndBiomeSourceMixin from mod fabric-biome-api-v1->@Inject::getWeightedEndBiome(IIILnet/minecraft/world/biome/source/util/MultiNoiseUtil$MultiNoiseSampler;Lorg/spongepowered/asm/mixin/injection/callback/CallbackInfoReturnable;)V does use it's CallbackInfoReturnable
[15:40:24] [main/DEBUG] (FabricLoader/Mixin) fabric-biome-api-v1.mixins.json:TheEndBiomeSourceMixin from mod fabric-biome-api-v1->@Inject::getWeightedEndBiome(IIILnet/minecraft/world/biome/source/util/MultiNoiseUtil$MultiNoiseSampler;Lorg/spongepowered/asm/mixin/injection/callback/CallbackInfoReturnable;)V does use it's CallbackInfoReturnable
[15:40:24] [main/DEBUG] (FabricLoader/Mixin) Mixing DebugChunkGeneratorAccessor from fabric-registry-sync-v0.mixins.json into net.minecraft.world.gen.chunk.DebugChunkGenerator
[15:40:24] [main/DEBUG] (FabricLoader/Mixin) fabric-registry-sync-v0.mixins.json:DebugChunkGeneratorAccessor from mod fabric-registry-sync-v0: Class version 61 required is higher than the class version supported by the current version of Mixin (JAVA_16 supports class version 60)
[15:40:24] [main/DEBUG] (FabricLoader/Mixin) Renaming @Accessor method setBLOCK_STATES(Ljava/util/List;)V to setBLOCK_STATES$fabric-registry-sync-v0_$md$34f504$0 in fabric-registry-sync-v0.mixins.json:DebugChunkGeneratorAccessor from mod fabric-registry-sync-v0
[15:40:24] [main/DEBUG] (FabricLoader/Mixin) Renaming @Accessor method setX_SIDE_LENGTH(I)V to setX_SIDE_LENGTH$fabric-registry-sync-v0_$md$34f504$1 in fabric-registry-sync-v0.mixins.json:DebugChunkGeneratorAccessor from mod fabric-registry-sync-v0
[15:40:24] [main/DEBUG] (FabricLoader/Mixin) Renaming @Accessor method setZ_SIDE_LENGTH(I)V to setZ_SIDE_LENGTH$fabric-registry-sync-v0_$md$34f504$2 in fabric-registry-sync-v0.mixins.json:DebugChunkGeneratorAccessor from mod fabric-registry-sync-v0
[15:40:24] [main/DEBUG] (FabricLoader/Mixin) Mixing server.LanguageMixin from fabric-resource-loader-v0.mixins.json into net.minecraft.util.Language
[15:40:24] [main/DEBUG] (FabricLoader/Mixin) fabric-resource-loader-v0.mixins.json:server.LanguageMixin from mod fabric-resource-loader-v0: Class version 61 required is higher than the class version supported by the current version of Mixin (JAVA_16 supports class version 60)
[15:40:25] [main/DEBUG] (FabricLoader/Mixin) Generating mapped inner class net/minecraft/item/ItemGroups$1ItemGroupPosition$b2a37d523bee4767ba2815e3e12544d4 (originally net/fabricmc/fabric/mixin/itemgroup/ItemGroupsMixin$1ItemGroupPosition)
[15:40:25] [main/DEBUG] (FabricLoader/Mixin) Mixing DefaultAttributeRegistryAccessor from fabric-object-builder-v1.mixins.json into net.minecraft.entity.attribute.DefaultAttributeRegistry
[15:40:25] [main/DEBUG] (FabricLoader/Mixin) fabric-object-builder-v1.mixins.json:DefaultAttributeRegistryAccessor from mod fabric-object-builder-api-v1: Class version 61 required is higher than the class version supported by the current version of Mixin (JAVA_16 supports class version 60)
[15:40:25] [main/DEBUG] (FabricLoader/Mixin) Renaming @Accessor method getRegistry()Ljava/util/Map; to getRegistry$fabric-object-builder-api-v1_$md$34f504$0 in fabric-object-builder-v1.mixins.json:DefaultAttributeRegistryAccessor from mod fabric-object-builder-api-v1
[15:40:25] [main/DEBUG] (FabricLoader/Mixin) Mixing DefaultAttributeRegistryMixin from fabric-object-builder-v1.mixins.json into net.minecraft.entity.attribute.DefaultAttributeRegistry
[15:40:25] [main/DEBUG] (FabricLoader/Mixin) fabric-object-builder-v1.mixins.json:DefaultAttributeRegistryMixin from mod fabric-object-builder-api-v1: Class version 61 required is higher than the class version supported by the current version of Mixin (JAVA_16 supports class version 60)
[15:40:25] [main/DEBUG] (FabricLoader/Mixin) fabric-object-builder-v1.mixins.json:DefaultAttributeRegistryMixin from mod fabric-object-builder-api-v1->@Inject::injectAttributes(Lorg/spongepowered/asm/mixin/injection/callback/CallbackInfo;)V doesn't use it's CallbackInfo
[15:40:25] [main/DEBUG] (FabricLoader/Entrypoint) Iterating over entrypoint 'main'
[15:40:25] [main/DEBUG] (FabricLoader/Mixin) Mixing LootTableBuilderMixin from fabric-loot-api-v2.mixins.json into net.minecraft.loot.LootTable$Builder
[15:40:25] [main/DEBUG] (FabricLoader/Mixin) fabric-loot-api-v2.mixins.json:LootTableBuilderMixin from mod fabric-loot-api-v2: Class version 61 required is higher than the class version supported by the current version of Mixin (JAVA_8 supports class version 52)
[15:40:25] [main/DEBUG] (FabricLoader/Mixin) Mixing LootManagerMixin from fabric-loot-api-v2.mixins.json into net.minecraft.loot.LootManager
[15:40:25] [main/DEBUG] (FabricLoader/Mixin) fabric-loot-api-v2.mixins.json:LootManagerMixin from mod fabric-loot-api-v2: Class version 61 required is higher than the class version supported by the current version of Mixin (JAVA_8 supports class version 52)
[15:40:25] [main/DEBUG] (FabricLoader/Mixin) Renaming synthetic method lambda$applyLootTableEvents$1(Lcom/google/common/collect/ImmutableMap$Builder;Lnet/minecraft/resource/ResourceManager;Lnet/minecraft/loot/LootManager;Lnet/minecraft/loot/LootDataKey;Ljava/lang/Object;)V to md34f504$fabric-loot-api-v2$lambda$applyLootTableEvents$1$0 in fabric-loot-api-v2.mixins.json:LootManagerMixin from mod fabric-loot-api-v2
[15:40:25] [main/DEBUG] (FabricLoader/Mixin) Renaming synthetic method lambda$reload$0(Lnet/minecraft/resource/ResourceManager;Lnet/minecraft/loot/LootManager;)V to md34f504$fabric-loot-api-v2$lambda$reload$0$1 in fabric-loot-api-v2.mixins.json:LootManagerMixin from mod fabric-loot-api-v2
[15:40:25] [main/DEBUG] (FabricLoader/Mixin) Mixing KeyedResourceReloadListenerMixin from fabric-resource-loader-v0.mixins.json into net.minecraft.loot.LootManager
[15:40:25] [main/DEBUG] (FabricLoader/Mixin) fabric-resource-loader-v0.mixins.json:KeyedResourceReloadListenerMixin from mod fabric-resource-loader-v0: Class version 61 required is higher than the class version supported by the current version of Mixin (JAVA_16 supports class version 60)
[15:40:25] [main/DEBUG] (FabricLoader/Mixin) Mixing LootManagerMixin from fabric-resource-conditions-api-v1.mixins.json into net.minecraft.loot.LootManager
[15:40:25] [main/DEBUG] (FabricLoader/Mixin) fabric-resource-conditions-api-v1.mixins.json:LootManagerMixin from mod fabric-resource-conditions-api-v1: Class version 61 required is higher than the class version supported by the current version of Mixin (JAVA_16 supports class version 60)
[15:40:25] [main/DEBUG] (FabricLoader/Mixin) fabric-loot-api-v2.mixins.json:LootManagerMixin from mod fabric-loot-api-v2->@Inject::reload(Lnet/minecraft/resource/ResourceReloader$Synchronizer;Lnet/minecraft/resource/ResourceManager;Lnet/minecraft/util/profiler/Profiler;Lnet/minecraft/util/profiler/Profiler;Ljava/util/concurrent/Executor;Ljava/util/concurrent/Executor;Lorg/spongepowered/asm/mixin/injection/callback/CallbackInfoReturnable;)V does use it's CallbackInfoReturnable
[15:40:25] [main/DEBUG] (FabricLoader/Mixin) fabric-resource-conditions-api-v1.mixins.json:LootManagerMixin from mod fabric-resource-conditions-api-v1->@Inject::load(Lnet/minecraft/loot/LootDataType;Lnet/minecraft/resource/ResourceManager;Ljava/util/concurrent/Executor;Ljava/util/Map;Lorg/spongepowered/asm/mixin/injection/callback/CallbackInfoReturnable;Ljava/util/Map;)V doesn't use it's CallbackInfoReturnable
[15:40:25] [main/DEBUG] (FabricLoader/Mixin) fabric-resource-conditions-api-v1.mixins.json:LootManagerMixin from mod fabric-resource-conditions-api-v1->@Inject::runAsync(Lnet/minecraft/resource/ResourceManager;Lnet/minecraft/loot/LootDataType;Ljava/util/Map;Lorg/spongepowered/asm/mixin/injection/callback/CallbackInfo;)V doesn't use it's CallbackInfo
[15:40:25] [main/DEBUG] (FabricLoader/Mixin) fabric-resource-conditions-api-v1.mixins.json:LootManagerMixin from mod fabric-resource-conditions-api-v1->@Inject::applyResourceConditions(Lnet/minecraft/loot/LootDataType;Ljava/util/Map;Lnet/minecraft/util/Identifier;Lcom/google/gson/JsonElement;Lorg/spongepowered/asm/mixin/injection/callback/CallbackInfo;)V does use it's CallbackInfo
[15:40:25] [main/DEBUG] (FabricLoader/Mixin) fabric-resource-conditions-api-v1.mixins.json:LootManagerMixin from mod fabric-resource-conditions-api-v1->@Inject::runAsyncEnd(Lnet/minecraft/resource/ResourceManager;Lnet/minecraft/loot/LootDataType;Ljava/util/Map;Lorg/spongepowered/asm/mixin/injection/callback/CallbackInfo;)V doesn't use it's CallbackInfo
[15:40:25] [main/DEBUG] (FabricLoader/Mixin) Mixing LootTableAccessor from fabric-loot-api-v2.mixins.json into net.minecraft.loot.LootTable
[15:40:25] [main/DEBUG] (FabricLoader/Mixin) fabric-loot-api-v2.mixins.json:LootTableAccessor from mod fabric-loot-api-v2: Class version 61 required is higher than the class version supported by the current version of Mixin (JAVA_8 supports class version 52)
[15:40:25] [main/DEBUG] (FabricLoader/Mixin) Mixing LootTableMixin from fabric-loot-tables-v1.mixins.json into net.minecraft.loot.LootTable
[15:40:25] [main/DEBUG] (FabricLoader/Mixin) fabric-loot-tables-v1.mixins.json:LootTableMixin from mod fabric-loot-tables-v1: Class version 61 required is higher than the class version supported by the current version of Mixin (JAVA_16 supports class version 60)
[15:40:25] [main/DEBUG] (FabricLoader/Mixin) Mixing modification.MinecraftServerMixin from fabric-biome-api-v1.mixins.json into net.minecraft.server.MinecraftServer
[15:40:25] [main/DEBUG] (FabricLoader/Mixin) fabric-biome-api-v1.mixins.json:modification.MinecraftServerMixin from mod fabric-biome-api-v1: Class version 61 required is higher than the class version supported by the current version of Mixin (JAVA_16 supports class version 60)
[15:40:25] [main/DEBUG] (FabricLoader/Mixin) Mixing MinecraftServerMixin from fabric-gametest-api-v1.mixins.json into net.minecraft.server.MinecraftServer
[15:40:25] [main/DEBUG] (FabricLoader/Mixin) fabric-gametest-api-v1.mixins.json:MinecraftServerMixin from mod fabric-gametest-api-v1: Class version 61 required is higher than the class version supported by the current version of Mixin (JAVA_16 supports class version 60)
[15:40:25] [main/DEBUG] (FabricLoader/Mixin) Mixing MinecraftServerMixin from fabric-registry-sync-v0.mixins.json into net.minecraft.server.MinecraftServer
[15:40:25] [main/DEBUG] (FabricLoader/Mixin) fabric-registry-sync-v0.mixins.json:MinecraftServerMixin from mod fabric-registry-sync-v0: Class version 61 required is higher than the class version supported by the current version of Mixin (JAVA_16 supports class version 60)
[15:40:25] [main/DEBUG] (FabricLoader/Mixin) Mixing MinecraftServerMixin from fabric-lifecycle-events-v1.mixins.json into net.minecraft.server.MinecraftServer
[15:40:25] [main/DEBUG] (FabricLoader/Mixin) fabric-lifecycle-events-v1.mixins.json:MinecraftServerMixin from mod fabric-lifecycle-events-v1: Class version 61 required is higher than the class version supported by the current version of Mixin (JAVA_16 supports class version 60)
[15:40:25] [main/DEBUG] (FabricLoader/Mixin) Renaming synthetic method lambda$endResourceReload$0(Ljava/lang/Void;Ljava/lang/Throwable;)Ljava/lang/Void; to md34f504$fabric-lifecycle-events-v1$lambda$endResourceReload$0$0 in fabric-lifecycle-events-v1.mixins.json:MinecraftServerMixin from mod fabric-lifecycle-events-v1
[15:40:25] [main/DEBUG] (FabricLoader/Mixin) Mixing MinecraftServerMixin from fabric-resource-loader-v0.mixins.json into net.minecraft.server.MinecraftServer
[15:40:25] [main/DEBUG] (FabricLoader/Mixin) fabric-resource-loader-v0.mixins.json:MinecraftServerMixin from mod fabric-resource-loader-v0: Class version 61 required is higher than the class version supported by the current version of Mixin (JAVA_16 supports class version 60)
[15:40:25] [main/DEBUG] (FabricLoader/Mixin) Mixing MinecraftServerMixin from fabric-message-api-v1.mixins.json into net.minecraft.server.MinecraftServer
[15:40:25] [main/DEBUG] (FabricLoader/Mixin) fabric-message-api-v1.mixins.json:MinecraftServerMixin from mod fabric-message-api-v1: Class version 61 required is higher than the class version supported by the current version of Mixin (JAVA_16 supports class version 60)
[15:40:25] [main/DEBUG] (FabricLoader/Mixin) Renaming synthetic method lambda$onGetChatDecorator$1(Lnet/minecraft/network/message/MessageDecorator;Lnet/minecraft/server/network/ServerPlayerEntity;Lnet/minecraft/text/Text;)Ljava/util/concurrent/CompletableFuture; to md34f504$fabric-message-api-v1$lambda$onGetChatDecorator$1$1 in fabric-message-api-v1.mixins.json:MinecraftServerMixin from mod fabric-message-api-v1
[15:40:25] [main/DEBUG] (FabricLoader/Mixin) Renaming synthetic method lambda$onGetChatDecorator$0(Lnet/minecraft/server/network/ServerPlayerEntity;Lnet/minecraft/text/Text;)Ljava/util/concurrent/CompletionStage; to md34f504$fabric-message-api-v1$lambda$onGetChatDecorator$0$2 in fabric-message-api-v1.mixins.json:MinecraftServerMixin from mod fabric-message-api-v1
[15:40:25] [main/DEBUG] (FabricLoader/Mixin) fabric-biome-api-v1.mixins.json:modification.MinecraftServerMixin from mod fabric-biome-api-v1->@Inject::finalizeWorldGen(Lorg/spongepowered/asm/mixin/injection/callback/CallbackInfo;)V doesn't use it's CallbackInfo
[15:40:25] [main/DEBUG] (FabricLoader/Mixin) fabric-biome-api-v1.mixins.json:modification.MinecraftServerMixin from mod fabric-biome-api-v1->@Inject::finalizeWorldGen(Lorg/spongepowered/asm/mixin/injection/callback/CallbackInfo;)V has 0 override(s) in child classes
[15:40:25] [main/DEBUG] (FabricLoader/Mixin) fabric-biome-api-v1.mixins.json:modification.MinecraftServerMixin from mod fabric-biome-api-v1->@Inject::finalizeWorldGen(Lorg/spongepowered/asm/mixin/injection/callback/CallbackInfo;)V won't be passed a CallbackInfo as a result
[15:40:25] [main/DEBUG] (FabricLoader/Mixin) fabric-gametest-api-v1.mixins.json:MinecraftServerMixin from mod fabric-gametest-api-v1->@Inject::tickWorlds(Ljava/util/function/BooleanSupplier;Lorg/spongepowered/asm/mixin/injection/callback/CallbackInfo;)V doesn't use it's CallbackInfo
[15:40:25] [main/DEBUG] (FabricLoader/Mixin) fabric-gametest-api-v1.mixins.json:MinecraftServerMixin from mod fabric-gametest-api-v1->@Inject::tickWorlds(Ljava/util/function/BooleanSupplier;Lorg/spongepowered/asm/mixin/injection/callback/CallbackInfo;)V has 0 override(s) in child classes
[15:40:25] [main/DEBUG] (FabricLoader/Mixin) fabric-gametest-api-v1.mixins.json:MinecraftServerMixin from mod fabric-gametest-api-v1->@Inject::tickWorlds(Ljava/util/function/BooleanSupplier;Lorg/spongepowered/asm/mixin/injection/callback/CallbackInfo;)V won't be passed a CallbackInfo as a result
[15:40:25] [main/DEBUG] (FabricLoader/Mixin) fabric-registry-sync-v0.mixins.json:MinecraftServerMixin from mod fabric-registry-sync-v0->@Inject::beforeSetupServer(Lorg/spongepowered/asm/mixin/injection/callback/CallbackInfo;)V doesn't use it's CallbackInfo
[15:40:25] [main/DEBUG] (FabricLoader/Mixin) fabric-registry-sync-v0.mixins.json:MinecraftServerMixin from mod fabric-registry-sync-v0->@Inject::beforeSetupServer(Lorg/spongepowered/asm/mixin/injection/callback/CallbackInfo;)V has 0 override(s) in child classes
[15:40:25] [main/DEBUG] (FabricLoader/Mixin) fabric-registry-sync-v0.mixins.json:MinecraftServerMixin from mod fabric-registry-sync-v0->@Inject::beforeSetupServer(Lorg/spongepowered/asm/mixin/injection/callback/CallbackInfo;)V won't be passed a CallbackInfo as a result
[15:40:25] [main/DEBUG] (FabricLoader/Mixin) fabric-lifecycle-events-v1.mixins.json:MinecraftServerMixin from mod fabric-lifecycle-events-v1->@Inject::beforeSetupServer(Lorg/spongepowered/asm/mixin/injection/callback/CallbackInfo;)V doesn't use it's CallbackInfo
[15:40:25] [main/DEBUG] (FabricLoader/Mixin) fabric-lifecycle-events-v1.mixins.json:MinecraftServerMixin from mod fabric-lifecycle-events-v1->@Inject::beforeSetupServer(Lorg/spongepowered/asm/mixin/injection/callback/CallbackInfo;)V has 0 override(s) in child classes
[15:40:25] [main/DEBUG] (FabricLoader/Mixin) fabric-lifecycle-events-v1.mixins.json:MinecraftServerMixin from mod fabric-lifecycle-events-v1->@Inject::beforeSetupServer(Lorg/spongepowered/asm/mixin/injection/callback/CallbackInfo;)V won't be passed a CallbackInfo as a result
[15:40:25] [main/DEBUG] (FabricLoader/Mixin) fabric-lifecycle-events-v1.mixins.json:MinecraftServerMixin from mod fabric-lifecycle-events-v1->@Inject::afterSetupServer(Lorg/spongepowered/asm/mixin/injection/callback/CallbackInfo;)V doesn't use it's CallbackInfo
[15:40:25] [main/DEBUG] (FabricLoader/Mixin) fabric-lifecycle-events-v1.mixins.json:MinecraftServerMixin from mod fabric-lifecycle-events-v1->@Inject::afterSetupServer(Lorg/spongepowered/asm/mixin/injection/callback/CallbackInfo;)V has 0 override(s) in child classes
[15:40:25] [main/DEBUG] (FabricLoader/Mixin) fabric-lifecycle-events-v1.mixins.json:MinecraftServerMixin from mod fabric-lifecycle-events-v1->@Inject::afterSetupServer(Lorg/spongepowered/asm/mixin/injection/callback/CallbackInfo;)V won't be passed a CallbackInfo as a result
[15:40:25] [main/DEBUG] (FabricLoader/Mixin) fabric-lifecycle-events-v1.mixins.json:MinecraftServerMixin from mod fabric-lifecycle-events-v1->@Inject::beforeShutdownServer(Lorg/spongepowered/asm/mixin/injection/callback/CallbackInfo;)V doesn't use it's CallbackInfo
[15:40:25] [main/DEBUG] (FabricLoader/Mixin) fabric-lifecycle-events-v1.mixins.json:MinecraftServerMixin from mod fabric-lifecycle-events-v1->@Inject::beforeShutdownServer(Lorg/spongepowered/asm/mixin/injection/callback/CallbackInfo;)V has 0 override(s) in child classes
[15:40:25] [main/DEBUG] (FabricLoader/Mixin) fabric-lifecycle-events-v1.mixins.json:MinecraftServerMixin from mod fabric-lifecycle-events-v1->@Inject::beforeShutdownServer(Lorg/spongepowered/asm/mixin/injection/callback/CallbackInfo;)V won't be passed a CallbackInfo as a result
[15:40:25] [main/DEBUG] (FabricLoader/Mixin) fabric-lifecycle-events-v1.mixins.json:MinecraftServerMixin from mod fabric-lifecycle-events-v1->@Inject::afterShutdownServer(Lorg/spongepowered/asm/mixin/injection/callback/CallbackInfo;)V doesn't use it's CallbackInfo
[15:40:25] [main/DEBUG] (FabricLoader/Mixin) fabric-lifecycle-events-v1.mixins.json:MinecraftServerMixin from mod fabric-lifecycle-events-v1->@Inject::afterShutdownServer(Lorg/spongepowered/asm/mixin/injection/callback/CallbackInfo;)V has 0 override(s) in child classes
[15:40:25] [main/DEBUG] (FabricLoader/Mixin) fabric-lifecycle-events-v1.mixins.json:MinecraftServerMixin from mod fabric-lifecycle-events-v1->@Inject::afterShutdownServer(Lorg/spongepowered/asm/mixin/injection/callback/CallbackInfo;)V won't be passed a CallbackInfo as a result
[15:40:25] [main/DEBUG] (FabricLoader/Mixin) fabric-lifecycle-events-v1.mixins.json:MinecraftServerMixin from mod fabric-lifecycle-events-v1->@Inject::onStartTick(Ljava/util/function/BooleanSupplier;Lorg/spongepowered/asm/mixin/injection/callback/CallbackInfo;)V doesn't use it's CallbackInfo
[15:40:25] [main/DEBUG] (FabricLoader/Mixin) fabric-lifecycle-events-v1.mixins.json:MinecraftServerMixin from mod fabric-lifecycle-events-v1->@Inject::onStartTick(Ljava/util/function/BooleanSupplier;Lorg/spongepowered/asm/mixin/injection/callback/CallbackInfo;)V has 0 override(s) in child classes
[15:40:25] [main/DEBUG] (FabricLoader/Mixin) fabric-lifecycle-events-v1.mixins.json:MinecraftServerMixin from mod fabric-lifecycle-events-v1->@Inject::onStartTick(Ljava/util/function/BooleanSupplier;Lorg/spongepowered/asm/mixin/injection/callback/CallbackInfo;)V won't be passed a CallbackInfo as a result
[15:40:25] [main/DEBUG] (FabricLoader/Mixin) fabric-lifecycle-events-v1.mixins.json:MinecraftServerMixin from mod fabric-lifecycle-events-v1->@Inject::onEndTick(Ljava/util/function/BooleanSupplier;Lorg/spongepowered/asm/mixin/injection/callback/CallbackInfo;)V doesn't use it's CallbackInfo
[15:40:25] [main/DEBUG] (FabricLoader/Mixin) fabric-lifecycle-events-v1.mixins.json:MinecraftServerMixin from mod fabric-lifecycle-events-v1->@Inject::onEndTick(Ljava/util/function/BooleanSupplier;Lorg/spongepowered/asm/mixin/injection/callback/CallbackInfo;)V has 0 override(s) in child classes
[15:40:25] [main/DEBUG] (FabricLoader/Mixin) fabric-lifecycle-events-v1.mixins.json:MinecraftServerMixin from mod fabric-lifecycle-events-v1->@Inject::onEndTick(Ljava/util/function/BooleanSupplier;Lorg/spongepowered/asm/mixin/injection/callback/CallbackInfo;)V won't be passed a CallbackInfo as a result
[15:40:25] [main/DEBUG] (FabricLoader/Mixin) fabric-lifecycle-events-v1.mixins.json:MinecraftServerMixin from mod fabric-lifecycle-events-v1->@Inject::onUnloadWorldAtShutdown(Lorg/spongepowered/asm/mixin/injection/callback/CallbackInfo;Ljava/util/Iterator;Lnet/minecraft/server/world/ServerWorld;)V doesn't use it's CallbackInfo
[15:40:25] [main/DEBUG] (FabricLoader/Mixin) fabric-lifecycle-events-v1.mixins.json:MinecraftServerMixin from mod fabric-lifecycle-events-v1->@Inject::onUnloadWorldAtShutdown(Lorg/spongepowered/asm/mixin/injection/callback/CallbackInfo;Ljava/util/Iterator;Lnet/minecraft/server/world/ServerWorld;)V has 0 override(s) in child classes
[15:40:25] [main/DEBUG] (FabricLoader/Mixin) fabric-lifecycle-events-v1.mixins.json:MinecraftServerMixin from mod fabric-lifecycle-events-v1->@Inject::onUnloadWorldAtShutdown(Lorg/spongepowered/asm/mixin/injection/callback/CallbackInfo;Ljava/util/Iterator;Lnet/minecraft/server/world/ServerWorld;)V won't be passed a CallbackInfo as a result
[15:40:25] [main/DEBUG] (FabricLoader/Mixin) fabric-lifecycle-events-v1.mixins.json:MinecraftServerMixin from mod fabric-lifecycle-events-v1->@Inject::startResourceReload(Ljava/util/Collection;Lorg/spongepowered/asm/mixin/injection/callback/CallbackInfoReturnable;)V doesn't use it's CallbackInfoReturnable
[15:40:25] [main/DEBUG] (FabricLoader/Mixin) fabric-lifecycle-events-v1.mixins.json:MinecraftServerMixin from mod fabric-lifecycle-events-v1->@Inject::startResourceReload(Ljava/util/Collection;Lorg/spongepowered/asm/mixin/injection/callback/CallbackInfoReturnable;)V has 0 override(s) in child classes
[15:40:25] [main/DEBUG] (FabricLoader/Mixin) fabric-lifecycle-events-v1.mixins.json:MinecraftServerMixin from mod fabric-lifecycle-events-v1->@Inject::startResourceReload(Ljava/util/Collection;Lorg/spongepowered/asm/mixin/injection/callback/CallbackInfoReturnable;)V won't be passed a CallbackInfoReturnable as a result
[15:40:25] [main/DEBUG] (FabricLoader/Mixin) fabric-lifecycle-events-v1.mixins.json:MinecraftServerMixin from mod fabric-lifecycle-events-v1->@Inject::endResourceReload(Ljava/util/Collection;Lorg/spongepowered/asm/mixin/injection/callback/CallbackInfoReturnable;)V does use it's CallbackInfoReturnable
[15:40:25] [main/DEBUG] (FabricLoader/Mixin) fabric-message-api-v1.mixins.json:MinecraftServerMixin from mod fabric-message-api-v1->@Inject::onGetChatDecorator(Lorg/spongepowered/asm/mixin/injection/callback/CallbackInfoReturnable;)V does use it's CallbackInfoReturnable
[15:40:25] [main/INFO] (BattleManager) [BattleManager] BattleManager has started!
[15:40:26] [main/DEBUG] (FabricLoader/Mixin) Mixing ServerLoginNetworkHandlerMixin from fabric-networking-api-v1.mixins.json into net.minecraft.server.network.ServerLoginNetworkHandler
[15:40:26] [main/DEBUG] (FabricLoader/Mixin) fabric-networking-api-v1.mixins.json:ServerLoginNetworkHandlerMixin from mod fabric-networking-api-v1: Class version 61 required is higher than the class version supported by the current version of Mixin (JAVA_16 supports class version 60)
[15:40:26] [main/DEBUG] (FabricLoader/Mixin) Mixing accessor.ServerLoginNetworkHandlerAccessor from fabric-networking-api-v1.mixins.json into net.minecraft.server.network.ServerLoginNetworkHandler
[15:40:26] [main/DEBUG] (FabricLoader/Mixin) fabric-networking-api-v1.mixins.json:accessor.ServerLoginNetworkHandlerAccessor from mod fabric-networking-api-v1: Class version 61 required is higher than the class version supported by the current version of Mixin (JAVA_16 supports class version 60)
[15:40:26] [main/DEBUG] (FabricLoader/Mixin) Mixing ServerLoginNetworkHandlerAccessor from luckperms.mixins.json into net.minecraft.server.network.ServerLoginNetworkHandler
[15:40:26] [main/DEBUG] (FabricLoader/Mixin) fabric-networking-api-v1.mixins.json:ServerLoginNetworkHandlerMixin from mod fabric-networking-api-v1->@Inject::initAddon(Lorg/spongepowered/asm/mixin/injection/callback/CallbackInfo;)V doesn't use it's CallbackInfo
[15:40:26] [main/DEBUG] (FabricLoader/Mixin) fabric-networking-api-v1.mixins.json:ServerLoginNetworkHandlerMixin from mod fabric-networking-api-v1->@Inject::initAddon(Lorg/spongepowered/asm/mixin/injection/callback/CallbackInfo;)V has 0 override(s) in child classes
[15:40:26] [main/DEBUG] (FabricLoader/Mixin) fabric-networking-api-v1.mixins.json:ServerLoginNetworkHandlerMixin from mod fabric-networking-api-v1->@Inject::initAddon(Lorg/spongepowered/asm/mixin/injection/callback/CallbackInfo;)V won't be passed a CallbackInfo as a result
[15:40:26] [main/DEBUG] (FabricLoader/Mixin) fabric-networking-api-v1.mixins.json:ServerLoginNetworkHandlerMixin from mod fabric-networking-api-v1->@Inject::handleCustomPayloadReceivedAsync(Lnet/minecraft/network/packet/c2s/login/LoginQueryResponseC2SPacket;Lorg/spongepowered/asm/mixin/injection/callback/CallbackInfo;)V does use it's CallbackInfo
[15:40:26] [main/DEBUG] (FabricLoader/Mixin) fabric-networking-api-v1.mixins.json:ServerLoginNetworkHandlerMixin from mod fabric-networking-api-v1->@Inject::handleDisconnection(Lnet/minecraft/text/Text;Lorg/spongepowered/asm/mixin/injection/callback/CallbackInfo;)V doesn't use it's CallbackInfo
[15:40:26] [main/DEBUG] (FabricLoader/Mixin) fabric-networking-api-v1.mixins.json:ServerLoginNetworkHandlerMixin from mod fabric-networking-api-v1->@Inject::handleDisconnection(Lnet/minecraft/text/Text;Lorg/spongepowered/asm/mixin/injection/callback/CallbackInfo;)V has 0 override(s) in child classes
[15:40:26] [main/DEBUG] (FabricLoader/Mixin) fabric-networking-api-v1.mixins.json:ServerLoginNetworkHandlerMixin from mod fabric-networking-api-v1->@Inject::handleDisconnection(Lnet/minecraft/text/Text;Lorg/spongepowered/asm/mixin/injection/callback/CallbackInfo;)V won't be passed a CallbackInfo as a result
[15:40:26] [main/DEBUG] (FabricLoader/Mixin) fabric-networking-api-v1.mixins.json:ServerLoginNetworkHandlerMixin from mod fabric-networking-api-v1->@Inject::handlePlayTransitionNormal(Lnet/minecraft/server/network/ServerPlayerEntity;Lorg/spongepowered/asm/mixin/injection/callback/CallbackInfo;)V doesn't use it's CallbackInfo
[15:40:26] [main/DEBUG] (FabricLoader/Mixin) fabric-networking-api-v1.mixins.json:ServerLoginNetworkHandlerMixin from mod fabric-networking-api-v1->@Inject::handlePlayTransitionNormal(Lnet/minecraft/server/network/ServerPlayerEntity;Lorg/spongepowered/asm/mixin/injection/callback/CallbackInfo;)V has 0 override(s) in child classes
[15:40:26] [main/DEBUG] (FabricLoader/Mixin) fabric-networking-api-v1.mixins.json:ServerLoginNetworkHandlerMixin from mod fabric-networking-api-v1->@Inject::handlePlayTransitionNormal(Lnet/minecraft/server/network/ServerPlayerEntity;Lorg/spongepowered/asm/mixin/injection/callback/CallbackInfo;)V won't be passed a CallbackInfo as a result
[15:40:26] [main/DEBUG] (FabricLoader/Entrypoint) Iterating over entrypoint 'server'
[15:40:26] [luckperms-worker-2/DEBUG] (FabricLoader/Knot) Adding C:\Users\fynnkunz\IdeaProjects\BattleManager\run\.\mods\luckperms\libs\caffeine-2.9.0-remapped.jar to classpath.
[15:40:26] [luckperms-worker-0/DEBUG] (FabricLoader/Knot) Adding C:\Users\fynnkunz\IdeaProjects\BattleManager\run\.\mods\luckperms\libs\adventure-4.11.0-remapped.jar to classpath.
[15:40:26] [luckperms-worker-5/DEBUG] (FabricLoader/Knot) Adding C:\Users\fynnkunz\IdeaProjects\BattleManager\run\.\mods\luckperms\libs\bytebuddy-1.10.22-remapped.jar to classpath.
[15:40:26] [luckperms-worker-4/DEBUG] (FabricLoader/Knot) Adding C:\Users\fynnkunz\IdeaProjects\BattleManager\run\.\mods\luckperms\libs\okhttp-3.14.9-remapped.jar to classpath.
[15:40:26] [luckperms-worker-3/DEBUG] (FabricLoader/Knot) Adding C:\Users\fynnkunz\IdeaProjects\BattleManager\run\.\mods\luckperms\libs\okio-1.17.5-remapped.jar to classpath.
[15:40:26] [luckperms-worker-1/DEBUG] (FabricLoader/Knot) Adding C:\Users\fynnkunz\IdeaProjects\BattleManager\run\.\mods\luckperms\libs\event-3.0.0-remapped.jar to classpath.
[15:40:26] [luckperms-worker-6/DEBUG] (FabricLoader/Knot) Adding C:\Users\fynnkunz\IdeaProjects\BattleManager\run\.\mods\luckperms\libs\configurate-core-3.7.2-remapped.jar to classpath.
[15:40:26] [luckperms-worker-8/DEBUG] (FabricLoader/Knot) Adding C:\Users\fynnkunz\IdeaProjects\BattleManager\run\.\mods\luckperms\libs\hocon-config-1.4.1-remapped.jar to classpath.
[15:40:26] [luckperms-worker-7/DEBUG] (FabricLoader/Knot) Adding C:\Users\fynnkunz\IdeaProjects\BattleManager\run\.\mods\luckperms\libs\configurate-hocon-3.7.2-remapped.jar to classpath.
[15:40:29] [main/DEBUG] (FabricLoader/Mixin) Mixing ServerCommandSourceAccessor from luckperms.mixins.json into net.minecraft.server.command.ServerCommandSource
[15:40:29] [main/DEBUG] (FabricLoader/Mixin) Mixing ServerPropertiesHandlerMixin from fabric-resource-loader-v0.mixins.json into net.minecraft.server.dedicated.ServerPropertiesHandler
[15:40:29] [main/DEBUG] (FabricLoader/Mixin) fabric-resource-loader-v0.mixins.json:ServerPropertiesHandlerMixin from mod fabric-resource-loader-v0: Class version 61 required is higher than the class version supported by the current version of Mixin (JAVA_16 supports class version 60)
[15:40:29] [main/DEBUG] (FabricLoader/Mixin) Mixing ResourcePackProfileMixin from fabric-resource-loader-v0.mixins.json into net.minecraft.resource.ResourcePackProfile
[15:40:29] [main/DEBUG] (FabricLoader/Mixin) fabric-resource-loader-v0.mixins.json:ResourcePackProfileMixin from mod fabric-resource-loader-v0: Class version 61 required is higher than the class version supported by the current version of Mixin (JAVA_16 supports class version 60)
[15:40:29] [main/DEBUG] (FabricLoader/Mixin) fabric-resource-loader-v0.mixins.json:ResourcePackProfileMixin from mod fabric-resource-loader-v0->@Inject::onCreateResourcePack(Lorg/spongepowered/asm/mixin/injection/callback/CallbackInfoReturnable;)V does use it's CallbackInfoReturnable
[15:40:29] [main/INFO] (com.mojang.authlib.yggdrasil.YggdrasilAuthenticationService) Environment: authHost='https://authserver.mojang.com', accountsHost='https://api.mojang.com', sessionHost='https://sessionserver.mojang.com', servicesHost='https://api.minecraftservices.com', name='PROD'
[15:40:29] [Yggdrasil Key Fetcher/DEBUG] (com.mojang.authlib.HttpAuthenticationService) Opening connection to https://api.minecraftservices.com/publickeys
[15:40:30] [main/DEBUG] (FabricLoader/Mixin) Mixing LevelStorageSessionMixin from fabric-registry-sync-v0.mixins.json into net.minecraft.world.level.storage.LevelStorage$Session
[15:40:30] [main/DEBUG] (FabricLoader/Mixin) fabric-registry-sync-v0.mixins.json:LevelStorageSessionMixin from mod fabric-registry-sync-v0: Class version 61 required is higher than the class version supported by the current version of Mixin (JAVA_16 supports class version 60)
[15:40:30] [main/DEBUG] (FabricLoader/Mixin) fabric-registry-sync-v0.mixins.json:LevelStorageSessionMixin from mod fabric-registry-sync-v0->@Inject::saveWorld(Lnet/minecraft/registry/DynamicRegistryManager;Lnet/minecraft/world/SaveProperties;Lnet/minecraft/nbt/NbtCompound;Lorg/spongepowered/asm/mixin/injection/callback/CallbackInfo;)V doesn't use it's CallbackInfo
[15:40:30] [main/DEBUG] (FabricLoader/Mixin) fabric-registry-sync-v0.mixins.json:LevelStorageSessionMixin from mod fabric-registry-sync-v0->@Inject::saveWorld(Lnet/minecraft/registry/DynamicRegistryManager;Lnet/minecraft/world/SaveProperties;Lnet/minecraft/nbt/NbtCompound;Lorg/spongepowered/asm/mixin/injection/callback/CallbackInfo;)V has 0 override(s) in child classes
[15:40:30] [main/DEBUG] (FabricLoader/Mixin) fabric-registry-sync-v0.mixins.json:LevelStorageSessionMixin from mod fabric-registry-sync-v0->@Inject::saveWorld(Lnet/minecraft/registry/DynamicRegistryManager;Lnet/minecraft/world/SaveProperties;Lnet/minecraft/nbt/NbtCompound;Lorg/spongepowered/asm/mixin/injection/callback/CallbackInfo;)V won't be passed a CallbackInfo as a result
[15:40:30] [main/DEBUG] (FabricLoader/Mixin) fabric-registry-sync-v0.mixins.json:LevelStorageSessionMixin from mod fabric-registry-sync-v0->@Inject::readWorldProperties(Lorg/spongepowered/asm/mixin/injection/callback/CallbackInfoReturnable;)V doesn't use it's CallbackInfoReturnable
[15:40:30] [main/DEBUG] (FabricLoader/Mixin) fabric-registry-sync-v0.mixins.json:LevelStorageSessionMixin from mod fabric-registry-sync-v0->@Inject::readWorldProperties(Lorg/spongepowered/asm/mixin/injection/callback/CallbackInfoReturnable;)V has 0 override(s) in child classes
[15:40:30] [main/DEBUG] (FabricLoader/Mixin) fabric-registry-sync-v0.mixins.json:LevelStorageSessionMixin from mod fabric-registry-sync-v0->@Inject::readWorldProperties(Lorg/spongepowered/asm/mixin/injection/callback/CallbackInfoReturnable;)V won't be passed a CallbackInfoReturnable as a result
[15:40:30] [Yggdrasil Key Fetcher/DEBUG] (com.mojang.authlib.HttpAuthenticationService) Reading data from https://api.minecraftservices.com/publickeys
[15:40:30] [main/DEBUG] (FabricLoader/Mixin) Mixing GameRulesAccessor from fabric-game-rule-api-v1.mixins.json into net.minecraft.world.GameRules
[15:40:30] [main/DEBUG] (FabricLoader/Mixin) fabric-game-rule-api-v1.mixins.json:GameRulesAccessor from mod fabric-game-rule-api-v1: Class version 61 required is higher than the class version supported by the current version of Mixin (JAVA_16 supports class version 60)
[15:40:30] [main/DEBUG] (FabricLoader/Mixin) Renaming @Invoker method callRegister(Ljava/lang/String;Lnet/minecraft/world/GameRules$Category;Lnet/minecraft/world/GameRules$Type;)Lnet/minecraft/world/GameRules$Key; to callRegister$fabric-game-rule-api-v1_$md$34f504$0 in fabric-game-rule-api-v1.mixins.json:GameRulesAccessor from mod fabric-game-rule-api-v1
[15:40:30] [main/DEBUG] (FabricLoader/Mixin) Renaming @Accessor method getRuleTypes()Ljava/util/Map; to getRuleTypes$fabric-game-rule-api-v1_$md$34f504$1 in fabric-game-rule-api-v1.mixins.json:GameRulesAccessor from mod fabric-game-rule-api-v1
[15:40:30] [main/DEBUG] (FabricLoader/Mixin) Mixing GameRulesKeyMixin from fabric-game-rule-api-v1.mixins.json into net.minecraft.world.GameRules$Key
[15:40:30] [main/DEBUG] (FabricLoader/Mixin) fabric-game-rule-api-v1.mixins.json:GameRulesKeyMixin from mod fabric-game-rule-api-v1: Class version 61 required is higher than the class version supported by the current version of Mixin (JAVA_16 supports class version 60)
[15:40:30] [main/DEBUG] (FabricLoader/Mixin) Mixing GameRulesBooleanRuleAccessor from fabric-game-rule-api-v1.mixins.json into net.minecraft.world.GameRules$BooleanRule
[15:40:30] [main/DEBUG] (FabricLoader/Mixin) fabric-game-rule-api-v1.mixins.json:GameRulesBooleanRuleAccessor from mod fabric-game-rule-api-v1: Class version 61 required is higher than the class version supported by the current version of Mixin (JAVA_16 supports class version 60)
[15:40:30] [main/DEBUG] (FabricLoader/Mixin) Renaming @Invoker method invokeCreate(ZLjava/util/function/BiConsumer;)Lnet/minecraft/world/GameRules$Type; to invokeCreate$fabric-game-rule-api-v1_$md$34f504$0 in fabric-game-rule-api-v1.mixins.json:GameRulesBooleanRuleAccessor from mod fabric-game-rule-api-v1
[15:40:31] [main/DEBUG] (FabricLoader/Mixin) Mixing GameRulesIntRuleAccessor from fabric-game-rule-api-v1.mixins.json into net.minecraft.world.GameRules$IntRule
[15:40:31] [main/DEBUG] (FabricLoader/Mixin) fabric-game-rule-api-v1.mixins.json:GameRulesIntRuleAccessor from mod fabric-game-rule-api-v1: Class version 61 required is higher than the class version supported by the current version of Mixin (JAVA_16 supports class version 60)
[15:40:31] [main/DEBUG] (FabricLoader/Mixin) Mixing ResourcePackManagerMixin from fabric-resource-loader-v0.mixins.json into net.minecraft.resource.ResourcePackManager
[15:40:31] [main/DEBUG] (FabricLoader/Mixin) fabric-resource-loader-v0.mixins.json:ResourcePackManagerMixin from mod fabric-resource-loader-v0: Class version 61 required is higher than the class version supported by the current version of Mixin (JAVA_16 supports class version 60)
[15:40:31] [main/DEBUG] (FabricLoader/Mixin) fabric-resource-loader-v0.mixins.json:ResourcePackManagerMixin from mod fabric-resource-loader-v0->@Inject::construct([Lnet/minecraft/resource/ResourcePackProvider;Lorg/spongepowered/asm/mixin/injection/callback/CallbackInfo;)V doesn't use it's CallbackInfo
[15:40:31] [main/DEBUG] (FabricLoader/Mixin) fabric-resource-loader-v0.mixins.json:ResourcePackManagerMixin from mod fabric-resource-loader-v0->@Inject::construct([Lnet/minecraft/resource/ResourcePackProvider;Lorg/spongepowered/asm/mixin/injection/callback/CallbackInfo;)V has 0 override(s) in child classes
[15:40:31] [main/DEBUG] (FabricLoader/Mixin) fabric-resource-loader-v0.mixins.json:ResourcePackManagerMixin from mod fabric-resource-loader-v0->@Inject::construct([Lnet/minecraft/resource/ResourcePackProvider;Lorg/spongepowered/asm/mixin/injection/callback/CallbackInfo;)V won't be passed a CallbackInfo as a result
[15:40:31] [main/DEBUG] (FabricLoader/Mixin) Mixing DataPackContentsMixin from fabric-lifecycle-events-v1.mixins.json into net.minecraft.server.DataPackContents
[15:40:31] [main/DEBUG] (FabricLoader/Mixin) fabric-lifecycle-events-v1.mixins.json:DataPackContentsMixin from mod fabric-lifecycle-events-v1: Class version 61 required is higher than the class version supported by the current version of Mixin (JAVA_16 supports class version 60)
[15:40:31] [main/DEBUG] (FabricLoader/Mixin) Mixing DataPackContentsMixin from fabric-resource-conditions-api-v1.mixins.json into net.minecraft.server.DataPackContents
[15:40:31] [main/DEBUG] (FabricLoader/Mixin) fabric-resource-conditions-api-v1.mixins.json:DataPackContentsMixin from mod fabric-resource-conditions-api-v1: Class version 61 required is higher than the class version supported by the current version of Mixin (JAVA_16 supports class version 60)
[15:40:31] [main/DEBUG] (FabricLoader/Mixin) fabric-lifecycle-events-v1.mixins.json:DataPackContentsMixin from mod fabric-lifecycle-events-v1->@Inject::hookRefresh(Lnet/minecraft/registry/DynamicRegistryManager;Lorg/spongepowered/asm/mixin/injection/callback/CallbackInfo;)V doesn't use it's CallbackInfo
[15:40:31] [main/DEBUG] (FabricLoader/Mixin) fabric-lifecycle-events-v1.mixins.json:DataPackContentsMixin from mod fabric-lifecycle-events-v1->@Inject::hookRefresh(Lnet/minecraft/registry/DynamicRegistryManager;Lorg/spongepowered/asm/mixin/injection/callback/CallbackInfo;)V has 0 override(s) in child classes
[15:40:31] [main/DEBUG] (FabricLoader/Mixin) fabric-lifecycle-events-v1.mixins.json:DataPackContentsMixin from mod fabric-lifecycle-events-v1->@Inject::hookRefresh(Lnet/minecraft/registry/DynamicRegistryManager;Lorg/spongepowered/asm/mixin/injection/callback/CallbackInfo;)V won't be passed a CallbackInfo as a result
[15:40:31] [main/DEBUG] (FabricLoader/Mixin) fabric-resource-conditions-api-v1.mixins.json:DataPackContentsMixin from mod fabric-resource-conditions-api-v1->@Inject::hookRefresh(Lnet/minecraft/registry/DynamicRegistryManager;Lorg/spongepowered/asm/mixin/injection/callback/CallbackInfo;)V doesn't use it's CallbackInfo
[15:40:31] [main/DEBUG] (FabricLoader/Mixin) fabric-resource-conditions-api-v1.mixins.json:DataPackContentsMixin from mod fabric-resource-conditions-api-v1->@Inject::hookRefresh(Lnet/minecraft/registry/DynamicRegistryManager;Lorg/spongepowered/asm/mixin/injection/callback/CallbackInfo;)V has 0 override(s) in child classes
[15:40:31] [main/DEBUG] (FabricLoader/Mixin) fabric-resource-conditions-api-v1.mixins.json:DataPackContentsMixin from mod fabric-resource-conditions-api-v1->@Inject::hookRefresh(Lnet/minecraft/registry/DynamicRegistryManager;Lorg/spongepowered/asm/mixin/injection/callback/CallbackInfo;)V won't be passed a CallbackInfo as a result
[15:40:31] [main/DEBUG] (FabricLoader/Mixin) fabric-resource-conditions-api-v1.mixins.json:DataPackContentsMixin from mod fabric-resource-conditions-api-v1->@Inject::hookReload(Lnet/minecraft/resource/ResourceManager;Lnet/minecraft/registry/DynamicRegistryManager$Immutable;Lnet/minecraft/resource/featuretoggle/FeatureSet;Lnet/minecraft/server/command/CommandManager$RegistrationEnvironment;ILjava/util/concurrent/Executor;Ljava/util/concurrent/Executor;Lorg/spongepowered/asm/mixin/injection/callback/CallbackInfoReturnable;)V doesn't use it's CallbackInfoReturnable
[15:40:31] [main/DEBUG] (FabricLoader/Mixin) Mixing SaveLoadingMixin from fabric-registry-sync-v0.mixins.json into net.minecraft.server.SaveLoading
[15:40:31] [main/DEBUG] (FabricLoader/Mixin) fabric-registry-sync-v0.mixins.json:SaveLoadingMixin from mod fabric-registry-sync-v0: Class version 61 required is higher than the class version supported by the current version of Mixin (JAVA_16 supports class version 60)
[15:40:31] [main/DEBUG] (FabricLoader/Mixin) Mixing ServerPlayerInteractionManagerMixin from fabric-events-interaction-v0.mixins.json into net.minecraft.server.network.ServerPlayerInteractionManager
[15:40:31] [main/DEBUG] (FabricLoader/Mixin) fabric-events-interaction-v0.mixins.json:ServerPlayerInteractionManagerMixin from mod fabric-events-interaction-v0: Class version 61 required is higher than the class version supported by the current version of Mixin (JAVA_16 supports class version 60)
[15:40:31] [main/DEBUG] (FabricLoader/Mixin) fabric-events-interaction-v0.mixins.json:ServerPlayerInteractionManagerMixin from mod fabric-events-interaction-v0->@Inject::startBlockBreak(Lnet/minecraft/util/math/BlockPos;Lnet/minecraft/network/packet/c2s/play/PlayerActionC2SPacket$Action;Lnet/minecraft/util/math/Direction;IILorg/spongepowered/asm/mixin/injection/callback/CallbackInfo;)V does use it's CallbackInfo
[15:40:31] [main/DEBUG] (FabricLoader/Mixin) fabric-events-interaction-v0.mixins.json:ServerPlayerInteractionManagerMixin from mod fabric-events-interaction-v0->@Inject::interactBlock(Lnet/minecraft/server/network/ServerPlayerEntity;Lnet/minecraft/world/World;Lnet/minecraft/item/ItemStack;Lnet/minecraft/util/Hand;Lnet/minecraft/util/hit/BlockHitResult;Lorg/spongepowered/asm/mixin/injection/callback/CallbackInfoReturnable;)V does use it's CallbackInfoReturnable
[15:40:31] [main/DEBUG] (FabricLoader/Mixin) fabric-events-interaction-v0.mixins.json:ServerPlayerInteractionManagerMixin from mod fabric-events-interaction-v0->@Inject::interactItem(Lnet/minecraft/server/network/ServerPlayerEntity;Lnet/minecraft/world/World;Lnet/minecraft/item/ItemStack;Lnet/minecraft/util/Hand;Lorg/spongepowered/asm/mixin/injection/callback/CallbackInfoReturnable;)V does use it's CallbackInfoReturnable
[15:40:31] [main/DEBUG] (FabricLoader/Mixin) fabric-events-interaction-v0.mixins.json:ServerPlayerInteractionManagerMixin from mod fabric-events-interaction-v0->@Inject::breakBlock(Lnet/minecraft/util/math/BlockPos;Lorg/spongepowered/asm/mixin/injection/callback/CallbackInfoReturnable;Lnet/minecraft/block/BlockState;Lnet/minecraft/block/entity/BlockEntity;Lnet/minecraft/block/Block;)V does use it's CallbackInfoReturnable
[15:40:31] [main/DEBUG] (FabricLoader/Mixin) fabric-events-interaction-v0.mixins.json:ServerPlayerInteractionManagerMixin from mod fabric-events-interaction-v0->@Inject::onBlockBroken(Lnet/minecraft/util/math/BlockPos;Lorg/spongepowered/asm/mixin/injection/callback/CallbackInfoReturnable;Lnet/minecraft/block/BlockState;Lnet/minecraft/block/entity/BlockEntity;Lnet/minecraft/block/Block;Z)V doesn't use it's CallbackInfoReturnable
[15:40:31] [main/DEBUG] (FabricLoader/Mixin) fabric-events-interaction-v0.mixins.json:ServerPlayerInteractionManagerMixin from mod fabric-events-interaction-v0->@Inject::onBlockBroken(Lnet/minecraft/util/math/BlockPos;Lorg/spongepowered/asm/mixin/injection/callback/CallbackInfoReturnable;Lnet/minecraft/block/BlockState;Lnet/minecraft/block/entity/BlockEntity;Lnet/minecraft/block/Block;Z)V has 0 override(s) in child classes
[15:40:31] [main/DEBUG] (FabricLoader/Mixin) fabric-events-interaction-v0.mixins.json:ServerPlayerInteractionManagerMixin from mod fabric-events-interaction-v0->@Inject::onBlockBroken(Lnet/minecraft/util/math/BlockPos;Lorg/spongepowered/asm/mixin/injection/callback/CallbackInfoReturnable;Lnet/minecraft/block/BlockState;Lnet/minecraft/block/entity/BlockEntity;Lnet/minecraft/block/Block;Z)V won't be passed a CallbackInfoReturnable as a result
[15:40:31] [main/DEBUG] (FabricLoader/Mixin) Mixing LifecycledResourceManagerImplMixin from fabric-resource-loader-v0.mixins.json into net.minecraft.resource.LifecycledResourceManagerImpl
[15:40:31] [main/DEBUG] (FabricLoader/Mixin) fabric-resource-loader-v0.mixins.json:LifecycledResourceManagerImplMixin from mod fabric-resource-loader-v0: Class version 61 required is higher than the class version supported by the current version of Mixin (JAVA_16 supports class version 60)
[15:40:31] [main/DEBUG] (FabricLoader/Mixin) fabric-resource-loader-v0.mixins.json:LifecycledResourceManagerImplMixin from mod fabric-resource-loader-v0->@Inject::init(Lnet/minecraft/resource/ResourceType;Ljava/util/List;Lorg/spongepowered/asm/mixin/injection/callback/CallbackInfo;)V doesn't use it's CallbackInfo
[15:40:31] [main/DEBUG] (FabricLoader/Mixin) fabric-resource-loader-v0.mixins.json:LifecycledResourceManagerImplMixin from mod fabric-resource-loader-v0->@Inject::init(Lnet/minecraft/resource/ResourceType;Ljava/util/List;Lorg/spongepowered/asm/mixin/injection/callback/CallbackInfo;)V has 0 override(s) in child classes
[15:40:31] [main/DEBUG] (FabricLoader/Mixin) fabric-resource-loader-v0.mixins.json:LifecycledResourceManagerImplMixin from mod fabric-resource-loader-v0->@Inject::init(Lnet/minecraft/resource/ResourceType;Ljava/util/List;Lorg/spongepowered/asm/mixin/injection/callback/CallbackInfo;)V won't be passed a CallbackInfo as a result
[15:40:31] [main/DEBUG] (FabricLoader/Mixin) Mixing NamespaceResourceManagerMixin from fabric-resource-loader-v0.mixins.json into net.minecraft.resource.NamespaceResourceManager
[15:40:31] [main/DEBUG] (FabricLoader/Mixin) fabric-resource-loader-v0.mixins.json:NamespaceResourceManagerMixin from mod fabric-resource-loader-v0: Class version 61 required is higher than the class version supported by the current version of Mixin (JAVA_16 supports class version 60)
[15:40:31] [main/DEBUG] (FabricLoader/Mixin) fabric-resource-loader-v0.mixins.json:NamespaceResourceManagerMixin from mod fabric-resource-loader-v0->@Inject::onGetAllResources(Lnet/minecraft/util/Identifier;Lorg/spongepowered/asm/mixin/injection/callback/CallbackInfoReturnable;Lnet/minecraft/util/Identifier;Ljava/util/List;)V doesn't use it's CallbackInfoReturnable
[15:40:31] [main/DEBUG] (FabricLoader/Mixin) fabric-resource-loader-v0.mixins.json:NamespaceResourceManagerMixin from mod fabric-resource-loader-v0->@Inject::onGetAllResources(Lnet/minecraft/util/Identifier;Lorg/spongepowered/asm/mixin/injection/callback/CallbackInfoReturnable;Lnet/minecraft/util/Identifier;Ljava/util/List;)V has 0 override(s) in child classes
[15:40:31] [main/DEBUG] (FabricLoader/Mixin) fabric-resource-loader-v0.mixins.json:NamespaceResourceManagerMixin from mod fabric-resource-loader-v0->@Inject::onGetAllResources(Lnet/minecraft/util/Identifier;Lorg/spongepowered/asm/mixin/injection/callback/CallbackInfoReturnable;Lnet/minecraft/util/Identifier;Ljava/util/List;)V won't be passed a CallbackInfoReturnable as a result
[15:40:31] [main/DEBUG] (FabricLoader/Mixin) Mixing modification.DynamicRegistryManagerImmutableImplMixin from fabric-biome-api-v1.mixins.json into net.minecraft.registry.DynamicRegistryManager$ImmutableImpl
[15:40:31] [main/DEBUG] (FabricLoader/Mixin) fabric-biome-api-v1.mixins.json:modification.DynamicRegistryManagerImmutableImplMixin from mod fabric-biome-api-v1: Class version 61 required is higher than the class version supported by the current version of Mixin (JAVA_16 supports class version 60)
[15:40:31] [Yggdrasil Key Fetcher/DEBUG] (com.mojang.authlib.HttpAuthenticationService) Successful read, server response was 200
[15:40:31] [Yggdrasil Key Fetcher/DEBUG] (com.mojang.authlib.HttpAuthenticationService) Response: {
  "profilePropertyKeys" : [ {
    "publicKey" : "MIICIjANBgkqhkiG9w0BAQEFAAOCAg8AMIICCgKCAgEAylB4B6m5lz7jwrcFz6Fd/fnfUhcvlxsTSn5kIK/2aGG1C3kMy4VjhwlxF6BFUSnfxhNswPjh3ZitkBxEAFY25uzkJFRwHwVA9mdwjashXILtR6OqdLXXFVyUPIURLOSWqGNBtb08EN5fMnG8iFLgEJIBMxs9BvF3s3/FhuHyPKiVTZmXY0WY4ZyYqvoKR+XjaTRPPvBsDa4WI2u1zxXMeHlodT3lnCzVvyOYBLXL6CJgByuOxccJ8hnXfF9yY4F0aeL080Jz/3+EBNG8RO4ByhtBf4Ny8NQ6stWsjfeUIvH7bU/4zCYcYOq4WrInXHqS8qruDmIl7P5XXGcabuzQstPf/h2CRAUpP/PlHXcMlvewjmGU6MfDK+lifScNYwjPxRo4nKTGFZf/0aqHCh/EAsQyLKrOIYRE0lDG3bzBh8ogIMLAugsAfBb6M3mqCqKaTMAf/VAjh5FFJnjS+7bE+bZEV0qwax1CEoPPJL1fIQjOS8zj086gjpGRCtSy9+bTPTfTR/SJ+VUB5G2IeCItkNHpJX2ygojFZ9n5Fnj7R9ZnOM+L8nyIjPu3aePvtcrXlyLhH/hvOfIOjPxOlqW+O5QwSFP4OEcyLAUgDdUgyW36Z5mB285uKW/ighzZsOTevVUG2QwDItObIV6i8RCxFbN2oDHyPaO5j1tTaBNyVt8CAwEAAQ=="
  }, {
    "publicKey" : "MIICIjANBgkqhkiG9w0BAQEFAAOCAg8AMIICCgKCAgEAra4Y2wu3rWEW7cDTDRRd4IvUD140Y12SaG3k4V3UwT/pDnnX5itOcYiZA0qf4VCpJDp2PifOL+Pr/ph/G9/6ZoIxkBeGENo+S7i9BqizJy9cmZocpyx+RkZaw9+frCGNLuYLrxziNWiXFACJSg2mHACR7+6NkGN8d/16/3PxMnvGSyLT7JKGUgqj1Q3oW7k+NLXR9sw6oRELOcnUvZVa2bcglv8vlcyPqqnBhydLfHI85Z5WnIYZviZ3Bb4dv5Fme726BGOtEY7kz40RfiwjT3xYKYKPJUS3/crPX6eugmWyrWdddKaePrW88bp17Z5NIStlJ5KJJk4coha8O+P7onDqmbHwLqPTeR51njkgZ+DJWT6fz8ku9OWQn6I/FxqN14iYIghDJijmKvEwsI7FJ5X2ttPXEvBYLmpj2j0lQQcUIqH7hkiZ+mCW0GYawJgbAeNAraM9sP+76MyAGITtAsXv1IQmah+7OeDJOToG2Kb1Dl0Va+HiP9MPpcnO7kbn6dqAyhNvRNmHnsUOiEcLhW9Rk7xz87IBV/cGKbUDgxu8cYY0P512DWt5+Jmr8W10FDFdLmkJt1taWxNxApM2CiFPCimk02koyLZDW9nqpWNw6qS/TOYPdz438qEuamtYUJ+u6WhBjK8xAJEAt5k3gDKX+nlTiG3N6se09D62fS8CAwEAAQ=="
  } ],
  "playerCertificateKeys" : [ {
    "publicKey" : "MIICIjANBgkqhkiG9w0BAQEFAAOCAg8AMIICCgKCAgEAylB4B6m5lz7jwrcFz6Fd/fnfUhcvlxsTSn5kIK/2aGG1C3kMy4VjhwlxF6BFUSnfxhNswPjh3ZitkBxEAFY25uzkJFRwHwVA9mdwjashXILtR6OqdLXXFVyUPIURLOSWqGNBtb08EN5fMnG8iFLgEJIBMxs9BvF3s3/FhuHyPKiVTZmXY0WY4ZyYqvoKR+XjaTRPPvBsDa4WI2u1zxXMeHlodT3lnCzVvyOYBLXL6CJgByuOxccJ8hnXfF9yY4F0aeL080Jz/3+EBNG8RO4ByhtBf4Ny8NQ6stWsjfeUIvH7bU/4zCYcYOq4WrInXHqS8qruDmIl7P5XXGcabuzQstPf/h2CRAUpP/PlHXcMlvewjmGU6MfDK+lifScNYwjPxRo4nKTGFZf/0aqHCh/EAsQyLKrOIYRE0lDG3bzBh8ogIMLAugsAfBb6M3mqCqKaTMAf/VAjh5FFJnjS+7bE+bZEV0qwax1CEoPPJL1fIQjOS8zj086gjpGRCtSy9+bTPTfTR/SJ+VUB5G2IeCItkNHpJX2ygojFZ9n5Fnj7R9ZnOM+L8nyIjPu3aePvtcrXlyLhH/hvOfIOjPxOlqW+O5QwSFP4OEcyLAUgDdUgyW36Z5mB285uKW/ighzZsOTevVUG2QwDItObIV6i8RCxFbN2oDHyPaO5j1tTaBNyVt8CAwEAAQ=="
  }, {
    "publicKey" : "MIICIjANBgkqhkiG9w0BAQEFAAOCAg8AMIICCgKCAgEAt4t9NPuu7cktclnaH7eZj0omkLcJHeLz5MKsyJEntHZ0INtuBjSSul3Pp3pBeJN8k3ADdcdBLUN90bcAi7WsQqTx3Ft363q3W7TbM8j2iTEdp/0uVspoRt/DP1tkaWFs/w2WwUv9jbVoBUzfUc4pSTIxRwdjmqjZQfvjwKNDbOx3IhP2H0WXodbISejPi1wBZqNW4m1rnZAXp/EpUguxA8mobCa4vUCBkyFDyXdl69/wUSJHyCPmgcMJ364OlAhIqtwVPShBZObvrK/f0BYk6ShJD3N7TFDatSYsIIdcTKRknaIm91s+EsMrdB9U4Yw+ZJ/pyCB4S3vk8zfDCnb0DWIxYH3/EMzaxl77djmTmMzi/JDITup5z3jfWtRZmrAhU2/+W5IO5hEpo3/bCS9PXIY5xb41Lmp2ZO8dXKtyD66Chchy0W129n8vPl2GIruOdrxsjZAHnneyAb9jm0uaGaphwnEnuecX/qgHY6ZMtayvLLsPst8PO6R1vufMy8WqjK+j7LnC1krL7CPDg0NEhyQTmw5l+NCNjSlvB1juM9V4PARg0bYCOkGXm7ydRCjSSH8CJXZpwnd5cBB5WKAX3KPzutRgMi/LFwNSMZzFuUyXaYOZPpD259yqph1LmGqegEdDriACVU+dVEONFMm8eIuBofe7ljmsAFKW9BINwK0CAwEAAQ=="
  } ],
  "authenticationKeys" : [ {
    "publicKey" : "MIIBIjANBgkqhkiG9w0BAQEFAAOCAQ8AMIIBCgKCAQEA4S4G8fJJw4hLRME8zM2aBqaQRqYs0TlU8N+sZl0MUgtyFw0KAXnzbOPH7yu6qbqsGYVKF/D+fUg+49PhFmxEsylvmj/yeRwdp3yFGME/BVfL06zFmAw+rGaxqubcswzIO8ByUtjQOmlnrzj4zvhNSYJmwNbTIKrKNlSHYvYZbUDRquH9yMDOKnvGAMMDGttFrM300mVznRgaTEzU9aPqMvj0YxtxUcGIQTar0TBQa7NzEAr59u5VVx5s6naS6QVBrMc6e32f38enVkNFZQT87KlCb2B6ziPmbaRzWWs4qcHsHz8BUCKplo5iu/ePtwaa5AaVT27Lnv+KzS46eyf1CwIDAQAB"
  }, {
    "publicKey" : "MIIBIjANBgkqhkiG9w0BAQEFAAOCAQ8AMIIBCgKCAQEAys5/Z+MBAOBcdnk3wKDDvsw6UUdTjSRQ+e5Ug2HJnshWunZMQDPGZvctUWpHxDZHAjaFfhpjw1pWtN/ejTpv37jZCp0yF533LfAfxiiQBWfJdKk5Wzyw7kmU8xmO984csukYFH4aTTLwZuhmMLFk3l00mMNPixgnRMuyr7aKIu/+l3wH1kCf1k74MTH4wX5fgNqFvTS3127DNVnTH9sOw+dhEViiQpTz3BFEpIUvl9T7B2rjF0CDmW9xtyNINw2EfENa7PwE0uIyNoZl/+m7yzMKef4lrE6Ch/IMzfT03Q2QvbwFlm+kzQKhSlB18Ohotrkega62fMxdn/s6Rv6oQQIDAQAB"
  } ]
}
[15:40:31] [main/DEBUG] (FabricLoader/Mixin) Mixing RegistryLoaderMixin from fabric-registry-sync-v0.mixins.json into net.minecraft.registry.RegistryLoader
[15:40:31] [main/DEBUG] (FabricLoader/Mixin) fabric-registry-sync-v0.mixins.json:RegistryLoaderMixin from mod fabric-registry-sync-v0: Class version 61 required is higher than the class version supported by the current version of Mixin (JAVA_16 supports class version 60)
[15:40:32] [main/DEBUG] (FabricLoader/Mixin) fabric-registry-sync-v0.mixins.json:RegistryLoaderMixin from mod fabric-registry-sync-v0->@Inject::beforeLoad(Lnet/minecraft/resource/ResourceManager;Lnet/minecraft/registry/DynamicRegistryManager;Ljava/util/List;Lorg/spongepowered/asm/mixin/injection/callback/CallbackInfoReturnable;Ljava/util/Map;Ljava/util/List;Lnet/minecraft/registry/RegistryOps$RegistryInfoGetter;)V doesn't use it's CallbackInfoReturnable
[15:40:32] [main/DEBUG] (FabricLoader/Mixin) fabric-registry-sync-v0.mixins.json:RegistryLoaderMixin from mod fabric-registry-sync-v0->@Inject::prependDirectoryWithNamespace(Lnet/minecraft/util/Identifier;Lorg/spongepowered/asm/mixin/injection/callback/CallbackInfoReturnable;)V does use it's CallbackInfoReturnable
[15:40:32] [main/DEBUG] (FabricLoader/Mixin) Mixing ResourceMixin from fabric-resource-loader-v0.mixins.json into net.minecraft.resource.Resource
[15:40:32] [main/DEBUG] (FabricLoader/Mixin) fabric-resource-loader-v0.mixins.json:ResourceMixin from mod fabric-resource-loader-v0: Class version 61 required is higher than the class version supported by the current version of Mixin (JAVA_16 supports class version 60)
[15:40:35] [main/DEBUG] (FabricRegistrySync) Reading registry data from .\world\data\fabricRegistry.dat
[15:40:35] [main/DEBUG] (FabricRegistrySync) Reading registry data from .\world\data\fabricRegistry.dat.1
[15:40:35] [main/DEBUG] (FabricRegistrySync) Reading registry data from .\world\data\fabricRegistry.dat.2
[15:40:35] [main/DEBUG] (FabricRegistrySync) Starting registry save
[15:40:35] [main/DEBUG] (FabricRegistrySync) Not saving registry: minecraft:command_argument_type
[15:40:35] [main/DEBUG] (FabricRegistrySync) Not saving registry: minecraft:item
[15:40:35] [main/DEBUG] (FabricRegistrySync) Not saving registry: minecraft:block_entity_type
[15:40:35] [main/DEBUG] (FabricRegistrySync) Not saving registry: minecraft:custom_stat
[15:40:35] [main/DEBUG] (FabricRegistrySync) Not saving registry: minecraft:worldgen/foliage_placer_type
[15:40:35] [main/DEBUG] (FabricRegistrySync) Not saving registry: minecraft:stat_type
[15:40:35] [main/DEBUG] (FabricRegistrySync) Not saving registry: minecraft:worldgen/material_rule
[15:40:35] [main/DEBUG] (FabricRegistrySync) Not saving registry: minecraft:worldgen/structure_type
[15:40:35] [main/DEBUG] (FabricRegistrySync) Not saving registry: minecraft:attribute
[15:40:35] [main/DEBUG] (FabricRegistrySync) Not saving registry: minecraft:position_source_type
[15:40:35] [main/DEBUG] (FabricRegistrySync) Not saving registry: minecraft:height_provider_type
[15:40:35] [main/DEBUG] (FabricRegistrySync) Not saving registry: minecraft:rule_block_entity_modifier
[15:40:35] [main/DEBUG] (FabricRegistrySync) Not saving registry: minecraft:worldgen/density_function_type
[15:40:35] [main/DEBUG] (FabricRegistrySync) Not saving registry: minecraft:fluid
[15:40:35] [main/DEBUG] (FabricRegistrySync) Not saving registry: minecraft:loot_condition_type
[15:40:35] [main/DEBUG] (FabricRegistrySync) Not saving registry: minecraft:worldgen/structure_pool_element
[15:40:35] [main/DEBUG] (FabricRegistrySync) Not saving registry: minecraft:activity
[15:40:35] [main/DEBUG] (FabricRegistrySync) Not saving registry: minecraft:recipe_serializer
[15:40:35] [main/DEBUG] (FabricRegistrySync) Not saving registry: minecraft:frog_variant
[15:40:35] [main/DEBUG] (FabricRegistrySync) Not saving registry: minecraft:banner_pattern
[15:40:35] [main/DEBUG] (FabricRegistrySync) Not saving registry: minecraft:instrument
[15:40:35] [main/DEBUG] (FabricRegistrySync) Not saving registry: minecraft:decorated_pot_patterns
[15:40:35] [main/DEBUG] (FabricRegistrySync) Not saving registry: minecraft:worldgen/feature_size_type
[15:40:35] [main/DEBUG] (FabricRegistrySync) Not saving registry: minecraft:point_of_interest_type
[15:40:35] [main/DEBUG] (FabricRegistrySync) Skipping un-modded registry: minecraft:mob_effect
[15:40:35] [main/DEBUG] (FabricRegistrySync) Not saving registry: minecraft:loot_pool_entry_type
[15:40:35] [main/DEBUG] (FabricRegistrySync) Not saving registry: minecraft:worldgen/block_state_provider_type
[15:40:35] [main/DEBUG] (FabricRegistrySync) Not saving registry: minecraft:worldgen/chunk_generator
[15:40:35] [main/DEBUG] (FabricRegistrySync) Not saving registry: minecraft:float_provider_type
[15:40:35] [main/DEBUG] (FabricRegistrySync) Not saving registry: minecraft:chunk_status
[15:40:35] [main/DEBUG] (FabricRegistrySync) Not saving registry: minecraft:enchantment
[15:40:35] [main/DEBUG] (FabricRegistrySync) Not saving registry: minecraft:loot_function_type
[15:40:35] [main/DEBUG] (FabricRegistrySync) Not saving registry: minecraft:worldgen/structure_processor
[15:40:35] [main/DEBUG] (FabricRegistrySync) Not saving registry: minecraft:loot_score_provider_type
[15:40:35] [main/DEBUG] (FabricRegistrySync) Not saving registry: minecraft:worldgen/tree_decorator_type
[15:40:35] [main/DEBUG] (FabricRegistrySync) Not saving registry: minecraft:schedule
[15:40:35] [main/DEBUG] (FabricRegistrySync) Not saving registry: minecraft:worldgen/material_condition
[15:40:35] [main/DEBUG] (FabricRegistrySync) Not saving registry: minecraft:entity_type
[15:40:35] [main/DEBUG] (FabricRegistrySync) Not saving registry: minecraft:villager_profession
[15:40:35] [main/DEBUG] (FabricRegistrySync) Not saving registry: minecraft:potion
[15:40:35] [main/DEBUG] (FabricRegistrySync) Not saving registry: minecraft:recipe_type
[15:40:35] [main/DEBUG] (FabricRegistrySync) Not saving registry: minecraft:int_provider_type
[15:40:35] [main/DEBUG] (FabricRegistrySync) Not saving registry: minecraft:worldgen/feature
[15:40:35] [main/DEBUG] (FabricRegistrySync) Not saving registry: minecraft:cat_variant
[15:40:35] [main/DEBUG] (FabricRegistrySync) Not saving registry: minecraft:pos_rule_test
[15:40:35] [main/DEBUG] (FabricRegistrySync) Not saving registry: minecraft:worldgen/structure_placement
[15:40:35] [main/DEBUG] (FabricRegistrySync) Not saving registry: minecraft:loot_nbt_provider_type
[15:40:35] [main/DEBUG] (FabricRegistrySync) Not saving registry: minecraft:menu
[15:40:35] [main/DEBUG] (FabricRegistrySync) Not saving registry: minecraft:worldgen/trunk_placer_type
[15:40:35] [main/DEBUG] (FabricRegistrySync) Not saving registry: minecraft:creative_mode_tab
[15:40:35] [main/DEBUG] (FabricRegistrySync) Not saving registry: minecraft:worldgen/placement_modifier_type
[15:40:35] [main/DEBUG] (FabricRegistrySync) Not saving registry: minecraft:worldgen/carver
[15:40:35] [main/DEBUG] (FabricRegistrySync) Not saving registry: minecraft:loot_number_provider_type
[15:40:35] [main/DEBUG] (FabricRegistrySync) Not saving registry: minecraft:worldgen/structure_piece
[15:40:35] [main/DEBUG] (FabricRegistrySync) Not saving registry: minecraft:sound_event
[15:40:35] [main/DEBUG] (FabricRegistrySync) Not saving registry: minecraft:particle_type
[15:40:35] [main/DEBUG] (FabricRegistrySync) Not saving registry: minecraft:game_event
[15:40:35] [main/DEBUG] (FabricRegistrySync) Not saving registry: minecraft:worldgen/biome_source
[15:40:35] [main/DEBUG] (FabricRegistrySync) Not saving registry: minecraft:worldgen/root_placer_type
[15:40:35] [main/DEBUG] (FabricRegistrySync) Not saving registry: minecraft:villager_type
[15:40:35] [main/DEBUG] (FabricRegistrySync) Not saving registry: minecraft:painting_variant
[15:40:35] [main/DEBUG] (FabricRegistrySync) Not saving registry: minecraft:block_predicate_type
[15:40:35] [main/DEBUG] (FabricRegistrySync) Not saving registry: minecraft:block
[15:40:35] [main/DEBUG] (FabricRegistrySync) Not saving registry: minecraft:sensor_type
[15:40:35] [main/DEBUG] (FabricRegistrySync) Not saving registry: minecraft:rule_test
[15:40:35] [main/DEBUG] (FabricRegistrySync) Not saving registry: minecraft:memory_module_type
[15:40:35] [main/DEBUG] (FabricRegistrySync) Not saving empty registry data
[15:40:35] [main/DEBUG] (FabricLoader/Mixin) Mixing KeyedResourceReloadListenerMixin from fabric-resource-loader-v0.mixins.json into net.minecraft.recipe.RecipeManager
[15:40:35] [main/DEBUG] (FabricLoader/Mixin) fabric-resource-loader-v0.mixins.json:KeyedResourceReloadListenerMixin from mod fabric-resource-loader-v0: Class version 61 required is higher than the class version supported by the current version of Mixin (JAVA_16 supports class version 60)
[15:40:35] [main/DEBUG] (FabricLoader/Mixin) Mixing JsonDataLoaderMixin from fabric-resource-conditions-api-v1.mixins.json into net.minecraft.resource.JsonDataLoader
[15:40:35] [main/DEBUG] (FabricLoader/Mixin) fabric-resource-conditions-api-v1.mixins.json:JsonDataLoaderMixin from mod fabric-resource-conditions-api-v1: Class version 61 required is higher than the class version supported by the current version of Mixin (JAVA_16 supports class version 60)
[15:40:35] [main/DEBUG] (FabricLoader/Mixin) Mixing SinglePreparationResourceReloaderMixin from fabric-resource-conditions-api-v1.mixins.json into net.minecraft.resource.SinglePreparationResourceReloader
[15:40:35] [main/DEBUG] (FabricLoader/Mixin) fabric-resource-conditions-api-v1.mixins.json:SinglePreparationResourceReloaderMixin from mod fabric-resource-conditions-api-v1: Class version 61 required is higher than the class version supported by the current version of Mixin (JAVA_16 supports class version 60)
[15:40:35] [main/DEBUG] (FabricLoader/Mixin) fabric-resource-conditions-api-v1.mixins.json:SinglePreparationResourceReloaderMixin from mod fabric-resource-conditions-api-v1->@Inject::applyResourceConditions(Lnet/minecraft/resource/ResourceManager;Lnet/minecraft/util/profiler/Profiler;Ljava/lang/Object;Lorg/spongepowered/asm/mixin/injection/callback/CallbackInfo;)V doesn't use it's CallbackInfo
[15:40:35] [main/DEBUG] (FabricLoader/Mixin) fabric-resource-conditions-api-v1.mixins.json:SinglePreparationResourceReloaderMixin from mod fabric-resource-conditions-api-v1->@Inject::applyResourceConditions(Lnet/minecraft/resource/ResourceManager;Lnet/minecraft/util/profiler/Profiler;Ljava/lang/Object;Lorg/spongepowered/asm/mixin/injection/callback/CallbackInfo;)V has 0 override(s) in child classes
[15:40:35] [main/DEBUG] (FabricLoader/Mixin) fabric-resource-conditions-api-v1.mixins.json:SinglePreparationResourceReloaderMixin from mod fabric-resource-conditions-api-v1->@Inject::applyResourceConditions(Lnet/minecraft/resource/ResourceManager;Lnet/minecraft/util/profiler/Profiler;Ljava/lang/Object;Lorg/spongepowered/asm/mixin/injection/callback/CallbackInfo;)V won't be passed a CallbackInfo as a result
[15:40:35] [main/DEBUG] (FabricLoader/Mixin) Mixing LootPoolAccessor from fabric-loot-api-v2.mixins.json into net.minecraft.loot.LootPool
[15:40:35] [main/DEBUG] (FabricLoader/Mixin) fabric-loot-api-v2.mixins.json:LootPoolAccessor from mod fabric-loot-api-v2: Class version 61 required is higher than the class version supported by the current version of Mixin (JAVA_8 supports class version 52)
[15:40:35] [main/DEBUG] (FabricLoader/Mixin) Mixing LootPoolMixin from fabric-loot-tables-v1.mixins.json into net.minecraft.loot.LootPool
[15:40:35] [main/DEBUG] (FabricLoader/Mixin) fabric-loot-tables-v1.mixins.json:LootPoolMixin from mod fabric-loot-tables-v1: Class version 61 required is higher than the class version supported by the current version of Mixin (JAVA_16 supports class version 60)
[15:40:35] [main/DEBUG] (FabricLoader/Mixin) Mixing KeyedResourceReloadListenerMixin from fabric-resource-loader-v0.mixins.json into net.minecraft.server.ServerAdvancementLoader
[15:40:35] [main/DEBUG] (FabricLoader/Mixin) fabric-resource-loader-v0.mixins.json:KeyedResourceReloadListenerMixin from mod fabric-resource-loader-v0: Class version 61 required is higher than the class version supported by the current version of Mixin (JAVA_16 supports class version 60)
[15:40:35] [main/DEBUG] (FabricLoader/Mixin) Mixing TagManagerLoaderMixin from fabric-registry-sync-v0.mixins.json into net.minecraft.registry.tag.TagManagerLoader
[15:40:35] [main/DEBUG] (FabricLoader/Mixin) fabric-registry-sync-v0.mixins.json:TagManagerLoaderMixin from mod fabric-registry-sync-v0: Class version 61 required is higher than the class version supported by the current version of Mixin (JAVA_16 supports class version 60)
[15:40:35] [main/DEBUG] (FabricLoader/Mixin) Mixing KeyedResourceReloadListenerMixin from fabric-resource-loader-v0.mixins.json into net.minecraft.registry.tag.TagManagerLoader
[15:40:35] [main/DEBUG] (FabricLoader/Mixin) fabric-resource-loader-v0.mixins.json:KeyedResourceReloadListenerMixin from mod fabric-resource-loader-v0: Class version 61 required is higher than the class version supported by the current version of Mixin (JAVA_16 supports class version 60)
[15:40:35] [main/DEBUG] (FabricLoader/Mixin) Mixing TagManagerLoaderMixin from fabric-resource-conditions-api-v1.mixins.json into net.minecraft.registry.tag.TagManagerLoader
[15:40:35] [main/DEBUG] (FabricLoader/Mixin) fabric-resource-conditions-api-v1.mixins.json:TagManagerLoaderMixin from mod fabric-resource-conditions-api-v1: Class version 61 required is higher than the class version supported by the current version of Mixin (JAVA_16 supports class version 60)
[15:40:35] [main/DEBUG] (FabricLoader/Mixin) fabric-registry-sync-v0.mixins.json:TagManagerLoaderMixin from mod fabric-registry-sync-v0->@Inject::onGetPath(Lnet/minecraft/registry/RegistryKey;Lorg/spongepowered/asm/mixin/injection/callback/CallbackInfoReturnable;)V does use it's CallbackInfoReturnable
[15:40:35] [main/DEBUG] (FabricLoader/Mixin) fabric-resource-conditions-api-v1.mixins.json:TagManagerLoaderMixin from mod fabric-resource-conditions-api-v1->@Inject::hookApply(Ljava/util/List;Ljava/lang/Void;Lorg/spongepowered/asm/mixin/injection/callback/CallbackInfo;)V doesn't use it's CallbackInfo
[15:40:35] [main/DEBUG] (FabricLoader/Mixin) fabric-resource-conditions-api-v1.mixins.json:TagManagerLoaderMixin from mod fabric-resource-conditions-api-v1->@Inject::hookApply(Ljava/util/List;Ljava/lang/Void;Lorg/spongepowered/asm/mixin/injection/callback/CallbackInfo;)V has 0 override(s) in child classes
[15:40:35] [main/DEBUG] (FabricLoader/Mixin) fabric-resource-conditions-api-v1.mixins.json:TagManagerLoaderMixin from mod fabric-resource-conditions-api-v1->@Inject::hookApply(Ljava/util/List;Ljava/lang/Void;Lorg/spongepowered/asm/mixin/injection/callback/CallbackInfo;)V won't be passed a CallbackInfo as a result
[15:40:35] [main/DEBUG] (FabricLoader/Mixin) Mixing CommandManagerMixin from fabric-gametest-api-v1.mixins.json into net.minecraft.server.command.CommandManager
[15:40:35] [main/DEBUG] (FabricLoader/Mixin) fabric-gametest-api-v1.mixins.json:CommandManagerMixin from mod fabric-gametest-api-v1: Class version 61 required is higher than the class version supported by the current version of Mixin (JAVA_16 supports class version 60)
[15:40:35] [main/DEBUG] (FabricLoader/Mixin) Mixing CommandManagerMixin from fabric-command-api-v2.mixins.json into net.minecraft.server.command.CommandManager
[15:40:35] [main/DEBUG] (FabricLoader/Mixin) fabric-command-api-v2.mixins.json:CommandManagerMixin from mod fabric-command-api-v2: Class version 61 required is higher than the class version supported by the current version of Mixin (JAVA_16 supports class version 60)
[15:40:35] [main/DEBUG] (FabricLoader/Mixin) Mixing CommandManagerMixin from luckperms.mixins.json into net.minecraft.server.command.CommandManager
[15:40:35] [main/DEBUG] (FabricLoader/Mixin) fabric-gametest-api-v1.mixins.json:CommandManagerMixin from mod fabric-gametest-api-v1->@Inject::construct(Lnet/minecraft/server/command/CommandManager$RegistrationEnvironment;Lnet/minecraft/command/CommandRegistryAccess;Lorg/spongepowered/asm/mixin/injection/callback/CallbackInfo;)V doesn't use it's CallbackInfo
[15:40:35] [main/DEBUG] (FabricLoader/Mixin) fabric-gametest-api-v1.mixins.json:CommandManagerMixin from mod fabric-gametest-api-v1->@Inject::construct(Lnet/minecraft/server/command/CommandManager$RegistrationEnvironment;Lnet/minecraft/command/CommandRegistryAccess;Lorg/spongepowered/asm/mixin/injection/callback/CallbackInfo;)V has 0 override(s) in child classes
[15:40:35] [main/DEBUG] (FabricLoader/Mixin) fabric-gametest-api-v1.mixins.json:CommandManagerMixin from mod fabric-gametest-api-v1->@Inject::construct(Lnet/minecraft/server/command/CommandManager$RegistrationEnvironment;Lnet/minecraft/command/CommandRegistryAccess;Lorg/spongepowered/asm/mixin/injection/callback/CallbackInfo;)V won't be passed a CallbackInfo as a result
[15:40:35] [main/DEBUG] (FabricLoader/Mixin) fabric-command-api-v2.mixins.json:CommandManagerMixin from mod fabric-command-api-v2->@Inject::fabric_addCommands(Lnet/minecraft/server/command/CommandManager$RegistrationEnvironment;Lnet/minecraft/command/CommandRegistryAccess;Lorg/spongepowered/asm/mixin/injection/callback/CallbackInfo;)V doesn't use it's CallbackInfo
[15:40:35] [main/DEBUG] (FabricLoader/Mixin) fabric-command-api-v2.mixins.json:CommandManagerMixin from mod fabric-command-api-v2->@Inject::fabric_addCommands(Lnet/minecraft/server/command/CommandManager$RegistrationEnvironment;Lnet/minecraft/command/CommandRegistryAccess;Lorg/spongepowered/asm/mixin/injection/callback/CallbackInfo;)V has 0 override(s) in child classes
[15:40:35] [main/DEBUG] (FabricLoader/Mixin) fabric-command-api-v2.mixins.json:CommandManagerMixin from mod fabric-command-api-v2->@Inject::fabric_addCommands(Lnet/minecraft/server/command/CommandManager$RegistrationEnvironment;Lnet/minecraft/command/CommandRegistryAccess;Lorg/spongepowered/asm/mixin/injection/callback/CallbackInfo;)V won't be passed a CallbackInfo as a result
[15:40:35] [main/DEBUG] (FabricLoader/Mixin) luckperms.mixins.json:CommandManagerMixin from mod luckperms->@Inject::commandExecuteCallback(Lcom/mojang/brigadier/ParseResults;Ljava/lang/String;Lorg/spongepowered/asm/mixin/injection/callback/CallbackInfoReturnable;)V does use it's CallbackInfoReturnable
[15:40:36] [main/DEBUG] (FabricLoader/Mixin) Mixing GameRuleCommandAccessor from fabric-game-rule-api-v1.mixins.json into net.minecraft.server.command.GameRuleCommand
[15:40:36] [main/DEBUG] (FabricLoader/Mixin) fabric-game-rule-api-v1.mixins.json:GameRuleCommandAccessor from mod fabric-game-rule-api-v1: Class version 61 required is higher than the class version supported by the current version of Mixin (JAVA_16 supports class version 60)
[15:40:36] [main/DEBUG] (FabricLoader/Mixin) Renaming @Invoker method invokeExecuteSet(Lcom/mojang/brigadier/context/CommandContext;Lnet/minecraft/world/GameRules$Key;)I to invokeExecuteSet$fabric-game-rule-api-v1_$md$34f504$0 in fabric-game-rule-api-v1.mixins.json:GameRuleCommandAccessor from mod fabric-game-rule-api-v1
[15:40:36] [main/DEBUG] (FabricLoader/Mixin) Renaming @Invoker method invokeExecuteQuery(Lnet/minecraft/server/command/ServerCommandSource;Lnet/minecraft/world/GameRules$Key;)I to invokeExecuteQuery$fabric-game-rule-api-v1_$md$34f504$1 in fabric-game-rule-api-v1.mixins.json:GameRuleCommandAccessor from mod fabric-game-rule-api-v1
[15:40:36] [main/DEBUG] (FabricLoader/Mixin) Mixing GameRuleCommandVisitorMixin from fabric-game-rule-api-v1.mixins.json into net.minecraft.server.command.GameRuleCommand$1
[15:40:36] [main/DEBUG] (FabricLoader/Mixin) fabric-game-rule-api-v1.mixins.json:GameRuleCommandVisitorMixin from mod fabric-game-rule-api-v1: Class version 61 required is higher than the class version supported by the current version of Mixin (JAVA_16 supports class version 60)
[15:40:36] [main/DEBUG] (FabricLoader/Mixin) fabric-game-rule-api-v1.mixins.json:GameRuleCommandVisitorMixin from mod fabric-game-rule-api-v1->@Inject::onRegisterCommand(Lnet/minecraft/world/GameRules$Key;Lnet/minecraft/world/GameRules$Type;Lorg/spongepowered/asm/mixin/injection/callback/CallbackInfo;)V does use it's CallbackInfo
[15:40:36] [main/DEBUG] (FabricLoader/Mixin) Mixing HelpCommandAccessor from fabric-command-api-v2.mixins.json into net.minecraft.server.command.HelpCommand
[15:40:36] [main/DEBUG] (FabricLoader/Mixin) fabric-command-api-v2.mixins.json:HelpCommandAccessor from mod fabric-command-api-v2: Class version 61 required is higher than the class version supported by the current version of Mixin (JAVA_16 supports class version 60)
[15:40:36] [main/DEBUG] (FabricLoader/Mixin) Renaming @Accessor method getFailedException()Lcom/mojang/brigadier/exceptions/SimpleCommandExceptionType; to getFailedException$fabric-command-api-v2_$md$34f504$0 in fabric-command-api-v2.mixins.json:HelpCommandAccessor from mod fabric-command-api-v2
[15:40:37] [main/DEBUG] (FabricLoader/Mixin) Mixing KeyedResourceReloadListenerMixin from fabric-resource-loader-v0.mixins.json into net.minecraft.server.function.FunctionLoader
[15:40:37] [main/DEBUG] (FabricLoader/Mixin) fabric-resource-loader-v0.mixins.json:KeyedResourceReloadListenerMixin from mod fabric-resource-loader-v0: Class version 61 required is higher than the class version supported by the current version of Mixin (JAVA_16 supports class version 60)
[15:40:37] [main/DEBUG] (FabricLoader/Mixin) Mixing SimpleResourceReloadMixin from fabric-resource-loader-v0.mixins.json into net.minecraft.resource.SimpleResourceReload
[15:40:37] [main/DEBUG] (FabricLoader/Mixin) fabric-resource-loader-v0.mixins.json:SimpleResourceReloadMixin from mod fabric-resource-loader-v0: Class version 61 required is higher than the class version supported by the current version of Mixin (JAVA_16 supports class version 60)
[15:40:37] [main/DEBUG] (FabricLoader/Mixin) fabric-resource-loader-v0.mixins.json:SimpleResourceReloadMixin from mod fabric-resource-loader-v0->@Inject::method_40087(Lnet/minecraft/resource/ResourceManager;Ljava/util/List;Ljava/util/concurrent/Executor;Ljava/util/concurrent/Executor;Ljava/util/concurrent/CompletableFuture;ZLorg/spongepowered/asm/mixin/injection/callback/CallbackInfoReturnable;)V doesn't use it's CallbackInfoReturnable
[15:40:39] [main/DEBUG] (FabricLoader/Mixin) Mixing ingredient.ShapelessRecipeMixin from fabric-recipe-api-v1.mixins.json into net.minecraft.recipe.ShapelessRecipe
[15:40:39] [main/DEBUG] (FabricLoader/Mixin) fabric-recipe-api-v1.mixins.json:ingredient.ShapelessRecipeMixin from mod fabric-recipe-api-v1->@Inject::cacheRequiresTesting(Lnet/minecraft/util/Identifier;Ljava/lang/String;Lnet/minecraft/recipe/book/CraftingRecipeCategory;Lnet/minecraft/item/ItemStack;Lnet/minecraft/util/collection/DefaultedList;Lorg/spongepowered/asm/mixin/injection/callback/CallbackInfo;)V doesn't use it's CallbackInfo
[15:40:39] [main/DEBUG] (FabricLoader/Mixin) fabric-recipe-api-v1.mixins.json:ingredient.ShapelessRecipeMixin from mod fabric-recipe-api-v1->@Inject::cacheRequiresTesting(Lnet/minecraft/util/Identifier;Ljava/lang/String;Lnet/minecraft/recipe/book/CraftingRecipeCategory;Lnet/minecraft/item/ItemStack;Lnet/minecraft/util/collection/DefaultedList;Lorg/spongepowered/asm/mixin/injection/callback/CallbackInfo;)V has 0 override(s) in child classes
[15:40:39] [main/DEBUG] (FabricLoader/Mixin) fabric-recipe-api-v1.mixins.json:ingredient.ShapelessRecipeMixin from mod fabric-recipe-api-v1->@Inject::cacheRequiresTesting(Lnet/minecraft/util/Identifier;Ljava/lang/String;Lnet/minecraft/recipe/book/CraftingRecipeCategory;Lnet/minecraft/item/ItemStack;Lnet/minecraft/util/collection/DefaultedList;Lorg/spongepowered/asm/mixin/injection/callback/CallbackInfo;)V won't be passed a CallbackInfo as a result
[15:40:39] [main/DEBUG] (FabricLoader/Mixin) fabric-recipe-api-v1.mixins.json:ingredient.ShapelessRecipeMixin from mod fabric-recipe-api-v1->@Inject::customIngredientMatch(Lnet/minecraft/inventory/RecipeInputInventory;Lnet/minecraft/world/World;Lorg/spongepowered/asm/mixin/injection/callback/CallbackInfoReturnable;)V does use it's CallbackInfoReturnable
[15:40:40] [main/INFO] (net.minecraft.recipe.RecipeManager) Loaded 7 recipes
[15:40:40] [main/DEBUG] (FabricLoader/Mixin) Mixing CriteriaAccessor from fabric-object-builder-v1.mixins.json into net.minecraft.advancement.criterion.Criteria
[15:40:40] [main/DEBUG] (FabricLoader/Mixin) fabric-object-builder-v1.mixins.json:CriteriaAccessor from mod fabric-object-builder-api-v1: Class version 61 required is higher than the class version supported by the current version of Mixin (JAVA_16 supports class version 60)
[15:40:40] [main/DEBUG] (FabricLoader/Mixin) Renaming @Invoker method callRegister(Lnet/minecraft/advancement/criterion/Criterion;)Lnet/minecraft/advancement/criterion/Criterion; to callRegister$fabric-object-builder-api-v1_$md$34f504$0 in fabric-object-builder-v1.mixins.json:CriteriaAccessor from mod fabric-object-builder-api-v1
[15:40:41] [main/INFO] (net.minecraft.advancement.AdvancementManager) Loaded 1271 advancements
[15:40:43] [main/DEBUG] (FabricRegistrySync) Starting registry save
[15:40:43] [main/DEBUG] (FabricRegistrySync) Not saving registry: minecraft:command_argument_type
[15:40:43] [main/DEBUG] (FabricRegistrySync) Not saving registry: minecraft:item
[15:40:43] [main/DEBUG] (FabricRegistrySync) Not saving registry: minecraft:block_entity_type
[15:40:43] [main/DEBUG] (FabricRegistrySync) Not saving registry: minecraft:custom_stat
[15:40:43] [main/DEBUG] (FabricRegistrySync) Not saving registry: minecraft:worldgen/foliage_placer_type
[15:40:43] [main/DEBUG] (FabricRegistrySync) Not saving registry: minecraft:stat_type
[15:40:43] [main/DEBUG] (FabricRegistrySync) Not saving registry: minecraft:worldgen/material_rule
[15:40:43] [main/DEBUG] (FabricRegistrySync) Not saving registry: minecraft:worldgen/structure_type
[15:40:43] [main/DEBUG] (FabricRegistrySync) Not saving registry: minecraft:attribute
[15:40:43] [main/DEBUG] (FabricRegistrySync) Not saving registry: minecraft:position_source_type
[15:40:43] [main/DEBUG] (FabricRegistrySync) Not saving registry: minecraft:height_provider_type
[15:40:43] [main/DEBUG] (FabricRegistrySync) Not saving registry: minecraft:rule_block_entity_modifier
[15:40:43] [main/DEBUG] (FabricRegistrySync) Not saving registry: minecraft:worldgen/density_function_type
[15:40:43] [main/DEBUG] (FabricRegistrySync) Not saving registry: minecraft:fluid
[15:40:43] [main/DEBUG] (FabricRegistrySync) Not saving registry: minecraft:loot_condition_type
[15:40:43] [main/DEBUG] (FabricRegistrySync) Not saving registry: minecraft:worldgen/structure_pool_element
[15:40:43] [main/DEBUG] (FabricRegistrySync) Not saving registry: minecraft:activity
[15:40:43] [main/DEBUG] (FabricRegistrySync) Not saving registry: minecraft:recipe_serializer
[15:40:43] [main/DEBUG] (FabricRegistrySync) Not saving registry: minecraft:frog_variant
[15:40:43] [main/DEBUG] (FabricRegistrySync) Not saving registry: minecraft:banner_pattern
[15:40:43] [main/DEBUG] (FabricRegistrySync) Not saving registry: minecraft:instrument
[15:40:43] [main/DEBUG] (FabricRegistrySync) Not saving registry: minecraft:decorated_pot_patterns
[15:40:43] [main/DEBUG] (FabricRegistrySync) Not saving registry: minecraft:worldgen/feature_size_type
[15:40:43] [main/DEBUG] (FabricRegistrySync) Not saving registry: minecraft:point_of_interest_type
[15:40:43] [main/DEBUG] (FabricRegistrySync) Skipping un-modded registry: minecraft:mob_effect
[15:40:43] [main/DEBUG] (FabricRegistrySync) Not saving registry: minecraft:loot_pool_entry_type
[15:40:43] [main/DEBUG] (FabricRegistrySync) Not saving registry: minecraft:worldgen/block_state_provider_type
[15:40:43] [main/DEBUG] (FabricRegistrySync) Not saving registry: minecraft:worldgen/chunk_generator
[15:40:43] [main/DEBUG] (FabricRegistrySync) Not saving registry: minecraft:float_provider_type
[15:40:43] [main/DEBUG] (FabricRegistrySync) Not saving registry: minecraft:chunk_status
[15:40:43] [main/DEBUG] (FabricRegistrySync) Not saving registry: minecraft:enchantment
[15:40:43] [main/DEBUG] (FabricRegistrySync) Not saving registry: minecraft:loot_function_type
[15:40:43] [main/DEBUG] (FabricRegistrySync) Not saving registry: minecraft:worldgen/structure_processor
[15:40:43] [main/DEBUG] (FabricRegistrySync) Not saving registry: minecraft:loot_score_provider_type
[15:40:43] [main/DEBUG] (FabricRegistrySync) Not saving registry: minecraft:worldgen/tree_decorator_type
[15:40:43] [main/DEBUG] (FabricRegistrySync) Not saving registry: minecraft:schedule
[15:40:43] [main/DEBUG] (FabricRegistrySync) Not saving registry: minecraft:worldgen/material_condition
[15:40:43] [main/DEBUG] (FabricRegistrySync) Not saving registry: minecraft:entity_type
[15:40:43] [main/DEBUG] (FabricRegistrySync) Not saving registry: minecraft:villager_profession
[15:40:43] [main/DEBUG] (FabricRegistrySync) Not saving registry: minecraft:potion
[15:40:43] [main/DEBUG] (FabricRegistrySync) Not saving registry: minecraft:recipe_type
[15:40:43] [main/DEBUG] (FabricRegistrySync) Not saving registry: minecraft:int_provider_type
[15:40:43] [main/DEBUG] (FabricRegistrySync) Not saving registry: minecraft:worldgen/feature
[15:40:43] [main/DEBUG] (FabricRegistrySync) Not saving registry: minecraft:cat_variant
[15:40:43] [main/DEBUG] (FabricRegistrySync) Not saving registry: minecraft:pos_rule_test
[15:40:43] [main/DEBUG] (FabricRegistrySync) Not saving registry: minecraft:worldgen/structure_placement
[15:40:43] [main/DEBUG] (FabricRegistrySync) Not saving registry: minecraft:loot_nbt_provider_type
[15:40:43] [main/DEBUG] (FabricRegistrySync) Not saving registry: minecraft:menu
[15:40:43] [main/DEBUG] (FabricRegistrySync) Not saving registry: minecraft:worldgen/trunk_placer_type
[15:40:43] [main/DEBUG] (FabricRegistrySync) Not saving registry: minecraft:creative_mode_tab
[15:40:43] [main/DEBUG] (FabricRegistrySync) Not saving registry: minecraft:worldgen/placement_modifier_type
[15:40:43] [main/DEBUG] (FabricRegistrySync) Not saving registry: minecraft:worldgen/carver
[15:40:43] [main/DEBUG] (FabricRegistrySync) Not saving registry: minecraft:loot_number_provider_type
[15:40:43] [main/DEBUG] (FabricRegistrySync) Not saving registry: minecraft:worldgen/structure_piece
[15:40:43] [main/DEBUG] (FabricRegistrySync) Not saving registry: minecraft:sound_event
[15:40:43] [main/DEBUG] (FabricRegistrySync) Not saving registry: minecraft:particle_type
[15:40:43] [main/DEBUG] (FabricRegistrySync) Not saving registry: minecraft:game_event
[15:40:43] [main/DEBUG] (FabricRegistrySync) Not saving registry: minecraft:worldgen/biome_source
[15:40:43] [main/DEBUG] (FabricRegistrySync) Not saving registry: minecraft:worldgen/root_placer_type
[15:40:43] [main/DEBUG] (FabricRegistrySync) Not saving registry: minecraft:villager_type
[15:40:43] [main/DEBUG] (FabricRegistrySync) Not saving registry: minecraft:painting_variant
[15:40:43] [main/DEBUG] (FabricRegistrySync) Not saving registry: minecraft:block_predicate_type
[15:40:43] [main/DEBUG] (FabricRegistrySync) Not saving registry: minecraft:block
[15:40:43] [main/DEBUG] (FabricRegistrySync) Not saving registry: minecraft:sensor_type
[15:40:43] [main/DEBUG] (FabricRegistrySync) Not saving registry: minecraft:rule_test
[15:40:43] [main/DEBUG] (FabricRegistrySync) Not saving registry: minecraft:memory_module_type
[15:40:43] [main/DEBUG] (FabricRegistrySync) Not saving empty registry data
[15:40:43] [main/DEBUG] (FabricLoader/Mixin) Mixing PlayerManagerMixin from fabric-entity-events-v1.mixins.json into net.minecraft.server.PlayerManager
[15:40:43] [main/DEBUG] (FabricLoader/Mixin) fabric-entity-events-v1.mixins.json:PlayerManagerMixin from mod fabric-entity-events-v1: Class version 61 required is higher than the class version supported by the current version of Mixin (JAVA_16 supports class version 60)
[15:40:43] [main/DEBUG] (FabricLoader/Mixin) Mixing PlayerManagerMixin from fabric-lifecycle-events-v1.mixins.json into net.minecraft.server.PlayerManager
[15:40:43] [main/DEBUG] (FabricLoader/Mixin) fabric-lifecycle-events-v1.mixins.json:PlayerManagerMixin from mod fabric-lifecycle-events-v1: Class version 61 required is higher than the class version supported by the current version of Mixin (JAVA_16 supports class version 60)
[15:40:43] [main/DEBUG] (FabricLoader/Mixin) Mixing PlayerManagerMixin from fabric-message-api-v1.mixins.json into net.minecraft.server.PlayerManager
[15:40:43] [main/DEBUG] (FabricLoader/Mixin) fabric-message-api-v1.mixins.json:PlayerManagerMixin from mod fabric-message-api-v1: Class version 61 required is higher than the class version supported by the current version of Mixin (JAVA_16 supports class version 60)
[15:40:43] [main/DEBUG] (FabricLoader/Mixin) Mixing PlayerManagerMixin from fabric-networking-api-v1.mixins.json into net.minecraft.server.PlayerManager
[15:40:43] [main/DEBUG] (FabricLoader/Mixin) fabric-networking-api-v1.mixins.json:PlayerManagerMixin from mod fabric-networking-api-v1: Class version 61 required is higher than the class version supported by the current version of Mixin (JAVA_16 supports class version 60)
[15:40:43] [main/DEBUG] (FabricLoader/Mixin) fabric-entity-events-v1.mixins.json:PlayerManagerMixin from mod fabric-entity-events-v1->@Inject::afterRespawn(Lnet/minecraft/server/network/ServerPlayerEntity;ZLorg/spongepowered/asm/mixin/injection/callback/CallbackInfoReturnable;)V does use it's CallbackInfoReturnable
[15:40:43] [main/DEBUG] (FabricLoader/Mixin) fabric-lifecycle-events-v1.mixins.json:PlayerManagerMixin from mod fabric-lifecycle-events-v1->@Inject::hookOnPlayerConnect(Lnet/minecraft/network/ClientConnection;Lnet/minecraft/server/network/ServerPlayerEntity;Lorg/spongepowered/asm/mixin/injection/callback/CallbackInfo;)V doesn't use it's CallbackInfo
[15:40:43] [main/DEBUG] (FabricLoader/Mixin) fabric-lifecycle-events-v1.mixins.json:PlayerManagerMixin from mod fabric-lifecycle-events-v1->@Inject::hookOnPlayerConnect(Lnet/minecraft/network/ClientConnection;Lnet/minecraft/server/network/ServerPlayerEntity;Lorg/spongepowered/asm/mixin/injection/callback/CallbackInfo;)V has 0 override(s) in child classes
[15:40:43] [main/DEBUG] (FabricLoader/Mixin) fabric-lifecycle-events-v1.mixins.json:PlayerManagerMixin from mod fabric-lifecycle-events-v1->@Inject::hookOnPlayerConnect(Lnet/minecraft/network/ClientConnection;Lnet/minecraft/server/network/ServerPlayerEntity;Lorg/spongepowered/asm/mixin/injection/callback/CallbackInfo;)V won't be passed a CallbackInfo as a result
[15:40:43] [main/DEBUG] (FabricLoader/Mixin) fabric-lifecycle-events-v1.mixins.json:PlayerManagerMixin from mod fabric-lifecycle-events-v1->@Inject::hookOnDataPacksReloaded(Lorg/spongepowered/asm/mixin/injection/callback/CallbackInfo;)V doesn't use it's CallbackInfo
[15:40:43] [main/DEBUG] (FabricLoader/Mixin) fabric-lifecycle-events-v1.mixins.json:PlayerManagerMixin from mod fabric-lifecycle-events-v1->@Inject::hookOnDataPacksReloaded(Lorg/spongepowered/asm/mixin/injection/callback/CallbackInfo;)V has 0 override(s) in child classes
[15:40:43] [main/DEBUG] (FabricLoader/Mixin) fabric-lifecycle-events-v1.mixins.json:PlayerManagerMixin from mod fabric-lifecycle-events-v1->@Inject::hookOnDataPacksReloaded(Lorg/spongepowered/asm/mixin/injection/callback/CallbackInfo;)V won't be passed a CallbackInfo as a result
[15:40:43] [main/DEBUG] (FabricLoader/Mixin) fabric-message-api-v1.mixins.json:PlayerManagerMixin from mod fabric-message-api-v1->@Inject::onSendChatMessage(Lnet/minecraft/network/message/SignedMessage;Lnet/minecraft/server/network/ServerPlayerEntity;Lnet/minecraft/network/message/MessageType$Parameters;Lorg/spongepowered/asm/mixin/injection/callback/CallbackInfo;)V does use it's CallbackInfo
[15:40:43] [main/DEBUG] (FabricLoader/Mixin) fabric-message-api-v1.mixins.json:PlayerManagerMixin from mod fabric-message-api-v1->@Inject::onSendGameMessage(Lnet/minecraft/text/Text;Ljava/util/function/Function;ZLorg/spongepowered/asm/mixin/injection/callback/CallbackInfo;)V does use it's CallbackInfo
[15:40:43] [main/DEBUG] (FabricLoader/Mixin) fabric-message-api-v1.mixins.json:PlayerManagerMixin from mod fabric-message-api-v1->@Inject::onSendCommandMessage(Lnet/minecraft/network/message/SignedMessage;Lnet/minecraft/server/command/ServerCommandSource;Lnet/minecraft/network/message/MessageType$Parameters;Lorg/spongepowered/asm/mixin/injection/callback/CallbackInfo;)V does use it's CallbackInfo
[15:40:43] [main/DEBUG] (FabricLoader/Mixin) fabric-networking-api-v1.mixins.json:PlayerManagerMixin from mod fabric-networking-api-v1->@Inject::handlePlayerConnection(Lnet/minecraft/network/ClientConnection;Lnet/minecraft/server/network/ServerPlayerEntity;Lorg/spongepowered/asm/mixin/injection/callback/CallbackInfo;)V doesn't use it's CallbackInfo
[15:40:43] [main/DEBUG] (FabricLoader/Mixin) fabric-networking-api-v1.mixins.json:PlayerManagerMixin from mod fabric-networking-api-v1->@Inject::handlePlayerConnection(Lnet/minecraft/network/ClientConnection;Lnet/minecraft/server/network/ServerPlayerEntity;Lorg/spongepowered/asm/mixin/injection/callback/CallbackInfo;)V has 0 override(s) in child classes
[15:40:43] [main/DEBUG] (FabricLoader/Mixin) fabric-networking-api-v1.mixins.json:PlayerManagerMixin from mod fabric-networking-api-v1->@Inject::handlePlayerConnection(Lnet/minecraft/network/ClientConnection;Lnet/minecraft/server/network/ServerPlayerEntity;Lorg/spongepowered/asm/mixin/injection/callback/CallbackInfo;)V won't be passed a CallbackInfo as a result
[15:40:43] [main/INFO] (net.fabricmc.fabric.impl.biome.modification.BiomeModificationImpl) Applied 0 biome modifications to 0 of 64 new biomes in 7.544 ms
[15:40:43] [Server thread/INFO] (net.minecraft.server.MinecraftServer)         __    
[15:40:43] [Server thread/INFO] (net.minecraft.server.MinecraftServer)   |    |__)   LuckPerms v5.4.88
[15:40:43] [Server thread/INFO] (net.minecraft.server.MinecraftServer)   |___ |      Running on Fabric - fabric@0.92.2+1.20.1
[15:40:43] [Server thread/INFO] (net.minecraft.server.MinecraftServer) 
[15:40:43] [Server thread/INFO] (luckperms) Loading configuration...
[15:40:45] [Server thread/INFO] (luckperms) Loading storage provider... [H2]
[15:40:46] [Server thread/INFO] (luckperms) Loading internal permission managers...
[15:40:46] [Server thread/INFO] (luckperms) Performing initial data load...
[15:40:46] [Server thread/INFO] (luckperms) Successfully enabled. (took 3348ms)
[15:40:46] [Server thread/INFO] (net.minecraft.server.dedicated.MinecraftDedicatedServer) Starting minecraft server version 1.20.1
[15:40:46] [Server thread/INFO] (net.minecraft.server.dedicated.MinecraftDedicatedServer) Loading properties
[15:40:46] [Server thread/INFO] (net.minecraft.server.dedicated.MinecraftDedicatedServer) Default game type: SURVIVAL
[15:40:46] [Server thread/INFO] (net.minecraft.server.MinecraftServer) Generating keypair
[15:40:47] [Server thread/INFO] (net.minecraft.server.dedicated.MinecraftDedicatedServer) Starting Minecraft server on *:25565
[15:40:47] [Server thread/DEBUG] (io.netty.util.internal.PlatformDependent0) -Dio.netty.noUnsafe: false
[15:40:47] [Server thread/DEBUG] (io.netty.util.internal.PlatformDependent0) Java version: 17
[15:40:47] [Server thread/DEBUG] (io.netty.util.internal.PlatformDependent0) sun.misc.Unsafe.theUnsafe: available
[15:40:47] [Server thread/DEBUG] (io.netty.util.internal.PlatformDependent0) sun.misc.Unsafe.copyMemory: available
[15:40:47] [Server thread/DEBUG] (io.netty.util.internal.PlatformDependent0) sun.misc.Unsafe.storeFence: available
[15:40:47] [Server thread/DEBUG] (io.netty.util.internal.PlatformDependent0) java.nio.Buffer.address: available
[15:40:47] [Server thread/DEBUG] (io.netty.util.internal.PlatformDependent0) direct buffer constructor: unavailable
java.lang.UnsupportedOperationException: Reflective setAccessible(true) disabled
	at io.netty.util.internal.ReflectionUtil.trySetAccessible(ReflectionUtil.java:31) ~[netty-common-4.1.82.Final.jar:?]
	at io.netty.util.internal.PlatformDependent0$5.run(PlatformDependent0.java:288) ~[netty-common-4.1.82.Final.jar:?]
	at java.security.AccessController.doPrivileged(AccessController.java:318) ~[?:?]
	at io.netty.util.internal.PlatformDependent0.<clinit>(PlatformDependent0.java:282) ~[netty-common-4.1.82.Final.jar:?]
	at io.netty.util.internal.PlatformDependent.isAndroid(PlatformDependent.java:333) ~[netty-common-4.1.82.Final.jar:?]
	at io.netty.util.internal.PlatformDependent.<clinit>(PlatformDependent.java:88) ~[netty-common-4.1.82.Final.jar:?]
	at io.netty.util.internal.ClassInitializerUtil.tryLoadClasses(ClassInitializerUtil.java:32) ~[netty-common-4.1.82.Final.jar:?]
	at io.netty.channel.epoll.Native.<clinit>(Native.java:72) ~[netty-transport-classes-epoll-4.1.82.Final.jar:?]
	at io.netty.channel.epoll.Epoll.<clinit>(Epoll.java:40) ~[netty-transport-classes-epoll-4.1.82.Final.jar:?]
	at net.minecraft.server.ServerNetworkIo.bind(ServerNetworkIo.java:73) ~[minecraft-merged-4060f3af86-1.20.1-net.fabricmc.yarn.1_20_1.1.20.1+build.10-v2.jar:?]
	at net.minecraft.server.dedicated.MinecraftDedicatedServer.setupServer(MinecraftDedicatedServer.java:139) ~[minecraft-merged-4060f3af86-1.20.1-net.fabricmc.yarn.1_20_1.1.20.1+build.10-v2.jar:?]
	at net.minecraft.server.MinecraftServer.runServer(MinecraftServer.java:646) ~[minecraft-merged-4060f3af86-1.20.1-net.fabricmc.yarn.1_20_1.1.20.1+build.10-v2.jar:?]
	at net.minecraft.server.MinecraftServer.method_29739(MinecraftServer.java:265) ~[minecraft-merged-4060f3af86-1.20.1-net.fabricmc.yarn.1_20_1.1.20.1+build.10-v2.jar:?]
	at java.lang.Thread.run(Thread.java:840) ~[?:?]
[15:40:47] [Server thread/DEBUG] (io.netty.util.internal.PlatformDependent0) java.nio.Bits.unaligned: available, true
[15:40:47] [Server thread/DEBUG] (io.netty.util.internal.PlatformDependent0) jdk.internal.misc.Unsafe.allocateUninitializedArray(int): unavailable
java.lang.IllegalAccessException: class io.netty.util.internal.PlatformDependent0$7 cannot access class jdk.internal.misc.Unsafe (in module java.base) because module java.base does not export jdk.internal.misc to unnamed module @21b2e768
	at jdk.internal.reflect.Reflection.newIllegalAccessException(Reflection.java:392) ~[?:?]
	at java.lang.reflect.AccessibleObject.checkAccess(AccessibleObject.java:674) ~[?:?]
	at java.lang.reflect.Method.invoke(Method.java:561) ~[?:?]
	at io.netty.util.internal.PlatformDependent0$7.run(PlatformDependent0.java:410) ~[netty-common-4.1.82.Final.jar:?]
	at java.security.AccessController.doPrivileged(AccessController.java:318) ~[?:?]
	at io.netty.util.internal.PlatformDependent0.<clinit>(PlatformDependent0.java:401) ~[netty-common-4.1.82.Final.jar:?]
	at io.netty.util.internal.PlatformDependent.isAndroid(PlatformDependent.java:333) ~[netty-common-4.1.82.Final.jar:?]
	at io.netty.util.internal.PlatformDependent.<clinit>(PlatformDependent.java:88) ~[netty-common-4.1.82.Final.jar:?]
	at io.netty.util.internal.ClassInitializerUtil.tryLoadClasses(ClassInitializerUtil.java:32) ~[netty-common-4.1.82.Final.jar:?]
	at io.netty.channel.epoll.Native.<clinit>(Native.java:72) ~[netty-transport-classes-epoll-4.1.82.Final.jar:?]
	at io.netty.channel.epoll.Epoll.<clinit>(Epoll.java:40) ~[netty-transport-classes-epoll-4.1.82.Final.jar:?]
	at net.minecraft.server.ServerNetworkIo.bind(ServerNetworkIo.java:73) ~[minecraft-merged-4060f3af86-1.20.1-net.fabricmc.yarn.1_20_1.1.20.1+build.10-v2.jar:?]
	at net.minecraft.server.dedicated.MinecraftDedicatedServer.setupServer(MinecraftDedicatedServer.java:139) ~[minecraft-merged-4060f3af86-1.20.1-net.fabricmc.yarn.1_20_1.1.20.1+build.10-v2.jar:?]
	at net.minecraft.server.MinecraftServer.runServer(MinecraftServer.java:646) ~[minecraft-merged-4060f3af86-1.20.1-net.fabricmc.yarn.1_20_1.1.20.1+build.10-v2.jar:?]
	at net.minecraft.server.MinecraftServer.method_29739(MinecraftServer.java:265) ~[minecraft-merged-4060f3af86-1.20.1-net.fabricmc.yarn.1_20_1.1.20.1+build.10-v2.jar:?]
	at java.lang.Thread.run(Thread.java:840) ~[?:?]
[15:40:47] [Server thread/DEBUG] (io.netty.util.internal.PlatformDependent0) java.nio.DirectByteBuffer.<init>(long, int): unavailable
[15:40:47] [Server thread/DEBUG] (io.netty.util.internal.PlatformDependent) sun.misc.Unsafe: available
[15:40:47] [Server thread/DEBUG] (io.netty.util.internal.PlatformDependent) maxDirectMemory: 4240441344 bytes (maybe)
[15:40:47] [Server thread/DEBUG] (io.netty.util.internal.PlatformDependent) -Dio.netty.tmpdir: C:\Users\fynnkunz\AppData\Local\Temp (java.io.tmpdir)
[15:40:47] [Server thread/DEBUG] (io.netty.util.internal.PlatformDependent) -Dio.netty.bitMode: 64 (sun.arch.data.model)
[15:40:47] [Server thread/DEBUG] (io.netty.util.internal.PlatformDependent) Platform: Windows
[15:40:47] [Server thread/DEBUG] (io.netty.util.internal.PlatformDependent) -Dio.netty.maxDirectMemory: -1 bytes
[15:40:47] [Server thread/DEBUG] (io.netty.util.internal.PlatformDependent) -Dio.netty.uninitializedArrayAllocationThreshold: -1
[15:40:47] [Server thread/DEBUG] (io.netty.util.internal.CleanerJava9) java.nio.ByteBuffer.cleaner(): available
[15:40:47] [Server thread/DEBUG] (io.netty.util.internal.PlatformDependent) -Dio.netty.noPreferDirect: false
[15:40:47] [Server thread/INFO] (net.minecraft.server.ServerNetworkIo) Using default channel type
[15:40:47] [Server thread/DEBUG] (FabricLoader/Mixin) Mixing ClientConnectionMixin from fabric-networking-api-v1.mixins.json into net.minecraft.network.ClientConnection
[15:40:47] [Server thread/DEBUG] (FabricLoader/Mixin) fabric-networking-api-v1.mixins.json:ClientConnectionMixin from mod fabric-networking-api-v1: Class version 61 required is higher than the class version supported by the current version of Mixin (JAVA_16 supports class version 60)
[15:40:47] [Server thread/DEBUG] (FabricLoader/Mixin) fabric-networking-api-v1.mixins.json:ClientConnectionMixin from mod fabric-networking-api-v1->@Inject::initAddedFields(Lnet/minecraft/network/NetworkSide;Lorg/spongepowered/asm/mixin/injection/callback/CallbackInfo;)V doesn't use it's CallbackInfo
[15:40:47] [Server thread/DEBUG] (FabricLoader/Mixin) fabric-networking-api-v1.mixins.json:ClientConnectionMixin from mod fabric-networking-api-v1->@Inject::initAddedFields(Lnet/minecraft/network/NetworkSide;Lorg/spongepowered/asm/mixin/injection/callback/CallbackInfo;)V has 0 override(s) in child classes
[15:40:47] [Server thread/DEBUG] (FabricLoader/Mixin) fabric-networking-api-v1.mixins.json:ClientConnectionMixin from mod fabric-networking-api-v1->@Inject::initAddedFields(Lnet/minecraft/network/NetworkSide;Lorg/spongepowered/asm/mixin/injection/callback/CallbackInfo;)V won't be passed a CallbackInfo as a result
[15:40:47] [Server thread/DEBUG] (FabricLoader/Mixin) fabric-networking-api-v1.mixins.json:ClientConnectionMixin from mod fabric-networking-api-v1->@Inject::checkPacket(Lnet/minecraft/network/packet/Packet;Lnet/minecraft/network/PacketCallbacks;Lorg/spongepowered/asm/mixin/injection/callback/CallbackInfo;)V doesn't use it's CallbackInfo
[15:40:47] [Server thread/DEBUG] (FabricLoader/Mixin) fabric-networking-api-v1.mixins.json:ClientConnectionMixin from mod fabric-networking-api-v1->@Inject::checkPacket(Lnet/minecraft/network/packet/Packet;Lnet/minecraft/network/PacketCallbacks;Lorg/spongepowered/asm/mixin/injection/callback/CallbackInfo;)V has 0 override(s) in child classes
[15:40:47] [Server thread/DEBUG] (FabricLoader/Mixin) fabric-networking-api-v1.mixins.json:ClientConnectionMixin from mod fabric-networking-api-v1->@Inject::checkPacket(Lnet/minecraft/network/packet/Packet;Lnet/minecraft/network/PacketCallbacks;Lorg/spongepowered/asm/mixin/injection/callback/CallbackInfo;)V won't be passed a CallbackInfo as a result
[15:40:47] [Server thread/DEBUG] (FabricLoader/Mixin) fabric-networking-api-v1.mixins.json:ClientConnectionMixin from mod fabric-networking-api-v1->@Inject::checkPacket(Lnet/minecraft/network/packet/Packet;Lnet/minecraft/network/PacketCallbacks;Lorg/spongepowered/asm/mixin/injection/callback/CallbackInfo;)V doesn't use it's CallbackInfo
[15:40:47] [Server thread/DEBUG] (FabricLoader/Mixin) fabric-networking-api-v1.mixins.json:ClientConnectionMixin from mod fabric-networking-api-v1->@Inject::checkPacket(Lnet/minecraft/network/packet/Packet;Lnet/minecraft/network/PacketCallbacks;Lorg/spongepowered/asm/mixin/injection/callback/CallbackInfo;)V has 0 override(s) in child classes
[15:40:47] [Server thread/DEBUG] (FabricLoader/Mixin) fabric-networking-api-v1.mixins.json:ClientConnectionMixin from mod fabric-networking-api-v1->@Inject::checkPacket(Lnet/minecraft/network/packet/Packet;Lnet/minecraft/network/PacketCallbacks;Lorg/spongepowered/asm/mixin/injection/callback/CallbackInfo;)V won't be passed a CallbackInfo as a result
[15:40:47] [Server thread/DEBUG] (FabricLoader/Mixin) fabric-networking-api-v1.mixins.json:ClientConnectionMixin from mod fabric-networking-api-v1->@Inject::handleDisconnect(Lio/netty/channel/ChannelHandlerContext;Lorg/spongepowered/asm/mixin/injection/callback/CallbackInfo;)V doesn't use it's CallbackInfo
[15:40:47] [Server thread/DEBUG] (FabricLoader/Mixin) fabric-networking-api-v1.mixins.json:ClientConnectionMixin from mod fabric-networking-api-v1->@Inject::handleDisconnect(Lio/netty/channel/ChannelHandlerContext;Lorg/spongepowered/asm/mixin/injection/callback/CallbackInfo;)V has 0 override(s) in child classes
[15:40:47] [Server thread/DEBUG] (FabricLoader/Mixin) fabric-networking-api-v1.mixins.json:ClientConnectionMixin from mod fabric-networking-api-v1->@Inject::handleDisconnect(Lio/netty/channel/ChannelHandlerContext;Lorg/spongepowered/asm/mixin/injection/callback/CallbackInfo;)V won't be passed a CallbackInfo as a result
[15:40:47] [Server thread/DEBUG] (FabricLoader/Mixin) fabric-networking-api-v1.mixins.json:ClientConnectionMixin from mod fabric-networking-api-v1->@Inject::sendInternal(Lnet/minecraft/network/packet/Packet;Lnet/minecraft/network/PacketCallbacks;Lnet/minecraft/network/NetworkState;Lnet/minecraft/network/NetworkState;Lorg/spongepowered/asm/mixin/injection/callback/CallbackInfo;Lio/netty/channel/ChannelFuture;)V does use it's CallbackInfo
[15:40:48] [Server thread/DEBUG] (io.netty.channel.MultithreadEventLoopGroup) -Dio.netty.eventLoopThreads: 16
[15:40:48] [Server thread/DEBUG] (io.netty.util.internal.InternalThreadLocalMap) -Dio.netty.threadLocalMap.stringBuilder.initialSize: 1024
[15:40:48] [Server thread/DEBUG] (io.netty.util.internal.InternalThreadLocalMap) -Dio.netty.threadLocalMap.stringBuilder.maxSize: 4096
[15:40:48] [Server thread/DEBUG] (io.netty.channel.nio.NioEventLoop) -Dio.netty.noKeySetOptimization: false
[15:40:48] [Server thread/DEBUG] (io.netty.channel.nio.NioEventLoop) -Dio.netty.selectorAutoRebuildThreshold: 512
[15:40:48] [Server thread/DEBUG] (io.netty.util.internal.PlatformDependent) org.jctools-core.MpscChunkedArrayQueue: available
[15:40:48] [Server thread/DEBUG] (io.netty.channel.DefaultChannelId) -Dio.netty.processId: 15428 (auto-detected)
[15:40:48] [Server thread/DEBUG] (io.netty.util.NetUtil) -Djava.net.preferIPv4Stack: false
[15:40:48] [Server thread/DEBUG] (io.netty.util.NetUtil) -Djava.net.preferIPv6Addresses: false
[15:40:48] [Server thread/DEBUG] (io.netty.util.NetUtilInitializations) Loopback interface: lo (Software Loopback Interface 1, 127.0.0.1)
[15:40:48] [Server thread/DEBUG] (io.netty.util.NetUtil) Failed to get SOMAXCONN from sysctl and file \proc\sys\net\core\somaxconn. Default: 200
[15:40:48] [Server thread/DEBUG] (io.netty.channel.DefaultChannelId) -Dio.netty.machineId: 20:4e:f6:ff:fe:47:11:19 (auto-detected)
[15:40:49] [Server thread/DEBUG] (io.netty.buffer.PooledByteBufAllocator) -Dio.netty.allocator.numHeapArenas: 16
[15:40:49] [Server thread/DEBUG] (io.netty.buffer.PooledByteBufAllocator) -Dio.netty.allocator.numDirectArenas: 16
[15:40:49] [Server thread/DEBUG] (io.netty.buffer.PooledByteBufAllocator) -Dio.netty.allocator.pageSize: 8192
[15:40:49] [Server thread/DEBUG] (io.netty.buffer.PooledByteBufAllocator) -Dio.netty.allocator.maxOrder: 9
[15:40:49] [Server thread/DEBUG] (io.netty.buffer.PooledByteBufAllocator) -Dio.netty.allocator.chunkSize: 4194304
[15:40:49] [Server thread/DEBUG] (io.netty.buffer.PooledByteBufAllocator) -Dio.netty.allocator.smallCacheSize: 256
[15:40:49] [Server thread/DEBUG] (io.netty.buffer.PooledByteBufAllocator) -Dio.netty.allocator.normalCacheSize: 64
[15:40:49] [Server thread/DEBUG] (io.netty.buffer.PooledByteBufAllocator) -Dio.netty.allocator.maxCachedBufferCapacity: 32768
[15:40:49] [Server thread/DEBUG] (io.netty.buffer.PooledByteBufAllocator) -Dio.netty.allocator.cacheTrimInterval: 8192
[15:40:49] [Server thread/DEBUG] (io.netty.buffer.PooledByteBufAllocator) -Dio.netty.allocator.cacheTrimIntervalMillis: 0
[15:40:49] [Server thread/DEBUG] (io.netty.buffer.PooledByteBufAllocator) -Dio.netty.allocator.useCacheForAllThreads: false
[15:40:49] [Server thread/DEBUG] (io.netty.buffer.PooledByteBufAllocator) -Dio.netty.allocator.maxCachedByteBuffersPerChunk: 1023
[15:40:49] [Server thread/DEBUG] (io.netty.buffer.ByteBufUtil) -Dio.netty.allocator.type: pooled
[15:40:49] [Server thread/DEBUG] (io.netty.buffer.ByteBufUtil) -Dio.netty.threadLocalDirectBufferSize: 0
[15:40:49] [Server thread/DEBUG] (io.netty.buffer.ByteBufUtil) -Dio.netty.maxThreadLocalCharBufferSize: 16384
[15:40:49] [Server thread/DEBUG] (FabricLoader/Mixin) Mixing SerializableRegistriesMixin from fabric-registry-sync-v0.mixins.json into net.minecraft.registry.SerializableRegistries
[15:40:49] [Server thread/DEBUG] (FabricLoader/Mixin) fabric-registry-sync-v0.mixins.json:SerializableRegistriesMixin from mod fabric-registry-sync-v0: Class version 61 required is higher than the class version supported by the current version of Mixin (JAVA_16 supports class version 60)
[15:40:49] [Server thread/DEBUG] (FabricLoader/Mixin) Renaming synthetic method lambda$filterNonSyncedEntries$0(Lnet/minecraft/registry/DynamicRegistryManager$Entry;)Z to md34f504$fabric-registry-sync-v0$lambda$filterNonSyncedEntries$0$0 in fabric-registry-sync-v0.mixins.json:SerializableRegistriesMixin from mod fabric-registry-sync-v0
[15:40:49] [Server thread/INFO] (net.minecraft.server.dedicated.MinecraftDedicatedServer) Preparing level "world"
[15:40:50] [Server thread/DEBUG] (FabricLoader/Mixin) Mixing ServerWorldServerEntityHandlerMixin from fabric-lifecycle-events-v1.mixins.json into net.minecraft.server.world.ServerWorld$ServerEntityHandler
[15:40:50] [Server thread/DEBUG] (FabricLoader/Mixin) fabric-lifecycle-events-v1.mixins.json:ServerWorldServerEntityHandlerMixin from mod fabric-lifecycle-events-v1: Class version 61 required is higher than the class version supported by the current version of Mixin (JAVA_16 supports class version 60)
[15:40:50] [Server thread/DEBUG] (FabricLoader/Mixin) fabric-lifecycle-events-v1.mixins.json:ServerWorldServerEntityHandlerMixin from mod fabric-lifecycle-events-v1->@Inject::invokeEntityLoadEvent(Lnet/minecraft/entity/Entity;Lorg/spongepowered/asm/mixin/injection/callback/CallbackInfo;)V doesn't use it's CallbackInfo
[15:40:50] [Server thread/DEBUG] (FabricLoader/Mixin) fabric-lifecycle-events-v1.mixins.json:ServerWorldServerEntityHandlerMixin from mod fabric-lifecycle-events-v1->@Inject::invokeEntityUnloadEvent(Lnet/minecraft/entity/Entity;Lorg/spongepowered/asm/mixin/injection/callback/CallbackInfo;)V doesn't use it's CallbackInfo
[15:40:50] [Server thread/DEBUG] (FabricLoader/Mixin) Mixing ThreadedAnvilChunkStorageMixin from fabric-lifecycle-events-v1.mixins.json into net.minecraft.server.world.ThreadedAnvilChunkStorage
[15:40:50] [Server thread/DEBUG] (FabricLoader/Mixin) fabric-lifecycle-events-v1.mixins.json:ThreadedAnvilChunkStorageMixin from mod fabric-lifecycle-events-v1: Class version 61 required is higher than the class version supported by the current version of Mixin (JAVA_16 supports class version 60)
[15:40:50] [Server thread/DEBUG] (FabricLoader/Mixin) Mixing accessor.ThreadedAnvilChunkStorageAccessor from fabric-networking-api-v1.mixins.json into net.minecraft.server.world.ThreadedAnvilChunkStorage
[15:40:50] [Server thread/DEBUG] (FabricLoader/Mixin) fabric-networking-api-v1.mixins.json:accessor.ThreadedAnvilChunkStorageAccessor from mod fabric-networking-api-v1: Class version 61 required is higher than the class version supported by the current version of Mixin (JAVA_16 supports class version 60)
[15:40:50] [Server thread/DEBUG] (FabricLoader/Mixin) fabric-lifecycle-events-v1.mixins.json:ThreadedAnvilChunkStorageMixin from mod fabric-lifecycle-events-v1->@Inject::onChunkUnload(Lnet/minecraft/server/world/ChunkHolder;Ljava/util/concurrent/CompletableFuture;JLnet/minecraft/world/chunk/Chunk;Lorg/spongepowered/asm/mixin/injection/callback/CallbackInfo;)V doesn't use it's CallbackInfo
[15:40:50] [Server thread/DEBUG] (FabricLoader/Mixin) fabric-lifecycle-events-v1.mixins.json:ThreadedAnvilChunkStorageMixin from mod fabric-lifecycle-events-v1->@Inject::onChunkUnload(Lnet/minecraft/server/world/ChunkHolder;Ljava/util/concurrent/CompletableFuture;JLnet/minecraft/world/chunk/Chunk;Lorg/spongepowered/asm/mixin/injection/callback/CallbackInfo;)V has 0 override(s) in child classes
[15:40:50] [Server thread/DEBUG] (FabricLoader/Mixin) fabric-lifecycle-events-v1.mixins.json:ThreadedAnvilChunkStorageMixin from mod fabric-lifecycle-events-v1->@Inject::onChunkUnload(Lnet/minecraft/server/world/ChunkHolder;Ljava/util/concurrent/CompletableFuture;JLnet/minecraft/world/chunk/Chunk;Lorg/spongepowered/asm/mixin/injection/callback/CallbackInfo;)V won't be passed a CallbackInfo as a result
[15:40:50] [Server thread/DEBUG] (FabricLoader/Mixin) fabric-lifecycle-events-v1.mixins.json:ThreadedAnvilChunkStorageMixin from mod fabric-lifecycle-events-v1->@Inject::onChunkLoad(Lnet/minecraft/server/world/ChunkHolder;Lnet/minecraft/world/chunk/Chunk;Lorg/spongepowered/asm/mixin/injection/callback/CallbackInfoReturnable;)V does use it's CallbackInfoReturnable
[15:40:50] [Server thread/DEBUG] (FabricLoader/Mixin) Mixing NoiseConfigMixin from fabric-biome-api-v1.mixins.json into net.minecraft.world.gen.noise.NoiseConfig
[15:40:50] [Server thread/DEBUG] (FabricLoader/Mixin) fabric-biome-api-v1.mixins.json:NoiseConfigMixin from mod fabric-biome-api-v1: Class version 61 required is higher than the class version supported by the current version of Mixin (JAVA_16 supports class version 60)
[15:40:50] [Server thread/DEBUG] (FabricLoader/Mixin) fabric-biome-api-v1.mixins.json:NoiseConfigMixin from mod fabric-biome-api-v1->@Inject::init(Lnet/minecraft/world/gen/chunk/ChunkGeneratorSettings;Lnet/minecraft/registry/RegistryEntryLookup;JLorg/spongepowered/asm/mixin/injection/callback/CallbackInfo;)V doesn't use it's CallbackInfo
[15:40:51] [Server thread/DEBUG] (FabricLoader/Mixin) Mixing MultiNoiseUtilMultiNoiseSamplerMixin from fabric-biome-api-v1.mixins.json into net.minecraft.world.biome.source.util.MultiNoiseUtil$MultiNoiseSampler
[15:40:51] [Server thread/DEBUG] (FabricLoader/Mixin) fabric-biome-api-v1.mixins.json:MultiNoiseUtilMultiNoiseSamplerMixin from mod fabric-biome-api-v1: Class version 61 required is higher than the class version supported by the current version of Mixin (JAVA_16 supports class version 60)
[15:41:00] [Server thread/INFO] (net.minecraft.server.MinecraftServer) Preparing start region for dimension minecraft:overworld
[15:41:05] [Server thread/DEBUG] (FabricLoader/Mixin) Mixing ChunkSerializerMixin from fabric-registry-sync-v0.mixins.json into net.minecraft.world.ChunkSerializer
[15:41:05] [Server thread/DEBUG] (FabricLoader/Mixin) fabric-registry-sync-v0.mixins.json:ChunkSerializerMixin from mod fabric-registry-sync-v0: Class version 61 required is higher than the class version supported by the current version of Mixin (JAVA_16 supports class version 60)
[15:41:05] [Server thread/DEBUG] (FabricLoader/Mixin) Mixing ChunkSerializerMixin from fabric-data-attachment-api-v1.mixins.json into net.minecraft.world.ChunkSerializer
[15:41:05] [Server thread/DEBUG] (FabricLoader/Mixin) fabric-data-attachment-api-v1.mixins.json:ChunkSerializerMixin from mod fabric-data-attachment-api-v1->@Inject::writeChunkAttachments(Lnet/minecraft/server/world/ServerWorld;Lnet/minecraft/world/chunk/Chunk;Lorg/spongepowered/asm/mixin/injection/callback/CallbackInfoReturnable;)V does use it's CallbackInfoReturnable
[15:41:05] [Server thread/DEBUG] (FabricLoader/Mixin) Mixing WrapperProtoChunkMixin from fabric-data-attachment-api-v1.mixins.json into net.minecraft.world.chunk.WrapperProtoChunk
[15:41:12] [Worker-Main-5/INFO] (net.minecraft.server.WorldGenerationProgressLogger) Preparing spawn area: 0%
[15:41:12] [Worker-Main-2/INFO] (net.minecraft.server.WorldGenerationProgressLogger) Preparing spawn area: 0%
[15:41:12] [Worker-Main-2/INFO] (net.minecraft.server.WorldGenerationProgressLogger) Preparing spawn area: 0%
[15:41:12] [Worker-Main-2/INFO] (net.minecraft.server.WorldGenerationProgressLogger) Preparing spawn area: 0%
[15:41:12] [Worker-Main-2/INFO] (net.minecraft.server.WorldGenerationProgressLogger) Preparing spawn area: 0%
[15:41:12] [Worker-Main-2/INFO] (net.minecraft.server.WorldGenerationProgressLogger) Preparing spawn area: 0%
[15:41:12] [Worker-Main-2/INFO] (net.minecraft.server.WorldGenerationProgressLogger) Preparing spawn area: 0%
[15:41:12] [Worker-Main-2/INFO] (net.minecraft.server.WorldGenerationProgressLogger) Preparing spawn area: 0%
[15:41:12] [Worker-Main-2/INFO] (net.minecraft.server.WorldGenerationProgressLogger) Preparing spawn area: 0%
[15:41:12] [Worker-Main-5/INFO] (net.minecraft.server.WorldGenerationProgressLogger) Preparing spawn area: 0%
[15:41:12] [Worker-Main-1/INFO] (net.minecraft.server.WorldGenerationProgressLogger) Preparing spawn area: 0%
[15:41:12] [Worker-Main-2/INFO] (net.minecraft.server.WorldGenerationProgressLogger) Preparing spawn area: 0%
[15:41:12] [Worker-Main-5/INFO] (net.minecraft.server.WorldGenerationProgressLogger) Preparing spawn area: 0%
[15:41:12] [Worker-Main-1/INFO] (net.minecraft.server.WorldGenerationProgressLogger) Preparing spawn area: 0%
[15:41:12] [Worker-Main-2/INFO] (net.minecraft.server.WorldGenerationProgressLogger) Preparing spawn area: 0%
[15:41:12] [Worker-Main-5/INFO] (net.minecraft.server.WorldGenerationProgressLogger) Preparing spawn area: 0%
[15:41:12] [Worker-Main-5/INFO] (net.minecraft.server.WorldGenerationProgressLogger) Preparing spawn area: 0%
[15:41:12] [Worker-Main-5/INFO] (net.minecraft.server.WorldGenerationProgressLogger) Preparing spawn area: 0%
[15:41:12] [Worker-Main-5/INFO] (net.minecraft.server.WorldGenerationProgressLogger) Preparing spawn area: 0%
[15:41:12] [Worker-Main-5/INFO] (net.minecraft.server.WorldGenerationProgressLogger) Preparing spawn area: 0%
[15:41:12] [Worker-Main-5/INFO] (net.minecraft.server.WorldGenerationProgressLogger) Preparing spawn area: 0%
[15:41:12] [Worker-Main-5/INFO] (net.minecraft.server.WorldGenerationProgressLogger) Preparing spawn area: 0%
[15:41:12] [Worker-Main-5/INFO] (net.minecraft.server.WorldGenerationProgressLogger) Preparing spawn area: 0%
[15:41:12] [Worker-Main-6/INFO] (net.minecraft.server.WorldGenerationProgressLogger) Preparing spawn area: 0%
[15:41:12] [Worker-Main-3/INFO] (net.minecraft.server.WorldGenerationProgressLogger) Preparing spawn area: 0%
[15:41:13] [Worker-Main-4/INFO] (net.minecraft.server.WorldGenerationProgressLogger) Preparing spawn area: 4%
[15:41:13] [Worker-Main-4/DEBUG] (FabricLoader/Mixin) Mixing ChunkNoiseSamplerMixin from fabric-biome-api-v1.mixins.json into net.minecraft.world.gen.chunk.ChunkNoiseSampler
[15:41:13] [Worker-Main-4/DEBUG] (FabricLoader/Mixin) fabric-biome-api-v1.mixins.json:ChunkNoiseSamplerMixin from mod fabric-biome-api-v1: Class version 61 required is higher than the class version supported by the current version of Mixin (JAVA_16 supports class version 60)
[15:41:13] [Worker-Main-4/DEBUG] (FabricLoader/Mixin) fabric-biome-api-v1.mixins.json:ChunkNoiseSamplerMixin from mod fabric-biome-api-v1->@Inject::init(ILnet/minecraft/world/gen/noise/NoiseConfig;IILnet/minecraft/world/gen/chunk/GenerationShapeConfig;Lnet/minecraft/world/gen/densityfunction/DensityFunctionTypes$Beardifying;Lnet/minecraft/world/gen/chunk/ChunkGeneratorSettings;Lnet/minecraft/world/gen/chunk/AquiferSampler$FluidLevelSampler;Lnet/minecraft/world/gen/chunk/Blender;Lorg/spongepowered/asm/mixin/injection/callback/CallbackInfo;)V doesn't use it's CallbackInfo
[15:41:13] [Worker-Main-4/DEBUG] (FabricLoader/Mixin) fabric-biome-api-v1.mixins.json:ChunkNoiseSamplerMixin from mod fabric-biome-api-v1->@Inject::init(ILnet/minecraft/world/gen/noise/NoiseConfig;IILnet/minecraft/world/gen/chunk/GenerationShapeConfig;Lnet/minecraft/world/gen/densityfunction/DensityFunctionTypes$Beardifying;Lnet/minecraft/world/gen/chunk/ChunkGeneratorSettings;Lnet/minecraft/world/gen/chunk/AquiferSampler$FluidLevelSampler;Lnet/minecraft/world/gen/chunk/Blender;Lorg/spongepowered/asm/mixin/injection/callback/CallbackInfo;)V has 0 override(s) in child classes
[15:41:13] [Worker-Main-4/DEBUG] (FabricLoader/Mixin) fabric-biome-api-v1.mixins.json:ChunkNoiseSamplerMixin from mod fabric-biome-api-v1->@Inject::init(ILnet/minecraft/world/gen/noise/NoiseConfig;IILnet/minecraft/world/gen/chunk/GenerationShapeConfig;Lnet/minecraft/world/gen/densityfunction/DensityFunctionTypes$Beardifying;Lnet/minecraft/world/gen/chunk/ChunkGeneratorSettings;Lnet/minecraft/world/gen/chunk/AquiferSampler$FluidLevelSampler;Lnet/minecraft/world/gen/chunk/Blender;Lorg/spongepowered/asm/mixin/injection/callback/CallbackInfo;)V won't be passed a CallbackInfo as a result
[15:41:13] [Worker-Main-4/DEBUG] (FabricLoader/Mixin) fabric-biome-api-v1.mixins.json:ChunkNoiseSamplerMixin from mod fabric-biome-api-v1->@Inject::createMultiNoiseSampler(Lnet/minecraft/world/gen/noise/NoiseRouter;Ljava/util/List;Lorg/spongepowered/asm/mixin/injection/callback/CallbackInfoReturnable;)V does use it's CallbackInfoReturnable
[15:41:14] [Worker-Main-4/INFO] (net.minecraft.server.WorldGenerationProgressLogger) Preparing spawn area: 4%
[15:41:14] [Server thread/DEBUG] (FabricLoader/Mixin) Mixing LandPathNodeMakerMixin from fabric-content-registries-v0.mixins.json into net.minecraft.entity.ai.pathing.LandPathNodeMaker
[15:41:14] [Server thread/DEBUG] (FabricLoader/Mixin) fabric-content-registries-v0.mixins.json:LandPathNodeMakerMixin from mod fabric-content-registries-v0: Class version 61 required is higher than the class version supported by the current version of Mixin (JAVA_16 supports class version 60)
[15:41:14] [Server thread/DEBUG] (FabricLoader/Mixin) fabric-content-registries-v0.mixins.json:LandPathNodeMakerMixin from mod fabric-content-registries-v0->@Inject::getCommonNodeType(Lnet/minecraft/world/BlockView;Lnet/minecraft/util/math/BlockPos;Lorg/spongepowered/asm/mixin/injection/callback/CallbackInfoReturnable;Lnet/minecraft/block/BlockState;)V does use it's CallbackInfoReturnable
[15:41:14] [Server thread/DEBUG] (FabricLoader/Mixin) fabric-content-registries-v0.mixins.json:LandPathNodeMakerMixin from mod fabric-content-registries-v0->@Inject::getNodeTypeFromNeighbors(Lnet/minecraft/world/BlockView;Lnet/minecraft/util/math/BlockPos$Mutable;Lnet/minecraft/entity/ai/pathing/PathNodeType;Lorg/spongepowered/asm/mixin/injection/callback/CallbackInfoReturnable;IIIIIILnet/minecraft/block/BlockState;)V does use it's CallbackInfoReturnable
[15:41:14] [Worker-Main-3/INFO] (net.minecraft.server.WorldGenerationProgressLogger) Preparing spawn area: 6%
[15:41:15] [Worker-Main-7/INFO] (net.minecraft.server.WorldGenerationProgressLogger) Preparing spawn area: 22%
[15:41:15] [Worker-Main-1/INFO] (net.minecraft.server.WorldGenerationProgressLogger) Preparing spawn area: 30%
[15:41:15] [Worker-Main-3/INFO] (net.minecraft.server.WorldGenerationProgressLogger) Preparing spawn area: 35%
[15:41:16] [Worker-Main-3/INFO] (net.minecraft.server.WorldGenerationProgressLogger) Preparing spawn area: 51%
[15:41:17] [Worker-Main-5/INFO] (net.minecraft.server.WorldGenerationProgressLogger) Preparing spawn area: 60%
[15:41:17] [Worker-Main-7/INFO] (net.minecraft.server.WorldGenerationProgressLogger) Preparing spawn area: 65%
[15:41:18] [Worker-Main-1/INFO] (net.minecraft.server.WorldGenerationProgressLogger) Preparing spawn area: 66%
[15:41:18] [Worker-Main-1/INFO] (net.minecraft.server.WorldGenerationProgressLogger) Preparing spawn area: 76%
[15:41:19] [Worker-Main-2/INFO] (net.minecraft.server.WorldGenerationProgressLogger) Preparing spawn area: 82%
[15:41:19] [Worker-Main-3/INFO] (net.minecraft.server.WorldGenerationProgressLogger) Preparing spawn area: 85%
[15:41:19] [Worker-Main-2/INFO] (net.minecraft.server.WorldGenerationProgressLogger) Preparing spawn area: 87%
[15:41:20] [Worker-Main-1/INFO] (net.minecraft.server.WorldGenerationProgressLogger) Preparing spawn area: 99%
[15:41:21] [Worker-Main-4/INFO] (net.minecraft.server.WorldGenerationProgressLogger) Preparing spawn area: 99%
[15:41:21] [Server thread/INFO] (net.minecraft.server.WorldGenerationProgressLogger) Time elapsed: 20192 ms
[15:41:21] [Server thread/INFO] (net.minecraft.server.dedicated.MinecraftDedicatedServer) Done (31.340s)! For help, type "help"
[15:41:21] [Server thread/DEBUG] (FabricLoader/Mixin) Mixing accessor.EntityTrackerAccessor from fabric-networking-api-v1.mixins.json into net.minecraft.server.world.ThreadedAnvilChunkStorage$EntityTracker
[15:41:21] [Server thread/DEBUG] (FabricLoader/Mixin) fabric-networking-api-v1.mixins.json:accessor.EntityTrackerAccessor from mod fabric-networking-api-v1: Class version 61 required is higher than the class version supported by the current version of Mixin (JAVA_16 supports class version 60)
[15:41:21] [Server thread/DEBUG] (FabricLoader/Mixin) Mixing EntityTrackerEntryMixin from fabric-networking-api-v1.mixins.json into net.minecraft.server.network.EntityTrackerEntry
[15:41:21] [Server thread/DEBUG] (FabricLoader/Mixin) fabric-networking-api-v1.mixins.json:EntityTrackerEntryMixin from mod fabric-networking-api-v1: Class version 61 required is higher than the class version supported by the current version of Mixin (JAVA_16 supports class version 60)
[15:41:21] [Server thread/DEBUG] (FabricLoader/Mixin) fabric-networking-api-v1.mixins.json:EntityTrackerEntryMixin from mod fabric-networking-api-v1->@Inject::onStartTracking(Lnet/minecraft/server/network/ServerPlayerEntity;Lorg/spongepowered/asm/mixin/injection/callback/CallbackInfo;)V doesn't use it's CallbackInfo
[15:41:21] [Server thread/DEBUG] (FabricLoader/Mixin) fabric-networking-api-v1.mixins.json:EntityTrackerEntryMixin from mod fabric-networking-api-v1->@Inject::onStartTracking(Lnet/minecraft/server/network/ServerPlayerEntity;Lorg/spongepowered/asm/mixin/injection/callback/CallbackInfo;)V has 0 override(s) in child classes
[15:41:21] [Server thread/DEBUG] (FabricLoader/Mixin) fabric-networking-api-v1.mixins.json:EntityTrackerEntryMixin from mod fabric-networking-api-v1->@Inject::onStartTracking(Lnet/minecraft/server/network/ServerPlayerEntity;Lorg/spongepowered/asm/mixin/injection/callback/CallbackInfo;)V won't be passed a CallbackInfo as a result
[15:41:21] [Server thread/DEBUG] (FabricLoader/Mixin) fabric-networking-api-v1.mixins.json:EntityTrackerEntryMixin from mod fabric-networking-api-v1->@Inject::onStopTracking(Lnet/minecraft/server/network/ServerPlayerEntity;Lorg/spongepowered/asm/mixin/injection/callback/CallbackInfo;)V doesn't use it's CallbackInfo
[15:41:21] [Server thread/DEBUG] (FabricLoader/Mixin) fabric-networking-api-v1.mixins.json:EntityTrackerEntryMixin from mod fabric-networking-api-v1->@Inject::onStopTracking(Lnet/minecraft/server/network/ServerPlayerEntity;Lorg/spongepowered/asm/mixin/injection/callback/CallbackInfo;)V has 0 override(s) in child classes
[15:41:21] [Server thread/DEBUG] (FabricLoader/Mixin) fabric-networking-api-v1.mixins.json:EntityTrackerEntryMixin from mod fabric-networking-api-v1->@Inject::onStopTracking(Lnet/minecraft/server/network/ServerPlayerEntity;Lorg/spongepowered/asm/mixin/injection/callback/CallbackInfo;)V won't be passed a CallbackInfo as a result
[15:41:24] [Server thread/WARN] (net.minecraft.server.MinecraftServer) Can't keep up! Is the server overloaded? Running 2013ms or 40 ticks behind
[15:41:37] [Netty Server IO #1/DEBUG] (FabricLoader/Mixin) Mixing ingredient.PacketEncoderMixin from fabric-recipe-api-v1.mixins.json into net.minecraft.network.PacketEncoder
[15:41:37] [Netty Server IO #1/DEBUG] (FabricLoader/Mixin) fabric-recipe-api-v1.mixins.json:ingredient.PacketEncoderMixin from mod fabric-recipe-api-v1->@Inject::capturePacketEncoder(Lio/netty/channel/ChannelHandlerContext;Lnet/minecraft/network/packet/Packet;Lio/netty/buffer/ByteBuf;Lorg/spongepowered/asm/mixin/injection/callback/CallbackInfo;)V doesn't use it's CallbackInfo
[15:41:37] [Netty Server IO #1/DEBUG] (FabricLoader/Mixin) fabric-recipe-api-v1.mixins.json:ingredient.PacketEncoderMixin from mod fabric-recipe-api-v1->@Inject::capturePacketEncoder(Lio/netty/channel/ChannelHandlerContext;Lnet/minecraft/network/packet/Packet;Lio/netty/buffer/ByteBuf;Lorg/spongepowered/asm/mixin/injection/callback/CallbackInfo;)V has 0 override(s) in child classes
[15:41:37] [Netty Server IO #1/DEBUG] (FabricLoader/Mixin) fabric-recipe-api-v1.mixins.json:ingredient.PacketEncoderMixin from mod fabric-recipe-api-v1->@Inject::capturePacketEncoder(Lio/netty/channel/ChannelHandlerContext;Lnet/minecraft/network/packet/Packet;Lio/netty/buffer/ByteBuf;Lorg/spongepowered/asm/mixin/injection/callback/CallbackInfo;)V won't be passed a CallbackInfo as a result
[15:41:37] [Netty Server IO #1/DEBUG] (FabricLoader/Mixin) fabric-recipe-api-v1.mixins.json:ingredient.PacketEncoderMixin from mod fabric-recipe-api-v1->@Inject::releasePacketEncoder(Lio/netty/channel/ChannelHandlerContext;Lnet/minecraft/network/packet/Packet;Lio/netty/buffer/ByteBuf;Lorg/spongepowered/asm/mixin/injection/callback/CallbackInfo;)V doesn't use it's CallbackInfo
[15:41:37] [Netty Server IO #1/DEBUG] (FabricLoader/Mixin) fabric-recipe-api-v1.mixins.json:ingredient.PacketEncoderMixin from mod fabric-recipe-api-v1->@Inject::releasePacketEncoder(Lio/netty/channel/ChannelHandlerContext;Lnet/minecraft/network/packet/Packet;Lio/netty/buffer/ByteBuf;Lorg/spongepowered/asm/mixin/injection/callback/CallbackInfo;)V has 0 override(s) in child classes
[15:41:37] [Netty Server IO #1/DEBUG] (FabricLoader/Mixin) fabric-recipe-api-v1.mixins.json:ingredient.PacketEncoderMixin from mod fabric-recipe-api-v1->@Inject::releasePacketEncoder(Lio/netty/channel/ChannelHandlerContext;Lnet/minecraft/network/packet/Packet;Lio/netty/buffer/ByteBuf;Lorg/spongepowered/asm/mixin/injection/callback/CallbackInfo;)V won't be passed a CallbackInfo as a result
[15:41:37] [Netty Server IO #1/DEBUG] (FabricLoader/Mixin) fabric-recipe-api-v1.mixins.json:ingredient.PacketEncoderMixin from mod fabric-recipe-api-v1->@Inject::releasePacketEncoder(Lio/netty/channel/ChannelHandlerContext;Lnet/minecraft/network/packet/Packet;Lio/netty/buffer/ByteBuf;Lorg/spongepowered/asm/mixin/injection/callback/CallbackInfo;)V doesn't use it's CallbackInfo
[15:41:37] [Netty Server IO #1/DEBUG] (FabricLoader/Mixin) fabric-recipe-api-v1.mixins.json:ingredient.PacketEncoderMixin from mod fabric-recipe-api-v1->@Inject::releasePacketEncoder(Lio/netty/channel/ChannelHandlerContext;Lnet/minecraft/network/packet/Packet;Lio/netty/buffer/ByteBuf;Lorg/spongepowered/asm/mixin/injection/callback/CallbackInfo;)V has 0 override(s) in child classes
[15:41:37] [Netty Server IO #1/DEBUG] (FabricLoader/Mixin) fabric-recipe-api-v1.mixins.json:ingredient.PacketEncoderMixin from mod fabric-recipe-api-v1->@Inject::releasePacketEncoder(Lio/netty/channel/ChannelHandlerContext;Lnet/minecraft/network/packet/Packet;Lio/netty/buffer/ByteBuf;Lorg/spongepowered/asm/mixin/injection/callback/CallbackInfo;)V won't be passed a CallbackInfo as a result
[15:41:38] [Netty Server IO #1/DEBUG] (FabricLoader/Mixin) Mixing BlockEntityUpdateS2CPacketMixin from fabric-data-attachment-api-v1.mixins.json into net.minecraft.network.packet.s2c.play.BlockEntityUpdateS2CPacket
[15:41:38] [Netty Server IO #1/DEBUG] (FabricLoader/Mixin) Renaming synthetic method lambda$stripPersistentAttachmentData$0(Ljava/util/function/Function;Lnet/minecraft/block/entity/BlockEntity;)Lnet/minecraft/nbt/NbtCompound; to md34f504$fabric-data-attachment-api-v1$lambda$stripPersistentAttachmentData$0$0 in fabric-data-attachment-api-v1.mixins.json:BlockEntityUpdateS2CPacketMixin from mod fabric-data-attachment-api-v1
[15:41:42] [Netty Server IO #1/DEBUG] (FabricLoader/Mixin) Mixing accessor.CustomPayloadC2SPacketAccessor from fabric-networking-api-v1.mixins.json into net.minecraft.network.packet.c2s.play.CustomPayloadC2SPacket
[15:41:42] [Netty Server IO #1/DEBUG] (FabricLoader/Mixin) fabric-networking-api-v1.mixins.json:accessor.CustomPayloadC2SPacketAccessor from mod fabric-networking-api-v1: Class version 61 required is higher than the class version supported by the current version of Mixin (JAVA_16 supports class version 60)
[15:41:43] [Netty Server IO #1/DEBUG] (FabricLoader/Mixin) Mixing accessor.LoginQueryResponseC2SPacketAccessor from fabric-networking-api-v1.mixins.json into net.minecraft.network.packet.c2s.login.LoginQueryResponseC2SPacket
[15:41:43] [Netty Server IO #1/DEBUG] (FabricLoader/Mixin) fabric-networking-api-v1.mixins.json:accessor.LoginQueryResponseC2SPacketAccessor from mod fabric-networking-api-v1: Class version 61 required is higher than the class version supported by the current version of Mixin (JAVA_16 supports class version 60)
[15:41:43] [Netty Server IO #1/DEBUG] (io.netty.util.Recycler) -Dio.netty.recycler.maxCapacityPerThread: 4096
[15:41:43] [Netty Server IO #1/DEBUG] (io.netty.util.Recycler) -Dio.netty.recycler.ratio: 8
[15:41:43] [Netty Server IO #1/DEBUG] (io.netty.util.Recycler) -Dio.netty.recycler.chunkSize: 32
[15:41:43] [Netty Server IO #1/DEBUG] (io.netty.util.Recycler) -Dio.netty.recycler.blocking: false
[15:41:44] [Netty Server IO #1/DEBUG] (io.netty.buffer.AbstractByteBuf) -Dio.netty.buffer.checkAccessible: true
[15:41:44] [Netty Server IO #1/DEBUG] (io.netty.buffer.AbstractByteBuf) -Dio.netty.buffer.checkBounds: true
[15:41:44] [Netty Server IO #1/DEBUG] (io.netty.util.ResourceLeakDetectorFactory) Loaded default ResourceLeakDetector: io.netty.util.ResourceLeakDetector@56ccfa40
[15:41:45] [User Authenticator #1/DEBUG] (com.mojang.authlib.HttpAuthenticationService) Opening connection to https://sessionserver.mojang.com/session/minecraft/hasJoined?serverId=60b670dc5e048199df330881434ddc2339f966a2&username=McFjorn
[15:41:45] [User Authenticator #1/DEBUG] (com.mojang.authlib.HttpAuthenticationService) Reading data from https://sessionserver.mojang.com/session/minecraft/hasJoined?serverId=60b670dc5e048199df330881434ddc2339f966a2&username=McFjorn
[15:41:45] [User Authenticator #1/DEBUG] (com.mojang.authlib.HttpAuthenticationService) Successful read, server response was 200
[15:41:45] [User Authenticator #1/DEBUG] (com.mojang.authlib.HttpAuthenticationService) Response: {
  "id" : "0a8080e97b5748b39eaa936153878d1b",
  "name" : "McFjorn",
  "properties" : [ {
    "name" : "textures",
    "value" : "ewogICJ0aW1lc3RhbXAiIDogMTc3Nzk4ODUwNTA1NiwKICAicHJvZmlsZUlkIiA6ICIwYTgwODBlOTdiNTc0OGIzOWVhYTkzNjE1Mzg3OGQxYiIsCiAgInByb2ZpbGVOYW1lIiA6ICJNY0Zqb3JuIiwKICAic2lnbmF0dXJlUmVxdWlyZWQiIDogdHJ1ZSwKICAidGV4dHVyZXMiIDogewogICAgIlNLSU4iIDogewogICAgICAidXJsIiA6ICJodHRwOi8vdGV4dHVyZXMubWluZWNyYWZ0Lm5ldC90ZXh0dXJlLzNhMTA3MTg1ZjMxYjcxOGMwOTg0ZmMyNWE2ZjcxNjcwODQxYzNjNTYzYjI3MzBmMGZjYzc4NGI3MjBkOTNhZSIsCiAgICAgICJtZXRhZGF0YSIgOiB7CiAgICAgICAgIm1vZGVsIiA6ICJzbGltIgogICAgICB9CiAgICB9LAogICAgIkNBUEUiIDogewogICAgICAidXJsIiA6ICJodHRwOi8vdGV4dHVyZXMubWluZWNyYWZ0Lm5ldC90ZXh0dXJlLzVlYzkzMGNkZDI2MjljODc3MTY1NWM2MGVlYmViODY3YjRiNjU1OWIwZTZkM2JjNzFjNDBjOTYzNDdmYTAzZjAiCiAgICB9CiAgfQp9",
    "signature" : "tMz4HL/lmqm0GMDDSOaabkhikhiz6PTJAjrO0NU5qhpITP4BQwXjEsjd36TWhGoxrk9zxD8mHR5vXGAndglguIurgY4KBjA3zyWunY9cZcBYjXvrFn6C6r1Ayh/vaR7cULO0hXsPRYrvpM6RUaLtBUjkvCmqxJW/yGyjlm3gOPMW/OGXwkZBPI4RAu58tU112L+BT/XxXdqGpQrF1a0gyJ8WnnwxSglz5RabKh0eluyz5nbhmOQNzidYncj9361jWU0zjf+MeroIbn6m4kDdf67Y08pDMq+5HluaEYKyLWDSqZxHXijxankFUYvQx6pGXuAVv1p9qgHxxrOER5drkF+mJZ0R4qFpQjfmRkI6DYo08WRBIkcN4CSfeLA1HBNsrN2JM8CmfNrBa7FGRRR9kbLtnnyr1Y8XOaW846HITA8nqxRC3gjDxlG12q895ALWe/UGTIkWv2vvyuU6CpUBGyD+G6PD5MQk8RjH71EPFBO2wbxrtmTI5cdui75/UKv4lWx+QFLbrk4PAXaYPYYj8E+h9G8tDoBEBR6lwyqqfVsrCV4+IJSukn0GprFyY6MfrqM7Sm3h0n4q6pFBrsg++48QHbGhj1iGR1pJjqCbgCauAHzXrTZtyd5D50iL8zfmdukzC3NldbpdJ36sbOezE9aLLV8UtKebaKZ39o/foqU="
  } ],
  "profileActions" : [ ]
}
[15:41:45] [User Authenticator #1/INFO] (net.minecraft.server.network.ServerLoginNetworkHandler) UUID of player McFjorn is 0a8080e9-7b57-48b3-9eaa-936153878d1b
[15:41:45] [Netty Server IO #3/DEBUG] (ServerLoginNetworkAddon for /127.0.0.1:31771) Handling inbound login query with id 0
[15:41:45] [Netty Server IO #3/DEBUG] (ServerLoginNetworkAddon for /127.0.0.1:31771) Handling inbound login query with id 1
[15:41:45] [Server thread/DEBUG] (fabric-networking-api-v1) Sent accepted channels to the client for "com.mojang.authlib.GameProfile@6c296450[id=0a8080e9-7b57-48b3-9eaa-936153878d1b,name=McFjorn,properties={textures=[com.mojang.authlib.properties.Property@2ed2c9b4]},legacy=false] (/127.0.0.1:31771)"
[15:41:46] [Server thread/DEBUG] (FabricLoader/Mixin) Mixing PlayerAdvancementTrackerMixin from fabric-events-interaction-v0.mixins.json into net.minecraft.advancement.PlayerAdvancementTracker
[15:41:46] [Server thread/DEBUG] (FabricLoader/Mixin) fabric-events-interaction-v0.mixins.json:PlayerAdvancementTrackerMixin from mod fabric-events-interaction-v0: Class version 61 required is higher than the class version supported by the current version of Mixin (JAVA_16 supports class version 60)
[15:41:46] [Server thread/DEBUG] (FabricLoader/Mixin) fabric-events-interaction-v0.mixins.json:PlayerAdvancementTrackerMixin from mod fabric-events-interaction-v0->@Inject::preventOwnerOverride(Lnet/minecraft/server/network/ServerPlayerEntity;Lorg/spongepowered/asm/mixin/injection/callback/CallbackInfo;)V does use it's CallbackInfo
[15:41:46] [Server thread/DEBUG] (FabricLoader/Mixin) fabric-events-interaction-v0.mixins.json:PlayerAdvancementTrackerMixin from mod fabric-events-interaction-v0->@Inject::preventGrantCriterion(Lnet/minecraft/advancement/Advancement;Ljava/lang/String;Lorg/spongepowered/asm/mixin/injection/callback/CallbackInfoReturnable;)V does use it's CallbackInfoReturnable
[15:41:47] [Server thread/INFO] (net.minecraft.server.PlayerManager) McFjorn[/127.0.0.1:31771] logged in with entity id 165 at (-63.206870850222465, 79.0, -25.254365290247453)
[15:41:47] [Server thread/DEBUG] (FabricRegistrySync) Skipping un-modded registry: minecraft:command_argument_type
[15:41:47] [Server thread/DEBUG] (FabricRegistrySync) Skipping un-modded registry: minecraft:item
[15:41:47] [Server thread/DEBUG] (FabricRegistrySync) Skipping un-modded registry: minecraft:block_entity_type
[15:41:47] [Server thread/DEBUG] (FabricRegistrySync) Not syncing registry: minecraft:custom_stat
[15:41:47] [Server thread/DEBUG] (FabricRegistrySync) Not syncing registry: minecraft:worldgen/foliage_placer_type
[15:41:47] [Server thread/DEBUG] (FabricRegistrySync) Skipping un-modded registry: minecraft:stat_type
[15:41:47] [Server thread/DEBUG] (FabricRegistrySync) Not syncing registry: minecraft:worldgen/material_rule
[15:41:47] [Server thread/DEBUG] (FabricRegistrySync) Not syncing registry: minecraft:worldgen/structure_type
[15:41:47] [Server thread/DEBUG] (FabricRegistrySync) Not syncing registry: minecraft:attribute
[15:41:47] [Server thread/DEBUG] (FabricRegistrySync) Not syncing registry: minecraft:position_source_type
[15:41:47] [Server thread/DEBUG] (FabricRegistrySync) Not syncing registry: minecraft:height_provider_type
[15:41:47] [Server thread/DEBUG] (FabricRegistrySync) Not syncing registry: minecraft:rule_block_entity_modifier
[15:41:47] [Server thread/DEBUG] (FabricRegistrySync) Not syncing registry: minecraft:worldgen/density_function_type
[15:41:47] [Server thread/DEBUG] (FabricRegistrySync) Skipping un-modded registry: minecraft:fluid
[15:41:47] [Server thread/DEBUG] (FabricRegistrySync) Not syncing registry: minecraft:loot_condition_type
[15:41:47] [Server thread/DEBUG] (FabricRegistrySync) Not syncing registry: minecraft:worldgen/structure_pool_element
[15:41:47] [Server thread/DEBUG] (FabricRegistrySync) Not syncing registry: minecraft:activity
[15:41:47] [Server thread/DEBUG] (FabricRegistrySync) Not syncing registry: minecraft:recipe_serializer
[15:41:47] [Server thread/DEBUG] (FabricRegistrySync) Skipping un-modded registry: minecraft:frog_variant
[15:41:47] [Server thread/DEBUG] (FabricRegistrySync) Not syncing registry: minecraft:banner_pattern
[15:41:47] [Server thread/DEBUG] (FabricRegistrySync) Not syncing registry: minecraft:instrument
[15:41:47] [Server thread/DEBUG] (FabricRegistrySync) Not syncing registry: minecraft:decorated_pot_patterns
[15:41:47] [Server thread/DEBUG] (FabricRegistrySync) Not syncing registry: minecraft:worldgen/feature_size_type
[15:41:47] [Server thread/DEBUG] (FabricRegistrySync) Not syncing registry: minecraft:point_of_interest_type
[15:41:47] [Server thread/DEBUG] (FabricRegistrySync) Skipping un-modded registry: minecraft:mob_effect
[15:41:47] [Server thread/DEBUG] (FabricRegistrySync) Not syncing registry: minecraft:loot_pool_entry_type
[15:41:47] [Server thread/DEBUG] (FabricRegistrySync) Not syncing registry: minecraft:worldgen/block_state_provider_type
[15:41:47] [Server thread/DEBUG] (FabricRegistrySync) Not syncing registry: minecraft:worldgen/chunk_generator
[15:41:47] [Server thread/DEBUG] (FabricRegistrySync) Not syncing registry: minecraft:float_provider_type
[15:41:47] [Server thread/DEBUG] (FabricRegistrySync) Not syncing registry: minecraft:chunk_status
[15:41:47] [Server thread/DEBUG] (FabricRegistrySync) Skipping un-modded registry: minecraft:enchantment
[15:41:47] [Server thread/DEBUG] (FabricRegistrySync) Not syncing registry: minecraft:loot_function_type
[15:41:47] [Server thread/DEBUG] (FabricRegistrySync) Not syncing registry: minecraft:worldgen/structure_processor
[15:41:47] [Server thread/DEBUG] (FabricRegistrySync) Not syncing registry: minecraft:loot_score_provider_type
[15:41:47] [Server thread/DEBUG] (FabricRegistrySync) Not syncing registry: minecraft:worldgen/tree_decorator_type
[15:41:47] [Server thread/DEBUG] (FabricRegistrySync) Not syncing registry: minecraft:schedule
[15:41:47] [Server thread/DEBUG] (FabricRegistrySync) Not syncing registry: minecraft:worldgen/material_condition
[15:41:47] [Server thread/DEBUG] (FabricRegistrySync) Skipping un-modded registry: minecraft:entity_type
[15:41:47] [Server thread/DEBUG] (FabricRegistrySync) Skipping un-modded registry: minecraft:villager_profession
[15:41:47] [Server thread/DEBUG] (FabricRegistrySync) Not syncing registry: minecraft:potion
[15:41:47] [Server thread/DEBUG] (FabricRegistrySync) Not syncing registry: minecraft:recipe_type
[15:41:47] [Server thread/DEBUG] (FabricRegistrySync) Not syncing registry: minecraft:int_provider_type
[15:41:47] [Server thread/DEBUG] (FabricRegistrySync) Not syncing registry: minecraft:worldgen/feature
[15:41:47] [Server thread/DEBUG] (FabricRegistrySync) Skipping un-modded registry: minecraft:cat_variant
[15:41:47] [Server thread/DEBUG] (FabricRegistrySync) Not syncing registry: minecraft:pos_rule_test
[15:41:47] [Server thread/DEBUG] (FabricRegistrySync) Not syncing registry: minecraft:worldgen/structure_placement
[15:41:47] [Server thread/DEBUG] (FabricRegistrySync) Not syncing registry: minecraft:loot_nbt_provider_type
[15:41:47] [Server thread/DEBUG] (FabricRegistrySync) Skipping un-modded registry: minecraft:menu
[15:41:47] [Server thread/DEBUG] (FabricRegistrySync) Not syncing registry: minecraft:worldgen/trunk_placer_type
[15:41:47] [Server thread/DEBUG] (FabricRegistrySync) Not syncing registry: minecraft:creative_mode_tab
[15:41:47] [Server thread/DEBUG] (FabricRegistrySync) Not syncing registry: minecraft:worldgen/placement_modifier_type
[15:41:47] [Server thread/DEBUG] (FabricRegistrySync) Not syncing registry: minecraft:worldgen/carver
[15:41:47] [Server thread/DEBUG] (FabricRegistrySync) Not syncing registry: minecraft:loot_number_provider_type
[15:41:47] [Server thread/DEBUG] (FabricRegistrySync) Not syncing registry: minecraft:worldgen/structure_piece
[15:41:47] [Server thread/DEBUG] (FabricRegistrySync) Skipping un-modded registry: minecraft:sound_event
[15:41:47] [Server thread/DEBUG] (FabricRegistrySync) Skipping un-modded registry: minecraft:particle_type
[15:41:47] [Server thread/DEBUG] (FabricRegistrySync) Skipping un-modded registry: minecraft:game_event
[15:41:47] [Server thread/DEBUG] (FabricRegistrySync) Not syncing registry: minecraft:worldgen/biome_source
[15:41:47] [Server thread/DEBUG] (FabricRegistrySync) Not syncing registry: minecraft:worldgen/root_placer_type
[15:41:47] [Server thread/DEBUG] (FabricRegistrySync) Skipping un-modded registry: minecraft:villager_type
[15:41:47] [Server thread/DEBUG] (FabricRegistrySync) Skipping un-modded registry: minecraft:painting_variant
[15:41:47] [Server thread/DEBUG] (FabricRegistrySync) Not syncing registry: minecraft:block_predicate_type
[15:41:47] [Server thread/DEBUG] (FabricRegistrySync) Skipping un-modded registry: minecraft:block
[15:41:47] [Server thread/DEBUG] (FabricRegistrySync) Not syncing registry: minecraft:sensor_type
[15:41:47] [Server thread/DEBUG] (FabricRegistrySync) Not syncing registry: minecraft:rule_test
[15:41:47] [Server thread/DEBUG] (FabricRegistrySync) Not syncing registry: minecraft:memory_module_type
[15:41:48] [Server thread/INFO] (net.minecraft.server.MinecraftServer) McFjorn joined the game
[15:41:48] [Netty Server IO #3/DEBUG] (ServerPlayNetworkAddon for McFjorn) Handling inbound packet from channel with name "minecraft:brand"
[15:41:49] [Server thread/WARN] (net.minecraft.server.MinecraftServer) Can't keep up! Is the server overloaded? Running 2785ms or 55 ticks behind
[15:41:49] [Server thread/DEBUG] (io.netty.util.internal.ThreadLocalRandom) -Dio.netty.initialSeedUniquifier: 0x99a77af241b7681b
[15:42:09] [Server thread/WARN] (net.minecraft.server.MinecraftServer) Can't keep up! Is the server overloaded? Running 5257ms or 105 ticks behind
[15:42:32] [Server thread/INFO] (net.minecraft.server.MinecraftServer) [McFjorn: Gamerule keepInventory is now set to: true]
[15:42:36] [Server thread/WARN] (net.minecraft.server.MinecraftServer) Can't keep up! Is the server overloaded? Running 2018ms or 40 ticks behind
[15:42:42] [Server thread/INFO] (net.minecraft.server.MinecraftServer) [McFjorn: Set own game mode to Creative Mode]
[15:42:58] [Server thread/INFO] (net.minecraft.server.MinecraftServer) [McFjorn: Set own game mode to Survival Mode]
[15:43:06] [Server thread/INFO] (BattleManager) [BattleManager] Battle mode set to assault by McFjorn
[15:43:10] [Server thread/INFO] (net.minecraft.server.MinecraftServer) [BattleManager] Use /battleteams to select a team
[15:43:10] [Server thread/INFO] (net.minecraft.server.MinecraftServer) Offense will assault 1 objective per round. There is 1 round.
Each round takes 45 minutes.
Defense must defend a unique banner objective a player on their team holds; the offense must seize that banner.
To seize the banner, the Offense must break the banner and return it to their spawn.
The defense may surround the banner with a max of 1 layer of Obsidian or blocks with an equivalent breaking time.
Teams will be given a general idea of where the other team is starting.
The player holding the objective may not do things that make them intentionally unlocatable.
Vehicles are allowed to be used by both teams.
Each side may enter their own spawn area during the battle, but not the enemies spawn area.
Each side has infinite respawns.

[15:43:10] [Server thread/INFO] (BattleManager) [BattleManager] Battle prep started by McFjorn
[15:43:14] [Server thread/INFO] (net.minecraft.server.MinecraftServer) §9The banner objective has been placed!
[15:43:36] [Server thread/INFO] (net.minecraft.server.MinecraftServer) §7Attackers must break the banner and return it to their spawn. Defenders must protect it!
[15:43:36] [Server thread/INFO] (BattleManager) [BattleManager] Battle started by McFjorn
[15:43:48] [Server thread/INFO] (net.minecraft.server.MinecraftServer) §eMcFjorn §ahas seized the banner! Return it to attacker spawn!
[15:43:55] [Server thread/INFO] (net.minecraft.server.MinecraftServer) §9The banner has been returned to the defenders!
[15:43:55] [Server thread/INFO] (net.minecraft.server.MinecraftServer) [McFjorn: Killed McFjorn]
[15:44:03] [Server thread/INFO] (net.minecraft.server.MinecraftServer) §eMcFjorn §ahas seized the banner! Return it to attacker spawn!
[15:44:07] [Server thread/INFO] (net.minecraft.server.MinecraftServer) §cThe attackers seized the banner and returned it to their spawn!
[15:44:07] [Server thread/INFO] (BattleManager) [BattleManager] Assault ended — Attackers win
[15:44:10] [Server thread/INFO] (net.minecraft.server.network.ServerPlayNetworkHandler) McFjorn lost connection: Disconnected
[15:44:10] [Server thread/INFO] (net.minecraft.server.MinecraftServer) McFjorn left the game
[15:46:33] [Server thread/DEBUG] (FabricRegistrySync) Starting registry save
[15:46:33] [Server thread/DEBUG] (FabricRegistrySync) Not saving registry: minecraft:command_argument_type
[15:46:33] [Server thread/DEBUG] (FabricRegistrySync) Not saving registry: minecraft:item
[15:46:33] [Server thread/DEBUG] (FabricRegistrySync) Not saving registry: minecraft:block_entity_type
[15:46:33] [Server thread/DEBUG] (FabricRegistrySync) Not saving registry: minecraft:custom_stat
[15:46:33] [Server thread/DEBUG] (FabricRegistrySync) Not saving registry: minecraft:worldgen/foliage_placer_type
[15:46:33] [Server thread/DEBUG] (FabricRegistrySync) Not saving registry: minecraft:stat_type
[15:46:33] [Server thread/DEBUG] (FabricRegistrySync) Not saving registry: minecraft:worldgen/material_rule
[15:46:33] [Server thread/DEBUG] (FabricRegistrySync) Not saving registry: minecraft:worldgen/structure_type
[15:46:33] [Server thread/DEBUG] (FabricRegistrySync) Not saving registry: minecraft:attribute
[15:46:33] [Server thread/DEBUG] (FabricRegistrySync) Not saving registry: minecraft:position_source_type
[15:46:33] [Server thread/DEBUG] (FabricRegistrySync) Not saving registry: minecraft:height_provider_type
[15:46:33] [Server thread/DEBUG] (FabricRegistrySync) Not saving registry: minecraft:rule_block_entity_modifier
[15:46:33] [Server thread/DEBUG] (FabricRegistrySync) Not saving registry: minecraft:worldgen/density_function_type
[15:46:33] [Server thread/DEBUG] (FabricRegistrySync) Not saving registry: minecraft:fluid
[15:46:33] [Server thread/DEBUG] (FabricRegistrySync) Not saving registry: minecraft:loot_condition_type
[15:46:33] [Server thread/DEBUG] (FabricRegistrySync) Not saving registry: minecraft:worldgen/structure_pool_element
[15:46:33] [Server thread/DEBUG] (FabricRegistrySync) Not saving registry: minecraft:activity
[15:46:33] [Server thread/DEBUG] (FabricRegistrySync) Not saving registry: minecraft:recipe_serializer
[15:46:33] [Server thread/DEBUG] (FabricRegistrySync) Not saving registry: minecraft:frog_variant
[15:46:33] [Server thread/DEBUG] (FabricRegistrySync) Not saving registry: minecraft:banner_pattern
[15:46:33] [Server thread/DEBUG] (FabricRegistrySync) Not saving registry: minecraft:instrument
[15:46:33] [Server thread/DEBUG] (FabricRegistrySync) Not saving registry: minecraft:decorated_pot_patterns
[15:46:33] [Server thread/DEBUG] (FabricRegistrySync) Not saving registry: minecraft:worldgen/feature_size_type
[15:46:33] [Server thread/DEBUG] (FabricRegistrySync) Not saving registry: minecraft:point_of_interest_type
[15:46:33] [Server thread/DEBUG] (FabricRegistrySync) Skipping un-modded registry: minecraft:mob_effect
[15:46:33] [Server thread/DEBUG] (FabricRegistrySync) Not saving registry: minecraft:loot_pool_entry_type
[15:46:33] [Server thread/DEBUG] (FabricRegistrySync) Not saving registry: minecraft:worldgen/block_state_provider_type
[15:46:33] [Server thread/DEBUG] (FabricRegistrySync) Not saving registry: minecraft:worldgen/chunk_generator
[15:46:33] [Server thread/DEBUG] (FabricRegistrySync) Not saving registry: minecraft:float_provider_type
[15:46:33] [Server thread/DEBUG] (FabricRegistrySync) Not saving registry: minecraft:chunk_status
[15:46:33] [Server thread/DEBUG] (FabricRegistrySync) Not saving registry: minecraft:enchantment
[15:46:33] [Server thread/DEBUG] (FabricRegistrySync) Not saving registry: minecraft:loot_function_type
[15:46:33] [Server thread/DEBUG] (FabricRegistrySync) Not saving registry: minecraft:worldgen/structure_processor
[15:46:33] [Server thread/DEBUG] (FabricRegistrySync) Not saving registry: minecraft:loot_score_provider_type
[15:46:33] [Server thread/DEBUG] (FabricRegistrySync) Not saving registry: minecraft:worldgen/tree_decorator_type
[15:46:33] [Server thread/DEBUG] (FabricRegistrySync) Not saving registry: minecraft:schedule
[15:46:33] [Server thread/DEBUG] (FabricRegistrySync) Not saving registry: minecraft:worldgen/material_condition
[15:46:33] [Server thread/DEBUG] (FabricRegistrySync) Not saving registry: minecraft:entity_type
[15:46:33] [Server thread/DEBUG] (FabricRegistrySync) Not saving registry: minecraft:villager_profession
[15:46:33] [Server thread/DEBUG] (FabricRegistrySync) Not saving registry: minecraft:potion
[15:46:33] [Server thread/DEBUG] (FabricRegistrySync) Not saving registry: minecraft:recipe_type
[15:46:33] [Server thread/DEBUG] (FabricRegistrySync) Not saving registry: minecraft:int_provider_type
[15:46:33] [Server thread/DEBUG] (FabricRegistrySync) Not saving registry: minecraft:worldgen/feature
[15:46:33] [Server thread/DEBUG] (FabricRegistrySync) Not saving registry: minecraft:cat_variant
[15:46:33] [Server thread/DEBUG] (FabricRegistrySync) Not saving registry: minecraft:pos_rule_test
[15:46:33] [Server thread/DEBUG] (FabricRegistrySync) Not saving registry: minecraft:worldgen/structure_placement
[15:46:33] [Server thread/DEBUG] (FabricRegistrySync) Not saving registry: minecraft:loot_nbt_provider_type
[15:46:33] [Server thread/DEBUG] (FabricRegistrySync) Not saving registry: minecraft:menu
[15:46:33] [Server thread/DEBUG] (FabricRegistrySync) Not saving registry: minecraft:worldgen/trunk_placer_type
[15:46:33] [Server thread/DEBUG] (FabricRegistrySync) Not saving registry: minecraft:creative_mode_tab
[15:46:33] [Server thread/DEBUG] (FabricRegistrySync) Not saving registry: minecraft:worldgen/placement_modifier_type
[15:46:33] [Server thread/DEBUG] (FabricRegistrySync) Not saving registry: minecraft:worldgen/carver
[15:46:33] [Server thread/DEBUG] (FabricRegistrySync) Not saving registry: minecraft:loot_number_provider_type
[15:46:33] [Server thread/DEBUG] (FabricRegistrySync) Not saving registry: minecraft:worldgen/structure_piece
[15:46:33] [Server thread/DEBUG] (FabricRegistrySync) Not saving registry: minecraft:sound_event
[15:46:33] [Server thread/DEBUG] (FabricRegistrySync) Not saving registry: minecraft:particle_type
[15:46:33] [Server thread/DEBUG] (FabricRegistrySync) Not saving registry: minecraft:game_event
[15:46:33] [Server thread/DEBUG] (FabricRegistrySync) Not saving registry: minecraft:worldgen/biome_source
[15:46:33] [Server thread/DEBUG] (FabricRegistrySync) Not saving registry: minecraft:worldgen/root_placer_type
[15:46:33] [Server thread/DEBUG] (FabricRegistrySync) Not saving registry: minecraft:villager_type
[15:46:33] [Server thread/DEBUG] (FabricRegistrySync) Not saving registry: minecraft:painting_variant
[15:46:33] [Server thread/DEBUG] (FabricRegistrySync) Not saving registry: minecraft:block_predicate_type
[15:46:33] [Server thread/DEBUG] (FabricRegistrySync) Not saving registry: minecraft:block
[15:46:33] [Server thread/DEBUG] (FabricRegistrySync) Not saving registry: minecraft:sensor_type
[15:46:33] [Server thread/DEBUG] (FabricRegistrySync) Not saving registry: minecraft:rule_test
[15:46:33] [Server thread/DEBUG] (FabricRegistrySync) Not saving registry: minecraft:memory_module_type
[15:46:33] [Server thread/DEBUG] (FabricRegistrySync) Not saving empty registry data
[15:51:33] [Server thread/DEBUG] (FabricRegistrySync) Starting registry save
[15:51:33] [Server thread/DEBUG] (FabricRegistrySync) Not saving registry: minecraft:command_argument_type
[15:51:33] [Server thread/DEBUG] (FabricRegistrySync) Not saving registry: minecraft:item
[15:51:33] [Server thread/DEBUG] (FabricRegistrySync) Not saving registry: minecraft:block_entity_type
[15:51:33] [Server thread/DEBUG] (FabricRegistrySync) Not saving registry: minecraft:custom_stat
[15:51:33] [Server thread/DEBUG] (FabricRegistrySync) Not saving registry: minecraft:worldgen/foliage_placer_type
[15:51:33] [Server thread/DEBUG] (FabricRegistrySync) Not saving registry: minecraft:stat_type
[15:51:33] [Server thread/DEBUG] (FabricRegistrySync) Not saving registry: minecraft:worldgen/material_rule
[15:51:33] [Server thread/DEBUG] (FabricRegistrySync) Not saving registry: minecraft:worldgen/structure_type
[15:51:33] [Server thread/DEBUG] (FabricRegistrySync) Not saving registry: minecraft:attribute
[15:51:33] [Server thread/DEBUG] (FabricRegistrySync) Not saving registry: minecraft:position_source_type
[15:51:33] [Server thread/DEBUG] (FabricRegistrySync) Not saving registry: minecraft:height_provider_type
[15:51:33] [Server thread/DEBUG] (FabricRegistrySync) Not saving registry: minecraft:rule_block_entity_modifier
[15:51:33] [Server thread/DEBUG] (FabricRegistrySync) Not saving registry: minecraft:worldgen/density_function_type
[15:51:33] [Server thread/DEBUG] (FabricRegistrySync) Not saving registry: minecraft:fluid
[15:51:33] [Server thread/DEBUG] (FabricRegistrySync) Not saving registry: minecraft:loot_condition_type
[15:51:33] [Server thread/DEBUG] (FabricRegistrySync) Not saving registry: minecraft:worldgen/structure_pool_element
[15:51:33] [Server thread/DEBUG] (FabricRegistrySync) Not saving registry: minecraft:activity
[15:51:33] [Server thread/DEBUG] (FabricRegistrySync) Not saving registry: minecraft:recipe_serializer
[15:51:33] [Server thread/DEBUG] (FabricRegistrySync) Not saving registry: minecraft:frog_variant
[15:51:33] [Server thread/DEBUG] (FabricRegistrySync) Not saving registry: minecraft:banner_pattern
[15:51:33] [Server thread/DEBUG] (FabricRegistrySync) Not saving registry: minecraft:instrument
[15:51:33] [Server thread/DEBUG] (FabricRegistrySync) Not saving registry: minecraft:decorated_pot_patterns
[15:51:33] [Server thread/DEBUG] (FabricRegistrySync) Not saving registry: minecraft:worldgen/feature_size_type
[15:51:33] [Server thread/DEBUG] (FabricRegistrySync) Not saving registry: minecraft:point_of_interest_type
[15:51:33] [Server thread/DEBUG] (FabricRegistrySync) Skipping un-modded registry: minecraft:mob_effect
[15:51:33] [Server thread/DEBUG] (FabricRegistrySync) Not saving registry: minecraft:loot_pool_entry_type
[15:51:33] [Server thread/DEBUG] (FabricRegistrySync) Not saving registry: minecraft:worldgen/block_state_provider_type
[15:51:33] [Server thread/DEBUG] (FabricRegistrySync) Not saving registry: minecraft:worldgen/chunk_generator
[15:51:33] [Server thread/DEBUG] (FabricRegistrySync) Not saving registry: minecraft:float_provider_type
[15:51:33] [Server thread/DEBUG] (FabricRegistrySync) Not saving registry: minecraft:chunk_status
[15:51:33] [Server thread/DEBUG] (FabricRegistrySync) Not saving registry: minecraft:enchantment
[15:51:33] [Server thread/DEBUG] (FabricRegistrySync) Not saving registry: minecraft:loot_function_type
[15:51:33] [Server thread/DEBUG] (FabricRegistrySync) Not saving registry: minecraft:worldgen/structure_processor
[15:51:33] [Server thread/DEBUG] (FabricRegistrySync) Not saving registry: minecraft:loot_score_provider_type
[15:51:33] [Server thread/DEBUG] (FabricRegistrySync) Not saving registry: minecraft:worldgen/tree_decorator_type
[15:51:33] [Server thread/DEBUG] (FabricRegistrySync) Not saving registry: minecraft:schedule
[15:51:33] [Server thread/DEBUG] (FabricRegistrySync) Not saving registry: minecraft:worldgen/material_condition
[15:51:33] [Server thread/DEBUG] (FabricRegistrySync) Not saving registry: minecraft:entity_type
[15:51:33] [Server thread/DEBUG] (FabricRegistrySync) Not saving registry: minecraft:villager_profession
[15:51:33] [Server thread/DEBUG] (FabricRegistrySync) Not saving registry: minecraft:potion
[15:51:33] [Server thread/DEBUG] (FabricRegistrySync) Not saving registry: minecraft:recipe_type
[15:51:33] [Server thread/DEBUG] (FabricRegistrySync) Not saving registry: minecraft:int_provider_type
[15:51:33] [Server thread/DEBUG] (FabricRegistrySync) Not saving registry: minecraft:worldgen/feature
[15:51:33] [Server thread/DEBUG] (FabricRegistrySync) Not saving registry: minecraft:cat_variant
[15:51:33] [Server thread/DEBUG] (FabricRegistrySync) Not saving registry: minecraft:pos_rule_test
[15:51:33] [Server thread/DEBUG] (FabricRegistrySync) Not saving registry: minecraft:worldgen/structure_placement
[15:51:33] [Server thread/DEBUG] (FabricRegistrySync) Not saving registry: minecraft:loot_nbt_provider_type
[15:51:33] [Server thread/DEBUG] (FabricRegistrySync) Not saving registry: minecraft:menu
[15:51:33] [Server thread/DEBUG] (FabricRegistrySync) Not saving registry: minecraft:worldgen/trunk_placer_type
[15:51:33] [Server thread/DEBUG] (FabricRegistrySync) Not saving registry: minecraft:creative_mode_tab
[15:51:33] [Server thread/DEBUG] (FabricRegistrySync) Not saving registry: minecraft:worldgen/placement_modifier_type
[15:51:33] [Server thread/DEBUG] (FabricRegistrySync) Not saving registry: minecraft:worldgen/carver
[15:51:33] [Server thread/DEBUG] (FabricRegistrySync) Not saving registry: minecraft:loot_number_provider_type
[15:51:33] [Server thread/DEBUG] (FabricRegistrySync) Not saving registry: minecraft:worldgen/structure_piece
[15:51:33] [Server thread/DEBUG] (FabricRegistrySync) Not saving registry: minecraft:sound_event
[15:51:33] [Server thread/DEBUG] (FabricRegistrySync) Not saving registry: minecraft:particle_type
[15:51:33] [Server thread/DEBUG] (FabricRegistrySync) Not saving registry: minecraft:game_event
[15:51:33] [Server thread/DEBUG] (FabricRegistrySync) Not saving registry: minecraft:worldgen/biome_source
[15:51:33] [Server thread/DEBUG] (FabricRegistrySync) Not saving registry: minecraft:worldgen/root_placer_type
[15:51:33] [Server thread/DEBUG] (FabricRegistrySync) Not saving registry: minecraft:villager_type
[15:51:33] [Server thread/DEBUG] (FabricRegistrySync) Not saving registry: minecraft:painting_variant
[15:51:33] [Server thread/DEBUG] (FabricRegistrySync) Not saving registry: minecraft:block_predicate_type
[15:51:33] [Server thread/DEBUG] (FabricRegistrySync) Not saving registry: minecraft:block
[15:51:33] [Server thread/DEBUG] (FabricRegistrySync) Not saving registry: minecraft:sensor_type
[15:51:33] [Server thread/DEBUG] (FabricRegistrySync) Not saving registry: minecraft:rule_test
[15:51:33] [Server thread/DEBUG] (FabricRegistrySync) Not saving registry: minecraft:memory_module_type
[15:51:33] [Server thread/DEBUG] (FabricRegistrySync) Not saving empty registry data
[15:56:33] [Server thread/DEBUG] (FabricRegistrySync) Starting registry save
[15:56:33] [Server thread/DEBUG] (FabricRegistrySync) Not saving registry: minecraft:command_argument_type
[15:56:33] [Server thread/DEBUG] (FabricRegistrySync) Not saving registry: minecraft:item
[15:56:33] [Server thread/DEBUG] (FabricRegistrySync) Not saving registry: minecraft:block_entity_type
[15:56:33] [Server thread/DEBUG] (FabricRegistrySync) Not saving registry: minecraft:custom_stat
[15:56:33] [Server thread/DEBUG] (FabricRegistrySync) Not saving registry: minecraft:worldgen/foliage_placer_type
[15:56:33] [Server thread/DEBUG] (FabricRegistrySync) Not saving registry: minecraft:stat_type
[15:56:33] [Server thread/DEBUG] (FabricRegistrySync) Not saving registry: minecraft:worldgen/material_rule
[15:56:33] [Server thread/DEBUG] (FabricRegistrySync) Not saving registry: minecraft:worldgen/structure_type
[15:56:33] [Server thread/DEBUG] (FabricRegistrySync) Not saving registry: minecraft:attribute
[15:56:33] [Server thread/DEBUG] (FabricRegistrySync) Not saving registry: minecraft:position_source_type
[15:56:33] [Server thread/DEBUG] (FabricRegistrySync) Not saving registry: minecraft:height_provider_type
[15:56:33] [Server thread/DEBUG] (FabricRegistrySync) Not saving registry: minecraft:rule_block_entity_modifier
[15:56:33] [Server thread/DEBUG] (FabricRegistrySync) Not saving registry: minecraft:worldgen/density_function_type
[15:56:33] [Server thread/DEBUG] (FabricRegistrySync) Not saving registry: minecraft:fluid
[15:56:33] [Server thread/DEBUG] (FabricRegistrySync) Not saving registry: minecraft:loot_condition_type
[15:56:33] [Server thread/DEBUG] (FabricRegistrySync) Not saving registry: minecraft:worldgen/structure_pool_element
[15:56:33] [Server thread/DEBUG] (FabricRegistrySync) Not saving registry: minecraft:activity
[15:56:33] [Server thread/DEBUG] (FabricRegistrySync) Not saving registry: minecraft:recipe_serializer
[15:56:33] [Server thread/DEBUG] (FabricRegistrySync) Not saving registry: minecraft:frog_variant
[15:56:33] [Server thread/DEBUG] (FabricRegistrySync) Not saving registry: minecraft:banner_pattern
[15:56:33] [Server thread/DEBUG] (FabricRegistrySync) Not saving registry: minecraft:instrument
[15:56:33] [Server thread/DEBUG] (FabricRegistrySync) Not saving registry: minecraft:decorated_pot_patterns
[15:56:33] [Server thread/DEBUG] (FabricRegistrySync) Not saving registry: minecraft:worldgen/feature_size_type
[15:56:33] [Server thread/DEBUG] (FabricRegistrySync) Not saving registry: minecraft:point_of_interest_type
[15:56:33] [Server thread/DEBUG] (FabricRegistrySync) Skipping un-modded registry: minecraft:mob_effect
[15:56:33] [Server thread/DEBUG] (FabricRegistrySync) Not saving registry: minecraft:loot_pool_entry_type
[15:56:33] [Server thread/DEBUG] (FabricRegistrySync) Not saving registry: minecraft:worldgen/block_state_provider_type
[15:56:33] [Server thread/DEBUG] (FabricRegistrySync) Not saving registry: minecraft:worldgen/chunk_generator
[15:56:33] [Server thread/DEBUG] (FabricRegistrySync) Not saving registry: minecraft:float_provider_type
[15:56:33] [Server thread/DEBUG] (FabricRegistrySync) Not saving registry: minecraft:chunk_status
[15:56:33] [Server thread/DEBUG] (FabricRegistrySync) Not saving registry: minecraft:enchantment
[15:56:33] [Server thread/DEBUG] (FabricRegistrySync) Not saving registry: minecraft:loot_function_type
[15:56:33] [Server thread/DEBUG] (FabricRegistrySync) Not saving registry: minecraft:worldgen/structure_processor
[15:56:33] [Server thread/DEBUG] (FabricRegistrySync) Not saving registry: minecraft:loot_score_provider_type
[15:56:33] [Server thread/DEBUG] (FabricRegistrySync) Not saving registry: minecraft:worldgen/tree_decorator_type
[15:56:33] [Server thread/DEBUG] (FabricRegistrySync) Not saving registry: minecraft:schedule
[15:56:33] [Server thread/DEBUG] (FabricRegistrySync) Not saving registry: minecraft:worldgen/material_condition
[15:56:33] [Server thread/DEBUG] (FabricRegistrySync) Not saving registry: minecraft:entity_type
[15:56:33] [Server thread/DEBUG] (FabricRegistrySync) Not saving registry: minecraft:villager_profession
[15:56:33] [Server thread/DEBUG] (FabricRegistrySync) Not saving registry: minecraft:potion
[15:56:33] [Server thread/DEBUG] (FabricRegistrySync) Not saving registry: minecraft:recipe_type
[15:56:33] [Server thread/DEBUG] (FabricRegistrySync) Not saving registry: minecraft:int_provider_type
[15:56:33] [Server thread/DEBUG] (FabricRegistrySync) Not saving registry: minecraft:worldgen/feature
[15:56:33] [Server thread/DEBUG] (FabricRegistrySync) Not saving registry: minecraft:cat_variant
[15:56:33] [Server thread/DEBUG] (FabricRegistrySync) Not saving registry: minecraft:pos_rule_test
[15:56:33] [Server thread/DEBUG] (FabricRegistrySync) Not saving registry: minecraft:worldgen/structure_placement
[15:56:33] [Server thread/DEBUG] (FabricRegistrySync) Not saving registry: minecraft:loot_nbt_provider_type
[15:56:33] [Server thread/DEBUG] (FabricRegistrySync) Not saving registry: minecraft:menu
[15:56:33] [Server thread/DEBUG] (FabricRegistrySync) Not saving registry: minecraft:worldgen/trunk_placer_type
[15:56:33] [Server thread/DEBUG] (FabricRegistrySync) Not saving registry: minecraft:creative_mode_tab
[15:56:33] [Server thread/DEBUG] (FabricRegistrySync) Not saving registry: minecraft:worldgen/placement_modifier_type
[15:56:33] [Server thread/DEBUG] (FabricRegistrySync) Not saving registry: minecraft:worldgen/carver
[15:56:33] [Server thread/DEBUG] (FabricRegistrySync) Not saving registry: minecraft:loot_number_provider_type
[15:56:33] [Server thread/DEBUG] (FabricRegistrySync) Not saving registry: minecraft:worldgen/structure_piece
[15:56:33] [Server thread/DEBUG] (FabricRegistrySync) Not saving registry: minecraft:sound_event
[15:56:33] [Server thread/DEBUG] (FabricRegistrySync) Not saving registry: minecraft:particle_type
[15:56:33] [Server thread/DEBUG] (FabricRegistrySync) Not saving registry: minecraft:game_event
[15:56:33] [Server thread/DEBUG] (FabricRegistrySync) Not saving registry: minecraft:worldgen/biome_source
[15:56:33] [Server thread/DEBUG] (FabricRegistrySync) Not saving registry: minecraft:worldgen/root_placer_type
[15:56:33] [Server thread/DEBUG] (FabricRegistrySync) Not saving registry: minecraft:villager_type
[15:56:33] [Server thread/DEBUG] (FabricRegistrySync) Not saving registry: minecraft:painting_variant
[15:56:33] [Server thread/DEBUG] (FabricRegistrySync) Not saving registry: minecraft:block_predicate_type
[15:56:33] [Server thread/DEBUG] (FabricRegistrySync) Not saving registry: minecraft:block
[15:56:33] [Server thread/DEBUG] (FabricRegistrySync) Not saving registry: minecraft:sensor_type
[15:56:33] [Server thread/DEBUG] (FabricRegistrySync) Not saving registry: minecraft:rule_test
[15:56:33] [Server thread/DEBUG] (FabricRegistrySync) Not saving registry: minecraft:memory_module_type
[15:56:33] [Server thread/DEBUG] (FabricRegistrySync) Not saving empty registry data
[16:01:33] [Server thread/DEBUG] (FabricRegistrySync) Starting registry save
[16:01:33] [Server thread/DEBUG] (FabricRegistrySync) Not saving registry: minecraft:command_argument_type
[16:01:33] [Server thread/DEBUG] (FabricRegistrySync) Not saving registry: minecraft:item
[16:01:33] [Server thread/DEBUG] (FabricRegistrySync) Not saving registry: minecraft:block_entity_type
[16:01:33] [Server thread/DEBUG] (FabricRegistrySync) Not saving registry: minecraft:custom_stat
[16:01:33] [Server thread/DEBUG] (FabricRegistrySync) Not saving registry: minecraft:worldgen/foliage_placer_type
[16:01:33] [Server thread/DEBUG] (FabricRegistrySync) Not saving registry: minecraft:stat_type
[16:01:33] [Server thread/DEBUG] (FabricRegistrySync) Not saving registry: minecraft:worldgen/material_rule
[16:01:33] [Server thread/DEBUG] (FabricRegistrySync) Not saving registry: minecraft:worldgen/structure_type
[16:01:33] [Server thread/DEBUG] (FabricRegistrySync) Not saving registry: minecraft:attribute
[16:01:33] [Server thread/DEBUG] (FabricRegistrySync) Not saving registry: minecraft:position_source_type
[16:01:33] [Server thread/DEBUG] (FabricRegistrySync) Not saving registry: minecraft:height_provider_type
[16:01:33] [Server thread/DEBUG] (FabricRegistrySync) Not saving registry: minecraft:rule_block_entity_modifier
[16:01:33] [Server thread/DEBUG] (FabricRegistrySync) Not saving registry: minecraft:worldgen/density_function_type
[16:01:33] [Server thread/DEBUG] (FabricRegistrySync) Not saving registry: minecraft:fluid
[16:01:33] [Server thread/DEBUG] (FabricRegistrySync) Not saving registry: minecraft:loot_condition_type
[16:01:33] [Server thread/DEBUG] (FabricRegistrySync) Not saving registry: minecraft:worldgen/structure_pool_element
[16:01:33] [Server thread/DEBUG] (FabricRegistrySync) Not saving registry: minecraft:activity
[16:01:33] [Server thread/DEBUG] (FabricRegistrySync) Not saving registry: minecraft:recipe_serializer
[16:01:33] [Server thread/DEBUG] (FabricRegistrySync) Not saving registry: minecraft:frog_variant
[16:01:33] [Server thread/DEBUG] (FabricRegistrySync) Not saving registry: minecraft:banner_pattern
[16:01:33] [Server thread/DEBUG] (FabricRegistrySync) Not saving registry: minecraft:instrument
[16:01:33] [Server thread/DEBUG] (FabricRegistrySync) Not saving registry: minecraft:decorated_pot_patterns
[16:01:33] [Server thread/DEBUG] (FabricRegistrySync) Not saving registry: minecraft:worldgen/feature_size_type
[16:01:33] [Server thread/DEBUG] (FabricRegistrySync) Not saving registry: minecraft:point_of_interest_type
[16:01:33] [Server thread/DEBUG] (FabricRegistrySync) Skipping un-modded registry: minecraft:mob_effect
[16:01:33] [Server thread/DEBUG] (FabricRegistrySync) Not saving registry: minecraft:loot_pool_entry_type
[16:01:33] [Server thread/DEBUG] (FabricRegistrySync) Not saving registry: minecraft:worldgen/block_state_provider_type
[16:01:33] [Server thread/DEBUG] (FabricRegistrySync) Not saving registry: minecraft:worldgen/chunk_generator
[16:01:33] [Server thread/DEBUG] (FabricRegistrySync) Not saving registry: minecraft:float_provider_type
[16:01:33] [Server thread/DEBUG] (FabricRegistrySync) Not saving registry: minecraft:chunk_status
[16:01:33] [Server thread/DEBUG] (FabricRegistrySync) Not saving registry: minecraft:enchantment
[16:01:33] [Server thread/DEBUG] (FabricRegistrySync) Not saving registry: minecraft:loot_function_type
[16:01:33] [Server thread/DEBUG] (FabricRegistrySync) Not saving registry: minecraft:worldgen/structure_processor
[16:01:33] [Server thread/DEBUG] (FabricRegistrySync) Not saving registry: minecraft:loot_score_provider_type
[16:01:33] [Server thread/DEBUG] (FabricRegistrySync) Not saving registry: minecraft:worldgen/tree_decorator_type
[16:01:33] [Server thread/DEBUG] (FabricRegistrySync) Not saving registry: minecraft:schedule
[16:01:33] [Server thread/DEBUG] (FabricRegistrySync) Not saving registry: minecraft:worldgen/material_condition
[16:01:33] [Server thread/DEBUG] (FabricRegistrySync) Not saving registry: minecraft:entity_type
[16:01:33] [Server thread/DEBUG] (FabricRegistrySync) Not saving registry: minecraft:villager_profession
[16:01:33] [Server thread/DEBUG] (FabricRegistrySync) Not saving registry: minecraft:potion
[16:01:33] [Server thread/DEBUG] (FabricRegistrySync) Not saving registry: minecraft:recipe_type
[16:01:33] [Server thread/DEBUG] (FabricRegistrySync) Not saving registry: minecraft:int_provider_type
[16:01:33] [Server thread/DEBUG] (FabricRegistrySync) Not saving registry: minecraft:worldgen/feature
[16:01:33] [Server thread/DEBUG] (FabricRegistrySync) Not saving registry: minecraft:cat_variant
[16:01:33] [Server thread/DEBUG] (FabricRegistrySync) Not saving registry: minecraft:pos_rule_test
[16:01:33] [Server thread/DEBUG] (FabricRegistrySync) Not saving registry: minecraft:worldgen/structure_placement
[16:01:33] [Server thread/DEBUG] (FabricRegistrySync) Not saving registry: minecraft:loot_nbt_provider_type
[16:01:33] [Server thread/DEBUG] (FabricRegistrySync) Not saving registry: minecraft:menu
[16:01:33] [Server thread/DEBUG] (FabricRegistrySync) Not saving registry: minecraft:worldgen/trunk_placer_type
[16:01:33] [Server thread/DEBUG] (FabricRegistrySync) Not saving registry: minecraft:creative_mode_tab
[16:01:33] [Server thread/DEBUG] (FabricRegistrySync) Not saving registry: minecraft:worldgen/placement_modifier_type
[16:01:33] [Server thread/DEBUG] (FabricRegistrySync) Not saving registry: minecraft:worldgen/carver
[16:01:33] [Server thread/DEBUG] (FabricRegistrySync) Not saving registry: minecraft:loot_number_provider_type
[16:01:33] [Server thread/DEBUG] (FabricRegistrySync) Not saving registry: minecraft:worldgen/structure_piece
[16:01:33] [Server thread/DEBUG] (FabricRegistrySync) Not saving registry: minecraft:sound_event
[16:01:33] [Server thread/DEBUG] (FabricRegistrySync) Not saving registry: minecraft:particle_type
[16:01:33] [Server thread/DEBUG] (FabricRegistrySync) Not saving registry: minecraft:game_event
[16:01:33] [Server thread/DEBUG] (FabricRegistrySync) Not saving registry: minecraft:worldgen/biome_source
[16:01:33] [Server thread/DEBUG] (FabricRegistrySync) Not saving registry: minecraft:worldgen/root_placer_type
[16:01:33] [Server thread/DEBUG] (FabricRegistrySync) Not saving registry: minecraft:villager_type
[16:01:33] [Server thread/DEBUG] (FabricRegistrySync) Not saving registry: minecraft:painting_variant
[16:01:33] [Server thread/DEBUG] (FabricRegistrySync) Not saving registry: minecraft:block_predicate_type
[16:01:33] [Server thread/DEBUG] (FabricRegistrySync) Not saving registry: minecraft:block
[16:01:33] [Server thread/DEBUG] (FabricRegistrySync) Not saving registry: minecraft:sensor_type
[16:01:33] [Server thread/DEBUG] (FabricRegistrySync) Not saving registry: minecraft:rule_test
[16:01:33] [Server thread/DEBUG] (FabricRegistrySync) Not saving registry: minecraft:memory_module_type
[16:01:33] [Server thread/DEBUG] (FabricRegistrySync) Not saving empty registry data
[16:06:33] [Server thread/DEBUG] (FabricRegistrySync) Starting registry save
[16:06:33] [Server thread/DEBUG] (FabricRegistrySync) Not saving registry: minecraft:command_argument_type
[16:06:33] [Server thread/DEBUG] (FabricRegistrySync) Not saving registry: minecraft:item
[16:06:33] [Server thread/DEBUG] (FabricRegistrySync) Not saving registry: minecraft:block_entity_type
[16:06:33] [Server thread/DEBUG] (FabricRegistrySync) Not saving registry: minecraft:custom_stat
[16:06:33] [Server thread/DEBUG] (FabricRegistrySync) Not saving registry: minecraft:worldgen/foliage_placer_type
[16:06:33] [Server thread/DEBUG] (FabricRegistrySync) Not saving registry: minecraft:stat_type
[16:06:33] [Server thread/DEBUG] (FabricRegistrySync) Not saving registry: minecraft:worldgen/material_rule
[16:06:33] [Server thread/DEBUG] (FabricRegistrySync) Not saving registry: minecraft:worldgen/structure_type
[16:06:33] [Server thread/DEBUG] (FabricRegistrySync) Not saving registry: minecraft:attribute
[16:06:33] [Server thread/DEBUG] (FabricRegistrySync) Not saving registry: minecraft:position_source_type
[16:06:33] [Server thread/DEBUG] (FabricRegistrySync) Not saving registry: minecraft:height_provider_type
[16:06:33] [Server thread/DEBUG] (FabricRegistrySync) Not saving registry: minecraft:rule_block_entity_modifier
[16:06:33] [Server thread/DEBUG] (FabricRegistrySync) Not saving registry: minecraft:worldgen/density_function_type
[16:06:33] [Server thread/DEBUG] (FabricRegistrySync) Not saving registry: minecraft:fluid
[16:06:33] [Server thread/DEBUG] (FabricRegistrySync) Not saving registry: minecraft:loot_condition_type
[16:06:33] [Server thread/DEBUG] (FabricRegistrySync) Not saving registry: minecraft:worldgen/structure_pool_element
[16:06:33] [Server thread/DEBUG] (FabricRegistrySync) Not saving registry: minecraft:activity
[16:06:33] [Server thread/DEBUG] (FabricRegistrySync) Not saving registry: minecraft:recipe_serializer
[16:06:33] [Server thread/DEBUG] (FabricRegistrySync) Not saving registry: minecraft:frog_variant
[16:06:33] [Server thread/DEBUG] (FabricRegistrySync) Not saving registry: minecraft:banner_pattern
[16:06:33] [Server thread/DEBUG] (FabricRegistrySync) Not saving registry: minecraft:instrument
[16:06:33] [Server thread/DEBUG] (FabricRegistrySync) Not saving registry: minecraft:decorated_pot_patterns
[16:06:33] [Server thread/DEBUG] (FabricRegistrySync) Not saving registry: minecraft:worldgen/feature_size_type
[16:06:33] [Server thread/DEBUG] (FabricRegistrySync) Not saving registry: minecraft:point_of_interest_type
[16:06:33] [Server thread/DEBUG] (FabricRegistrySync) Skipping un-modded registry: minecraft:mob_effect
[16:06:33] [Server thread/DEBUG] (FabricRegistrySync) Not saving registry: minecraft:loot_pool_entry_type
[16:06:33] [Server thread/DEBUG] (FabricRegistrySync) Not saving registry: minecraft:worldgen/block_state_provider_type
[16:06:33] [Server thread/DEBUG] (FabricRegistrySync) Not saving registry: minecraft:worldgen/chunk_generator
[16:06:33] [Server thread/DEBUG] (FabricRegistrySync) Not saving registry: minecraft:float_provider_type
[16:06:33] [Server thread/DEBUG] (FabricRegistrySync) Not saving registry: minecraft:chunk_status
[16:06:33] [Server thread/DEBUG] (FabricRegistrySync) Not saving registry: minecraft:enchantment
[16:06:33] [Server thread/DEBUG] (FabricRegistrySync) Not saving registry: minecraft:loot_function_type
[16:06:33] [Server thread/DEBUG] (FabricRegistrySync) Not saving registry: minecraft:worldgen/structure_processor
[16:06:33] [Server thread/DEBUG] (FabricRegistrySync) Not saving registry: minecraft:loot_score_provider_type
[16:06:33] [Server thread/DEBUG] (FabricRegistrySync) Not saving registry: minecraft:worldgen/tree_decorator_type
[16:06:33] [Server thread/DEBUG] (FabricRegistrySync) Not saving registry: minecraft:schedule
[16:06:33] [Server thread/DEBUG] (FabricRegistrySync) Not saving registry: minecraft:worldgen/material_condition
[16:06:33] [Server thread/DEBUG] (FabricRegistrySync) Not saving registry: minecraft:entity_type
[16:06:33] [Server thread/DEBUG] (FabricRegistrySync) Not saving registry: minecraft:villager_profession
[16:06:33] [Server thread/DEBUG] (FabricRegistrySync) Not saving registry: minecraft:potion
[16:06:33] [Server thread/DEBUG] (FabricRegistrySync) Not saving registry: minecraft:recipe_type
[16:06:33] [Server thread/DEBUG] (FabricRegistrySync) Not saving registry: minecraft:int_provider_type
[16:06:33] [Server thread/DEBUG] (FabricRegistrySync) Not saving registry: minecraft:worldgen/feature
[16:06:33] [Server thread/DEBUG] (FabricRegistrySync) Not saving registry: minecraft:cat_variant
[16:06:33] [Server thread/DEBUG] (FabricRegistrySync) Not saving registry: minecraft:pos_rule_test
[16:06:33] [Server thread/DEBUG] (FabricRegistrySync) Not saving registry: minecraft:worldgen/structure_placement
[16:06:33] [Server thread/DEBUG] (FabricRegistrySync) Not saving registry: minecraft:loot_nbt_provider_type
[16:06:33] [Server thread/DEBUG] (FabricRegistrySync) Not saving registry: minecraft:menu
[16:06:33] [Server thread/DEBUG] (FabricRegistrySync) Not saving registry: minecraft:worldgen/trunk_placer_type
[16:06:33] [Server thread/DEBUG] (FabricRegistrySync) Not saving registry: minecraft:creative_mode_tab
[16:06:33] [Server thread/DEBUG] (FabricRegistrySync) Not saving registry: minecraft:worldgen/placement_modifier_type
[16:06:33] [Server thread/DEBUG] (FabricRegistrySync) Not saving registry: minecraft:worldgen/carver
[16:06:33] [Server thread/DEBUG] (FabricRegistrySync) Not saving registry: minecraft:loot_number_provider_type
[16:06:33] [Server thread/DEBUG] (FabricRegistrySync) Not saving registry: minecraft:worldgen/structure_piece
[16:06:33] [Server thread/DEBUG] (FabricRegistrySync) Not saving registry: minecraft:sound_event
[16:06:33] [Server thread/DEBUG] (FabricRegistrySync) Not saving registry: minecraft:particle_type
[16:06:33] [Server thread/DEBUG] (FabricRegistrySync) Not saving registry: minecraft:game_event
[16:06:33] [Server thread/DEBUG] (FabricRegistrySync) Not saving registry: minecraft:worldgen/biome_source
[16:06:33] [Server thread/DEBUG] (FabricRegistrySync) Not saving registry: minecraft:worldgen/root_placer_type
[16:06:33] [Server thread/DEBUG] (FabricRegistrySync) Not saving registry: minecraft:villager_type
[16:06:33] [Server thread/DEBUG] (FabricRegistrySync) Not saving registry: minecraft:painting_variant
[16:06:33] [Server thread/DEBUG] (FabricRegistrySync) Not saving registry: minecraft:block_predicate_type
[16:06:33] [Server thread/DEBUG] (FabricRegistrySync) Not saving registry: minecraft:block
[16:06:33] [Server thread/DEBUG] (FabricRegistrySync) Not saving registry: minecraft:sensor_type
[16:06:33] [Server thread/DEBUG] (FabricRegistrySync) Not saving registry: minecraft:rule_test
[16:06:33] [Server thread/DEBUG] (FabricRegistrySync) Not saving registry: minecraft:memory_module_type
[16:06:33] [Server thread/DEBUG] (FabricRegistrySync) Not saving empty registry data
[16:11:33] [Server thread/DEBUG] (FabricRegistrySync) Starting registry save
[16:11:33] [Server thread/DEBUG] (FabricRegistrySync) Not saving registry: minecraft:command_argument_type
[16:11:33] [Server thread/DEBUG] (FabricRegistrySync) Not saving registry: minecraft:item
[16:11:33] [Server thread/DEBUG] (FabricRegistrySync) Not saving registry: minecraft:block_entity_type
[16:11:33] [Server thread/DEBUG] (FabricRegistrySync) Not saving registry: minecraft:custom_stat
[16:11:33] [Server thread/DEBUG] (FabricRegistrySync) Not saving registry: minecraft:worldgen/foliage_placer_type
[16:11:33] [Server thread/DEBUG] (FabricRegistrySync) Not saving registry: minecraft:stat_type
[16:11:33] [Server thread/DEBUG] (FabricRegistrySync) Not saving registry: minecraft:worldgen/material_rule
[16:11:33] [Server thread/DEBUG] (FabricRegistrySync) Not saving registry: minecraft:worldgen/structure_type
[16:11:33] [Server thread/DEBUG] (FabricRegistrySync) Not saving registry: minecraft:attribute
[16:11:33] [Server thread/DEBUG] (FabricRegistrySync) Not saving registry: minecraft:position_source_type
[16:11:33] [Server thread/DEBUG] (FabricRegistrySync) Not saving registry: minecraft:height_provider_type
[16:11:33] [Server thread/DEBUG] (FabricRegistrySync) Not saving registry: minecraft:rule_block_entity_modifier
[16:11:33] [Server thread/DEBUG] (FabricRegistrySync) Not saving registry: minecraft:worldgen/density_function_type
[16:11:33] [Server thread/DEBUG] (FabricRegistrySync) Not saving registry: minecraft:fluid
[16:11:33] [Server thread/DEBUG] (FabricRegistrySync) Not saving registry: minecraft:loot_condition_type
[16:11:33] [Server thread/DEBUG] (FabricRegistrySync) Not saving registry: minecraft:worldgen/structure_pool_element
[16:11:33] [Server thread/DEBUG] (FabricRegistrySync) Not saving registry: minecraft:activity
[16:11:33] [Server thread/DEBUG] (FabricRegistrySync) Not saving registry: minecraft:recipe_serializer
[16:11:33] [Server thread/DEBUG] (FabricRegistrySync) Not saving registry: minecraft:frog_variant
[16:11:33] [Server thread/DEBUG] (FabricRegistrySync) Not saving registry: minecraft:banner_pattern
[16:11:33] [Server thread/DEBUG] (FabricRegistrySync) Not saving registry: minecraft:instrument
[16:11:33] [Server thread/DEBUG] (FabricRegistrySync) Not saving registry: minecraft:decorated_pot_patterns
[16:11:33] [Server thread/DEBUG] (FabricRegistrySync) Not saving registry: minecraft:worldgen/feature_size_type
[16:11:33] [Server thread/DEBUG] (FabricRegistrySync) Not saving registry: minecraft:point_of_interest_type
[16:11:33] [Server thread/DEBUG] (FabricRegistrySync) Skipping un-modded registry: minecraft:mob_effect
[16:11:33] [Server thread/DEBUG] (FabricRegistrySync) Not saving registry: minecraft:loot_pool_entry_type
[16:11:33] [Server thread/DEBUG] (FabricRegistrySync) Not saving registry: minecraft:worldgen/block_state_provider_type
[16:11:33] [Server thread/DEBUG] (FabricRegistrySync) Not saving registry: minecraft:worldgen/chunk_generator
[16:11:33] [Server thread/DEBUG] (FabricRegistrySync) Not saving registry: minecraft:float_provider_type
[16:11:33] [Server thread/DEBUG] (FabricRegistrySync) Not saving registry: minecraft:chunk_status
[16:11:33] [Server thread/DEBUG] (FabricRegistrySync) Not saving registry: minecraft:enchantment
[16:11:33] [Server thread/DEBUG] (FabricRegistrySync) Not saving registry: minecraft:loot_function_type
[16:11:33] [Server thread/DEBUG] (FabricRegistrySync) Not saving registry: minecraft:worldgen/structure_processor
[16:11:33] [Server thread/DEBUG] (FabricRegistrySync) Not saving registry: minecraft:loot_score_provider_type
[16:11:33] [Server thread/DEBUG] (FabricRegistrySync) Not saving registry: minecraft:worldgen/tree_decorator_type
[16:11:33] [Server thread/DEBUG] (FabricRegistrySync) Not saving registry: minecraft:schedule
[16:11:33] [Server thread/DEBUG] (FabricRegistrySync) Not saving registry: minecraft:worldgen/material_condition
[16:11:33] [Server thread/DEBUG] (FabricRegistrySync) Not saving registry: minecraft:entity_type
[16:11:33] [Server thread/DEBUG] (FabricRegistrySync) Not saving registry: minecraft:villager_profession
[16:11:33] [Server thread/DEBUG] (FabricRegistrySync) Not saving registry: minecraft:potion
[16:11:33] [Server thread/DEBUG] (FabricRegistrySync) Not saving registry: minecraft:recipe_type
[16:11:33] [Server thread/DEBUG] (FabricRegistrySync) Not saving registry: minecraft:int_provider_type
[16:11:33] [Server thread/DEBUG] (FabricRegistrySync) Not saving registry: minecraft:worldgen/feature
[16:11:33] [Server thread/DEBUG] (FabricRegistrySync) Not saving registry: minecraft:cat_variant
[16:11:33] [Server thread/DEBUG] (FabricRegistrySync) Not saving registry: minecraft:pos_rule_test
[16:11:33] [Server thread/DEBUG] (FabricRegistrySync) Not saving registry: minecraft:worldgen/structure_placement
[16:11:33] [Server thread/DEBUG] (FabricRegistrySync) Not saving registry: minecraft:loot_nbt_provider_type
[16:11:33] [Server thread/DEBUG] (FabricRegistrySync) Not saving registry: minecraft:menu
[16:11:33] [Server thread/DEBUG] (FabricRegistrySync) Not saving registry: minecraft:worldgen/trunk_placer_type
[16:11:33] [Server thread/DEBUG] (FabricRegistrySync) Not saving registry: minecraft:creative_mode_tab
[16:11:33] [Server thread/DEBUG] (FabricRegistrySync) Not saving registry: minecraft:worldgen/placement_modifier_type
[16:11:33] [Server thread/DEBUG] (FabricRegistrySync) Not saving registry: minecraft:worldgen/carver
[16:11:33] [Server thread/DEBUG] (FabricRegistrySync) Not saving registry: minecraft:loot_number_provider_type
[16:11:33] [Server thread/DEBUG] (FabricRegistrySync) Not saving registry: minecraft:worldgen/structure_piece
[16:11:33] [Server thread/DEBUG] (FabricRegistrySync) Not saving registry: minecraft:sound_event
[16:11:33] [Server thread/DEBUG] (FabricRegistrySync) Not saving registry: minecraft:particle_type
[16:11:33] [Server thread/DEBUG] (FabricRegistrySync) Not saving registry: minecraft:game_event
[16:11:33] [Server thread/DEBUG] (FabricRegistrySync) Not saving registry: minecraft:worldgen/biome_source
[16:11:33] [Server thread/DEBUG] (FabricRegistrySync) Not saving registry: minecraft:worldgen/root_placer_type
[16:11:33] [Server thread/DEBUG] (FabricRegistrySync) Not saving registry: minecraft:villager_type
[16:11:33] [Server thread/DEBUG] (FabricRegistrySync) Not saving registry: minecraft:painting_variant
[16:11:33] [Server thread/DEBUG] (FabricRegistrySync) Not saving registry: minecraft:block_predicate_type
[16:11:33] [Server thread/DEBUG] (FabricRegistrySync) Not saving registry: minecraft:block
[16:11:33] [Server thread/DEBUG] (FabricRegistrySync) Not saving registry: minecraft:sensor_type
[16:11:33] [Server thread/DEBUG] (FabricRegistrySync) Not saving registry: minecraft:rule_test
[16:11:33] [Server thread/DEBUG] (FabricRegistrySync) Not saving registry: minecraft:memory_module_type
[16:11:33] [Server thread/DEBUG] (FabricRegistrySync) Not saving empty registry data
